tree
version=v4
num_class=1
num_tree_per_iteration=1
label_index=0
max_feature_idx=17
objective=regression
feature_names=Column_0 Column_1 Column_2 Column_3 Column_4 Column_5 Column_6 Column_7 Column_8 Column_9 Column_10 Column_11 Column_12 Column_13 Column_14 Column_15 Column_16 Column_17
feature_infos=[1566:3831] [0:1593] [425:25604] [12:17] [7:43] [0:1] [0:28.243587405860275] [0:10020] [36:73] [7:15] [-44.895833333333336:40.75] [44:77] [-25.891666666666666:27.483333333333331] [-2:15.720833333333333] [19:25] [0:32.281557490199503] [78:181] [47:74]
tree_sizes=733 786 770 917 660 800 801 783 801 779 766 911 786 924 927 688 662 672 781 771 897 651 790 805 921 790 910 667 774 791 650 776 776 780 787 789 672 787 793 789 791 795 753 795 793 799 687 779 663 800 676 803 908 797 886 775 809 788 783 803 906 776 821 807 803 818 790 913 927 912 788 804 792 758 882 791 805 778 781 919 797 878 903 926 902 802 785 926 777 782 779 796 764 783 904 782 763 776 779 909 917 783 783 903 908 783 786 812 781 791 768 816 906 785 808 813 804 783 935 655 924 913 799 791 826 791 795 793 923 923 924 917 809 810 801 789 781 920 913 905 801 786 783 803 803 820 916 918 786 781 797 932 800 802 800 801 914 898 907 786 789 808 803 908 807 943 926 924 675 802 912 677 801 675 911 783 803 912 897 821 800 790 788 799 882 810 929 805 881 934 804 889 784 783 901 910 918 922 662 808 805 932 935 785 824 919 918 937 933 812 916 806 805 678 808 823 694 791 801 804 770 793 797 805 910 932 800 802 800 933 806 811 804 786 772 914 819 917 823 919 785 803 771 935 805 804 807 919 921 917 678 677 822 911 805 939 694 820 916 821 805 806 806 808 941 792 786 806 807 806 921 790 789 791 905 919 773 917 938 678 800 931 859 934 803 915 800 913 681 932 709 678 899 784 811 915 825 806 804 773

Tree=0
num_leaves=7
num_cat=0
split_feature=0 8 2 11 8 0
split_gain=6689.92 2829.44 1581.51 1083.83 444.708 318.045
threshold=2755.5000000000005 46.500000000000007 9870.5000000000018 53.500000000000007 51.500000000000007 1945.5000000000002
decision_type=2 2 2 2 2 2
left_child=1 -1 4 -2 -3 -6
right_child=3 2 -4 -5 5 -7
leaf_value=70.316606366345312 70.274272814615884 71.431894126139895 70.603900409512249 69.627345324170477 71.23707995785081 70.924990876765634
leaf_weight=19 13.000000000000002 12.999999999999998 17 13.999999999999998 17 17
leaf_count=19 13 13 17 14 17 17
internal_value=70.6364 70.8633 71.0256 69.9388 71.1781 71.081
internal_weight=110 83 64 27 47 34
internal_count=110 83 64 27 47 34
is_linear=0
shrinkage=1


Tree=1
num_leaves=7
num_cat=0
split_feature=1 7 11 8 12 1
split_gain=6778.6 3483.54 3400.08 674.852 341.855 244.539
threshold=978.50000000000011 4440.0000000000009 48.500000000000007 57.500000000000007 4.9416666666666673 503.50000000000006
decision_type=2 2 2 2 2 2
left_child=1 2 -1 5 -3 -4
right_child=-2 4 3 -5 -6 -7
leaf_value=-0.8236865704907298 -0.84953962504653291 0.78194831227458361 0.16356623864809958 0.41003729585007131 0.45645029202923432 -0.14540666991547471
leaf_weight=11.999999999999998 20 13.999999999999998 12.000000000000002 15.999999999999998 21 14.999999999999998
leaf_count=12 20 14 12 16 21 15
internal_value=0 0.188792 -0.0644032 0.1475 0.586663 -0.00808429
internal_weight=110 90 55 43 35 27
internal_count=110 90 55 43 35 27
is_linear=0
shrinkage=0.0510168


Tree=2
num_leaves=7
num_cat=0
split_feature=1 0 10 3 0 16
split_gain=6104.62 2684.54 1261.53 1559.7 748.705 129.915
threshold=978.50000000000011 2082.0000000000005 10.677083333333332 14.500000000000002 2370.5000000000005 123.50000000000001
decision_type=2 2 2 2 2 2
left_child=1 5 3 4 -3 -1
right_child=-2 2 -4 -5 -6 -7
leaf_value=0.6218764232683105 -0.80620044011382141 -0.4475420503689006 -0.49759967980932274 0.47654688860639344 0.085530323452565005 0.41138534502632601
leaf_weight=21 20 12.000000000000002 11.999999999999998 17 15.999999999999998 11.999999999999998
leaf_count=21 20 12 12 17 16 12
internal_value=0 0.179161 -0.032845 0.0910954 -0.142935 0.545345
internal_weight=110 90 57 45 28 33
internal_count=110 90 57 45 28 33
is_linear=0
shrinkage=0.0510168


Tree=3
num_leaves=8
num_cat=0
split_feature=3 3 13 2 12 17 10
split_gain=4812.92 1639.39 1270.35 1208.89 313.435 259.275 76.3439
threshold=14.500000000000002 13.500000000000002 9.2743055555555571 9870.5000000000018 8.4312500000000004 62.500000000000007 -5.3020833333333321
decision_type=2 2 2 2 2 2 2
left_child=1 -1 -3 5 -4 6 -2
right_child=3 2 4 -5 -6 -7 -8
leaf_value=0.1391885756871756 0.66442554591179614 -0.87407735511084117 -0.12049942560077155 -0.092448719739796459 -0.47582275922056927 0.30891454480577796 0.48896035020654682
leaf_weight=13.999999999999998 11.999999999999998 14.999999999999998 14.000000000000002 12.999999999999998 11.999999999999998 15.999999999999998 14.000000000000002
leaf_count=14 12 15 14 13 12 16 14
internal_value=0 -0.337457 -0.500213 0.337457 -0.284504 0.470522 0.569961
internal_weight=110 55 41 55 26 42 26
internal_count=110 55 41 55 26 42 26
is_linear=0
shrinkage=0.0510168


Tree=4
num_leaves=6
num_cat=0
split_feature=1 8 10 16 0
split_gain=5205.26 2462.35 1536.96 401.374 325.958
threshold=978.50000000000011 46.500000000000007 13.079660087719299 121.50000000000001 2370.5000000000005
decision_type=2 2 2 2 2
left_child=1 -1 3 -3 -5
right_child=-2 2 -4 4 -6
leaf_value=-0.31826015935814922 -0.74444904326214623 0.58772941654499289 -0.21210399294604187 0.42843084873796944 0.097879092237230236
leaf_weight=21 20 23 11.999999999999998 22 11.999999999999998
leaf_count=21 20 23 12 22 12
internal_value=0 0.165438 0.312652 0.423129 0.31177
internal_weight=110 90 69 57 34
internal_count=110 90 69 57 34
is_linear=0
shrinkage=0.0510168


Tree=5
num_leaves=7
num_cat=0
split_feature=0 0 13 6 17 13
split_gain=4388.07 1877.71 1362.61 1221.97 600.179 98.9859
threshold=2755.5000000000005 2082.0000000000005 12.111805555555557 13.12041281803076 54.500000000000007 10.081944444444447
decision_type=2 2 2 2 2 2
left_child=1 5 3 -3 -2 -1
right_child=4 2 -4 -5 -6 -7
leaf_value=0.36552834508336279 -0.31530291105512626 -0.57983746042352691 0.39345355809420374 0.044019006891741576 -0.79671990484647759 0.5492651609008985
leaf_weight=11.999999999999998 13.000000000000002 12.999999999999998 14.999999999999998 22 13.999999999999998 21
leaf_count=12 13 13 15 22 14 21
internal_value=-5.65334e-09 0.183779 -0.0133548 -0.187706 -0.564942 0.482462
internal_weight=110 83 50 35 27 33
internal_count=110 83 50 35 27 33
is_linear=0
shrinkage=0.0510168


Tree=6
num_leaves=7
num_cat=0
split_feature=4 6 7 17 15 6
split_gain=2839.67 2363.3 1668.74 713.426 555.17 253.745
threshold=29.500000000000004 15.703964017333062 4290.0000000000009 64.500000000000014 19.605549752746573 16.528265317278613
decision_type=2 2 2 2 2 2
left_child=1 2 4 5 -1 -2
right_child=3 -3 -4 -5 -6 -7
leaf_value=0.025256398866807264 0.56648784675221842 -0.65851846471608255 0.51207780579068374 0.00023320682731902483 -0.39343317764272151 0.26680247524647954
leaf_weight=15.999999999999998 19.000000000000004 21 11.999999999999998 12.999999999999998 17 11.999999999999998
leaf_count=16 19 21 12 13 17 12
internal_value=-1.09774e-07 -0.211643 -0.00309334 0.317462 -0.190436 0.45049
internal_weight=110 66 45 44 33 31
internal_count=110 66 45 44 33 31
is_linear=0
shrinkage=0.0510168


Tree=7
num_leaves=7
num_cat=0
split_feature=1 7 11 8 2 0
split_gain=4021.4 2317.6 2528.97 368.535 332.418 271.656
threshold=978.50000000000011 4440.0000000000009 48.500000000000007 57.500000000000007 9870.5000000000018 2094.0000000000005
decision_type=2 2 2 2 2 2
left_child=1 2 -1 4 -4 -3
right_child=-2 5 3 -5 -6 -7
leaf_value=-0.71594281824753858 -0.65433820310860502 0.58599193546791384 0.17916239697516326 0.3156560853355162 -0.17909052889627944 0.2958401135775689
leaf_weight=11.999999999999998 20 21 14.000000000000002 15.999999999999998 12.999999999999998 13.999999999999998
leaf_count=12 20 21 14 16 13 14
internal_value=0 0.145413 -0.0611083 0.121645 0.00666969 0.46994
internal_weight=110 90 55 43 27 35
internal_count=110 90 55 43 27 35
is_linear=0
shrinkage=0.0510168


Tree=8
num_leaves=7
num_cat=0
split_feature=1 7 11 13 16 16
split_gain=3621.56 2087.17 2277.53 567.456 580.916 358.361
threshold=978.50000000000011 4440.0000000000009 48.500000000000007 11.752693749034153 127.50000000000001 121.50000000000001
decision_type=2 2 2 2 2 2
left_child=1 2 -1 4 -4 -3
right_child=-2 5 3 -5 -6 -7
leaf_value=-0.6794199689122663 -0.62095723151522164 0.58734037956188723 -0.22795242815947589 0.41330321966390343 0.21395831307144547 0.25744725591171103
leaf_weight=11.999999999999998 20 20 15.000000000000002 11.999999999999998 15.999999999999998 14.999999999999998
leaf_count=12 20 20 15 12 16 15
internal_value=-2.96896e-08 0.137994 -0.057991 0.115439 0.000129875 0.445966
internal_weight=110 90 55 43 31 35
internal_count=110 90 55 43 31 35
is_linear=0
shrinkage=0.0510168


Tree=9
num_leaves=7
num_cat=0
split_feature=0 7 8 10 10 7
split_gain=3002.46 2116.05 1668.54 965.147 491.632 217.808
threshold=2755.5000000000005 4440.0000000000009 46.500000000000007 3.0312500000000004 11.875000000000002 5790.0000000000009
decision_type=2 2 2 2 2 2
left_child=1 2 -1 -2 -4 -3
right_child=3 5 4 -5 -6 -7
leaf_value=-0.58890528674972509 -0.1944766198165947 0.58464163222345 0.24745392208043107 -0.80832014568423716 -0.14504585740138459 0.3299732052175946
leaf_weight=11.999999999999998 15.000000000000002 17 23 11.999999999999998 12.999999999999998 18
leaf_count=12 15 17 23 12 13 18
internal_value=-3.51354e-08 0.152019 -0.0679443 -0.467311 0.105718 0.453679
internal_weight=110 83 48 27 36 35
internal_count=110 83 48 27 36 35
is_linear=0
shrinkage=0.0510168


Tree=10
num_leaves=7
num_cat=0
split_feature=1 7 8 13 15 7
split_gain=3003.14 1690.97 1889.77 437.06 570.981 207.683
threshold=978.50000000000011 4440.0000000000009 46.500000000000007 11.752693749034153 19.605549752746573 5790.0000000000009
decision_type=2 2 2 2 2 2
left_child=1 2 -1 4 -4 -3
right_child=-2 5 3 -5 -6 -7
leaf_value=-0.56248667636710792 -0.56545968252035406 0.53074607172045829 0.2862802792346294 0.38293272780018606 -0.17333673716764236 0.28207306226957124
leaf_weight=13.999999999999998 20 17 12.000000000000002 11.999999999999998 17 18
leaf_count=14 20 17 12 12 17 18
internal_value=-2.28345e-07 0.125661 -0.0507452 0.124003 0.0168517 0.402866
internal_weight=110 90 55 41 29 35
internal_count=110 90 55 41 29 35
is_linear=0
shrinkage=0.0510168


Tree=11
num_leaves=8
num_cat=0
split_feature=0 7 8 13 4 15 16
split_gain=2468.79 1758.15 1343.76 504.967 491.875 241.684 189.478
threshold=2755.5000000000005 4440.0000000000009 46.500000000000007 11.752693749034153 20.500000000000004 19.76386813791753 119.50000000000001
decision_type=2 2 2 2 2 2 2
left_child=1 2 -1 5 -2 -4 -3
right_child=4 6 3 -5 -6 -7 -8
leaf_value=-0.5301685857275481 -0.19776207631065598 0.52174831254257159 0.11997642682772623 0.36339793191650865 -0.63357319646118926 -0.20380239710149967 0.28344054303892996
leaf_weight=11.999999999999998 13.000000000000002 19 12.000000000000002 11.999999999999998 13.999999999999998 11.999999999999998 15.999999999999998
leaf_count=12 13 19 12 12 14 12 16
internal_value=-1.46735e-07 0.137848 -0.0626518 0.0931944 -0.42375 -0.0419138 0.412816
internal_weight=110 83 48 36 27 24 35
internal_count=110 83 48 36 27 24 35
is_linear=0
shrinkage=0.0510168


Tree=12
num_leaves=7
num_cat=0
split_feature=0 7 11 10 10 7
split_gain=2223.33 1583.34 1246.76 799.135 252.544 180.12
threshold=2755.5000000000005 4440.0000000000009 51.500000000000007 3.0312500000000004 11.875000000000002 5790.0000000000009
decision_type=2 2 2 2 2 2
left_child=1 2 -1 -2 -4 -3
right_child=3 5 4 -5 -6 -7
leaf_value=-0.41055394147125435 -0.15387066955970904 0.51084955339144078 0.24880510260780012 -0.71243057696277612 -0.050136812924034782 0.27926286162455655
leaf_weight=17 15.000000000000002 17 19.000000000000004 11.999999999999998 11.999999999999998 18
leaf_count=17 15 17 19 12 12 18
internal_value=-2.25791e-07 0.130816 -0.0594557 -0.402132 0.133087 0.391756
internal_weight=110 83 48 27 31 35
internal_count=110 83 48 27 31 35
is_linear=0
shrinkage=0.0510168


Tree=13
num_leaves=8
num_cat=0
split_feature=3 15 11 7 7 15 9
split_gain=1966.58 1851.23 573.819 472.838 444.704 387.575 107.424
threshold=14.500000000000002 19.605549752746573 48.500000000000007 4440.0000000000009 1320.0000000000002 21.120527562107629 10.500000000000002
decision_type=2 2 2 2 2 2 2
left_child=1 2 -1 5 -3 -2 -5
right_child=3 4 -4 6 -6 -7 -8
leaf_value=-0.16198955237043416 -0.095559845006930058 -0.27429816092565035 0.3187621071528991 0.2624062844758257 -0.67603342477243189 0.2879778003325143 0.46610149346468727
leaf_weight=12.000000000000002 16.000000000000004 13.000000000000002 13.999999999999998 13.000000000000002 15.999999999999998 11.999999999999998 13.999999999999998
leaf_count=12 16 13 14 13 16 12 14
internal_value=-3.11891e-07 -0.21571 0.096878 0.215709 -0.495957 0.0688163 0.368036
internal_weight=110 55 26 55 29 28 27
internal_count=110 55 26 55 29 28 27
is_linear=0
shrinkage=0.0510168


Tree=14
num_leaves=8
num_cat=0
split_feature=3 15 14 11 7 15 7
split_gain=1771.05 1667.17 1790.27 516.767 425.826 349.041 100.867
threshold=14.500000000000002 19.605549752746573 21.500000000000004 48.500000000000007 4440.0000000000009 21.120527562107629 5790.0000000000009
decision_type=2 2 2 2 2 2 2
left_child=1 3 -3 -1 5 -2 -6
right_child=4 2 -4 -5 6 -7 -8
leaf_value=-0.15372587546561164 -0.090684910289348566 -0.13386833796877134 -0.9477341502116966 0.30250074902466911 0.44428570489826286 0.27328700136810918 0.24690704660164459
leaf_weight=12.000000000000002 16.000000000000004 17.000000000000004 11.999999999999998 13.999999999999998 14.000000000000002 11.999999999999998 12.999999999999998
leaf_count=12 16 17 12 14 14 12 13
internal_value=-2.499e-07 -0.204706 -0.470656 0.0919358 0.204705 0.0653057 0.349261
internal_weight=110 55 29 26 55 28 27
internal_count=110 55 29 26 55 28 27
is_linear=0
shrinkage=0.0510168


Tree=15
num_leaves=6
num_cat=0
split_feature=1 8 15 13 0
split_gain=2083.55 1184.75 400.115 826.669 150.827
threshold=978.50000000000011 46.500000000000007 19.605549752746573 10.853663141993961 2068.5000000000005
decision_type=2 2 2 2 2
left_child=1 -1 4 -4 -3
right_child=-2 2 3 -5 -6
leaf_value=-0.23084734274833385 -0.47099495419701237 0.24065927902090639 -0.18319782303405358 0.29873985559208499 0.4668034237487943
leaf_weight=21 20 17.000000000000004 15.999999999999998 22 13.999999999999998
leaf_count=21 20 17 16 22 14
internal_value=-2.49596e-07 0.104668 0.206783 0.0958188 0.342798
internal_weight=110 90 69 38 31
internal_count=110 90 69 38 31
is_linear=0
shrinkage=0.0510168


Tree=16
num_leaves=6
num_cat=0
split_feature=1 7 5 16 16
split_gain=1876.39 995.358 649.127 966.687 265.476
threshold=978.50000000000011 4440.0000000000009 1.0000000180025095e-35 127.50000000000001 119.50000000000001
decision_type=2 2 2 2 2
left_child=1 2 3 -1 -3
right_child=-2 4 -4 -5 -6
leaf_value=-0.3973446849824791 -0.44696720436110998 0.44094079684942039 0.22601717744269928 0.11798977237661099 0.15888313517121411
leaf_weight=20 20 19 17 18 15.999999999999998
leaf_count=20 20 19 17 18 16
internal_value=-1.95303e-07 0.0993285 -0.0360141 -0.153241 0.312006
internal_weight=110 90 55 38 35
internal_count=110 90 55 38 35
is_linear=0
shrinkage=0.0510168


Tree=17
num_leaves=6
num_cat=0
split_feature=1 8 10 12 8
split_gain=1689.83 1045.57 801.96 265.466 196.293
threshold=978.50000000000011 46.500000000000007 13.079660087719299 8.4312500000000004 51.500000000000007
decision_type=2 2 2 2 2
left_child=1 -1 3 4 -3
right_child=-2 2 -4 -5 -6
leaf_value=-0.22093106802746135 -0.42416522208949858 0.49679205889307471 -0.18886291282893236 0.13111818304053999 0.25263358568130406
leaf_weight=21 20 14.999999999999998 11.999999999999998 22 20
leaf_count=21 20 15 12 22 20
internal_value=-1.36947e-07 0.0942613 0.190191 0.269993 0.357281
internal_weight=110 90 69 57 35
internal_count=110 90 69 57 35
is_linear=0
shrinkage=0.0510168


Tree=18
num_leaves=7
num_cat=0
split_feature=1 11 10 12 14 1
split_gain=1521.81 857.612 680.28 288.157 207.926 15.1691
threshold=978.50000000000011 48.500000000000007 13.079660087719299 8.4312500000000004 21.500000000000004 394.50000000000006
decision_type=2 2 2 2 2 2
left_child=1 -1 3 4 -3 -6
right_child=-2 2 -4 -5 5 -7
leaf_value=-0.21497281958206357 -0.40252648431020077 0.50564955216566054 -0.17922831401800399 0.10107817420845412 0.28612073984659914 0.2049549881340115
leaf_weight=19 20 11.999999999999998 11.999999999999998 23 12.000000000000002 11.999999999999998
leaf_count=19 20 12 12 23 12 12
internal_value=-1.07666e-07 0.0894526 0.17092 0.242138 0.332256 0.245546
internal_weight=110 90 71 59 36 24
internal_count=110 90 71 59 36 24
is_linear=0
shrinkage=0.0510168


Tree=19
num_leaves=7
num_cat=0
split_feature=1 8 10 6 14 4
split_gain=1370.5 861.473 653.026 244.324 486.752 205.516
threshold=978.50000000000011 46.500000000000007 13.079660087719299 16.528265317278613 21.500000000000004 38.500000000000007
decision_type=2 2 2 2 2 2
left_child=1 -1 3 4 -3 -6
right_child=-2 2 -4 -5 5 -7
leaf_value=-0.20121181270005611 -0.38199163387751373 0.54819033514173432 -0.17008522978378793 0.039435000747812678 0.074116381664781142 0.34031716681369001
leaf_weight=21 20 13.999999999999998 11.999999999999998 11.999999999999998 18 13.000000000000002
leaf_count=21 20 14 12 12 18 13
internal_value=0 0.0848893 0.171965 0.243977 0.29852 0.185755
internal_weight=110 90 69 57 45 31
internal_count=110 90 69 57 45 31
is_linear=0
shrinkage=0.0510168


Tree=20
num_leaves=8
num_cat=0
split_feature=0 10 8 8 8 0 8
split_gain=1290.86 1162.38 643.27 254.47 435.841 216.163 128.145
threshold=2082.0000000000005 3.0312500000000004 46.500000000000007 57.500000000000007 50.500000000000007 2755.5000000000005 52.500000000000007
decision_type=2 2 2 2 2 2 2
left_child=6 2 -2 4 -4 -3 -1
right_child=1 5 3 -5 -6 -7 -8
leaf_value=0.38407231334454328 -0.27258323309115473 -0.25612475825397457 0.25844167084047021 0.31501441055903162 -0.16791364570620831 -0.55641890712864495 0.18064612663239621
leaf_weight=13.999999999999998 13.999999999999998 13.000000000000002 12.000000000000002 12.999999999999998 12.999999999999998 11.999999999999998 19
leaf_count=14 14 13 12 13 13 12 19
internal_value=0 -0.114411 0.0230291 0.131942 0.0367381 -0.400278 0.266955
internal_weight=110 77 52 38 25 25 33
internal_count=110 77 52 38 25 25 33
is_linear=0
shrinkage=0.0510168


Tree=21
num_leaves=6
num_cat=0
split_feature=3 6 14 2 10
split_gain=1114.23 1029.01 431.078 396.687 127.792
threshold=14.500000000000002 15.703964017333062 21.500000000000004 9870.5000000000018 -5.3020833333333321
decision_type=2 2 2 2 2
left_child=1 2 -1 4 -2
right_child=3 -3 -4 -5 -6
leaf_value=0.17448131755011723 0.32344164227802119 -0.46610982872842727 -0.17858845709296778 -0.083896284500948035 0.14525048390932532
leaf_weight=18 22 19 18 12.999999999999998 20
leaf_count=18 22 19 18 13 20
internal_value=0 -0.162368 -0.00205333 0.162368 0.238593
internal_weight=110 55 36 55 42
internal_count=110 55 36 55 42
is_linear=0
shrinkage=0.0510168


Tree=22
num_leaves=7
num_cat=0
split_feature=1 16 6 17 8 12
split_gain=1064.24 818.976 805.398 601.119 368.58 50.2407
threshold=503.50000000000006 127.50000000000001 18.063020347800673 50.500000000000007 51.500000000000007 1.6541666666666661
decision_type=2 2 2 2 2 2
left_child=3 -2 -3 -1 -5 -6
right_child=1 2 -4 4 5 -7
leaf_value=-0.075199033552456565 -0.47480453212869894 0.26458089434980031 -0.23992775301801822 0.47292629158549138 0.070694511564071985 0.21546045405121383
leaf_weight=21 15.999999999999998 13.999999999999998 20 13.999999999999998 12.000000000000002 12.999999999999998
leaf_count=21 16 14 20 14 12 13
internal_value=0 -0.17383 -0.0321874 0.144859 0.263351 0.145977
internal_weight=110 50 34 60 39 25
internal_count=110 50 34 60 39 25
is_linear=0
shrinkage=0.0510168


Tree=23
num_leaves=7
num_cat=0
split_feature=0 13 8 15 10 11
split_gain=1014.8 1190.46 1133.39 1017.69 584.036 131.931
threshold=2082.0000000000005 12.111805555555557 46.500000000000007 19.605549752746573 -4.140076754385964 55.500000000000007
decision_type=2 2 2 2 2 2
left_child=5 2 -2 -4 -5 -1
right_child=1 -3 3 4 -6 -7
leaf_value=0.37163617184722542 -0.648532338022619 0.29022828676562179 0.2546830037920475 0.018963876459830935 -0.41613320277458421 0.15957493192210587
leaf_weight=11.999999999999998 11.999999999999998 15.999999999999998 14.999999999999998 12.999999999999991 21.000000000000007 21
leaf_count=12 12 16 15 13 21 21
internal_value=0 -0.101442 -0.204177 -0.0953477 -0.249775 0.236695
internal_weight=110 77 61 49 34 33
internal_count=110 77 61 49 34 33
is_linear=0
shrinkage=0.0510168


Tree=24
num_leaves=8
num_cat=0
split_feature=0 10 10 14 14 7 10
split_gain=914.877 1408.67 578.627 507.272 323.392 405.762 151.686
threshold=2435.0000000000005 -9.5833333333333321 -13.55208333333333 21.500000000000004 22.500000000000004 4440.0000000000009 1.0000000180025095e-35
decision_type=2 2 2 2 2 2 2
left_child=2 -2 -1 -3 5 -4 -6
right_child=1 3 4 -5 6 -7 -8
leaf_value=-0.17663819333616182 0.23062163809389999 -0.20805195824530959 -0.14052926680553013 -0.64685549816297994 0.2092755148378358 0.27085149828655375 0.44619374583529153
leaf_weight=13.999999999999998 13.999999999999998 16.000000000000004 13.000000000000002 11.999999999999998 17.000000000000004 11.999999999999998 11.999999999999998
leaf_count=14 14 16 13 12 17 12 12
internal_value=0 -0.187207 0.115629 -0.396123 0.191404 0.0569352 0.30732
internal_weight=110 42 68 28 54 25 29
internal_count=110 42 68 28 54 25 29
is_linear=0
shrinkage=0.0510168


Tree=25
num_leaves=7
num_cat=0
split_feature=1 8 13 12 12 8
split_gain=839.96 576.165 242.055 248.004 273.459 112.804
threshold=978.50000000000011 46.500000000000007 12.25902777777778 -2.5958333333333328 8.4312500000000004 51.500000000000007
decision_type=2 2 2 2 2 2
left_child=1 -1 3 -3 5 -5
right_child=-2 2 -4 4 -6 -7
leaf_value=-0.16751906956232712 -0.2990493090161841 -0.095929851575053737 0.32705639342419579 0.36421861880387202 -0.030209937457573558 0.15435076282344801
leaf_weight=21 20 13.999999999999998 13.999999999999998 12.000000000000002 13.999999999999998 14.999999999999998
leaf_count=21 20 14 14 12 14 15
internal_value=0 0.0664573 0.137669 0.0894571 0.152761 0.247633
internal_weight=110 90 69 55 41 27
internal_count=110 90 69 55 41 27
is_linear=0
shrinkage=0.0510168


Tree=26
num_leaves=8
num_cat=0
split_feature=13 0 10 11 0 4 13
split_gain=787.517 979.256 601.98 638.89 277.347 216.898 24.3371
threshold=12.25902777777778 2082.0000000000005 -5.3020833333333321 51.500000000000007 2671.5000000000005 11.500000000000002 10.081944444444447
decision_type=2 2 2 2 2 2 2
left_child=1 6 5 -4 -5 -3 -1
right_child=-2 2 3 4 -6 -7 -8
leaf_value=0.15572627310629611 0.26548158847400416 0.17145003314078244 -0.61399977388439497 0.015724018998248875 -0.3243895230421992 -0.12411984067020958 0.25849951516338115
leaf_weight=12.000000000000002 23 12.000000000000002 11.999999999999998 12.000000000000002 12.999999999999998 13.999999999999998 11.999999999999998
leaf_count=12 23 12 12 12 13 14 12
internal_value=3.04774e-08 -0.0701863 -0.175828 -0.308022 -0.161139 0.0122976 0.20712
internal_weight=110 87 63 37 25 26 24
internal_count=110 87 63 37 25 26 24
is_linear=0
shrinkage=0.0510168


Tree=27
num_leaves=6
num_cat=0
split_feature=13 4 10 6 6
split_gain=709.216 638.54 727.423 482.818 158.363
threshold=12.25902777777778 38.500000000000007 -9.5833333333333321 15.703964017333062 13.12041281803076
decision_type=2 2 2 2 2
left_child=1 2 -1 4 -4
right_child=-2 -3 3 -5 -6
leaf_value=0.094953729484303251 0.25193801023238005 0.17841435098213893 -0.25969886075939663 -0.46743271886988913 -0.0071373951337309468
leaf_weight=22 23 21 12.000000000000002 18 13.999999999999998
leaf_count=22 23 21 12 18 14
internal_value=0 -0.0666058 -0.144568 -0.264329 -0.123709
internal_weight=110 87 66 44 26
internal_count=110 87 66 44 26
is_linear=0
shrinkage=0.0510168


Tree=28
num_leaves=7
num_cat=0
split_feature=1 10 10 16 1 4
split_gain=664.604 808.237 420.067 318.703 380.044 180.008
threshold=503.50000000000006 3.0312500000000004 -13.55208333333333 104.50000000000001 236.50000000000003 20.500000000000004
decision_type=2 2 2 2 2 2
left_child=2 5 -1 -4 -5 -2
right_child=1 -3 3 4 -6 -7
leaf_value=-0.15549592988923414 -0.11410182961848009 -0.37840058225434026 0.39765954576771412 -0.13088687603013482 0.22327298465380421 0.14396436631913348
leaf_weight=11.999999999999998 12.000000000000002 21 12.999999999999998 11.999999999999998 23 17
leaf_count=12 12 21 13 12 23 17
internal_value=0 -0.137368 0.114473 0.181967 0.101846 0.0371778
internal_weight=110 50 60 48 35 29
internal_count=110 50 60 48 35 29
is_linear=0
shrinkage=0.0510168


Tree=29
num_leaves=7
num_cat=0
split_feature=13 0 8 10 8 16
split_gain=612.02 771.002 947.606 542.269 353.401 62.4831
threshold=12.25902777777778 2082.0000000000005 46.500000000000007 3.0312500000000004 51.500000000000007 119.50000000000001
decision_type=2 2 2 2 2 2
left_child=1 5 -3 4 -4 -1
right_child=-2 2 3 -5 -6 -7
leaf_value=0.26650054827351433 0.23403823335074858 -0.56349435809658988 0.25188277077367055 -0.26673725404371673 -0.092794001879449778 0.1018576019095859
leaf_weight=12.000000000000002 23 11.999999999999998 15.000000000000002 20 15.999999999999998 11.999999999999998
leaf_count=12 23 12 15 20 16 12
internal_value=0 -0.0618736 -0.155612 -0.0596322 0.0739868 0.184185
internal_weight=110 87 63 51 31 24
internal_count=110 87 63 51 31 24
is_linear=0
shrinkage=0.0510168


Tree=30
num_leaves=6
num_cat=0
split_feature=1 7 11 7 10
split_gain=567.175 463.074 735.35 191.497 170.306
threshold=978.50000000000011 4440.0000000000009 48.500000000000007 2790.0000000000005 -5.3020833333333321
decision_type=2 2 2 2 2
left_child=1 2 -1 -4 -3
right_child=-2 4 3 -5 -6
leaf_value=-0.39081159428514989 -0.2457379860886276 0.31547004773446363 0.17629275166192032 -0.039552254302337671 0.090301063119853142
leaf_weight=11.999999999999998 20 17 20 23 18
leaf_count=12 20 17 20 23 18
internal_value=0 0.0546099 -0.0377044 0.0608418 0.199673
internal_weight=110 90 55 43 35
internal_count=110 90 55 43 35
is_linear=0
shrinkage=0.0510168


Tree=31
num_leaves=7
num_cat=0
split_feature=13 0 14 10 12 0
split_gain=540.034 668.2 472.234 694.167 279.847 26.4421
threshold=12.25902777777778 2082.0000000000005 22.500000000000004 -8.6354166666666661 -5.3666666666666671 1877.5000000000002
decision_type=2 2 2 2 2 2
left_child=1 5 3 -3 -5 -1
right_child=-2 2 -4 4 -6 -7
leaf_value=0.11738360884742076 0.21984399397054866 0.25527414298332529 -0.37514084926912816 -0.031719200626627343 -0.32898454932468063 0.22449858952002813
leaf_weight=12.000000000000002 23 12.999999999999998 17 15.999999999999998 17 11.999999999999998
leaf_count=12 23 13 17 16 17 12
internal_value=0 -0.0581211 -0.145386 -0.060472 -0.18486 0.170947
internal_weight=110 87 63 46 33 24
internal_count=110 87 63 46 33 24
is_linear=0
shrinkage=0.0510168


Tree=32
num_leaves=7
num_cat=0
split_feature=13 0 11 13 7 7
split_gain=491.665 543.877 739.569 437.73 399.704 86.4015
threshold=12.744444444444445 2082.0000000000005 48.500000000000007 8.7798611111111118 2790.0000000000005 5550.0000000000009
decision_type=2 2 2 2 2 2
left_child=1 5 -3 -4 -5 -1
right_child=-2 2 3 4 -6 -7
leaf_value=0.066226207692985289 0.25226540709046918 -0.45134134773837903 -0.30698078696978698 0.19244574610892162 -0.12267211516412012 0.25606673511110584
leaf_weight=13.000000000000002 17 13.999999999999998 11.999999999999998 22 20 11.999999999999998
leaf_count=13 17 14 12 22 20 12
internal_value=0 -0.0461147 -0.120921 -0.035251 0.0423899 0.157355
internal_weight=110 93 68 54 42 25
internal_count=110 93 68 54 42 25
is_linear=0
shrinkage=0.0510168


Tree=33
num_leaves=7
num_cat=0
split_feature=13 15 2 10 8 10
split_gain=453.209 528.164 631.305 419.456 480.324 403.105
threshold=12.25902777777778 19.605549752746573 8134.0000000000009 -5.3020833333333321 47.500000000000007 3.0312500000000004
decision_type=2 2 2 2 2 2
left_child=1 3 -3 -1 -5 -4
right_child=-2 2 5 4 -6 -7
leaf_value=0.31766002503459978 0.20139705085971912 -0.49154789742992688 0.093606738567925743 -0.27819398045457416 0.14335926742660388 -0.2671613303408229
leaf_weight=12.999999999999998 23 11.999999999999998 19 12.000000000000002 17 13.999999999999998
leaf_count=13 23 12 19 12 17 14
internal_value=0 -0.0532442 -0.174681 0.0768676 -0.0310788 -0.0594486
internal_weight=110 87 45 42 29 33
internal_count=110 87 45 42 29 33
is_linear=0
shrinkage=0.0510168


Tree=34
num_leaves=7
num_cat=0
split_feature=0 12 11 13 13 7
split_gain=431.125 382.328 301.806 217.434 178.957 216.194
threshold=2435.0000000000005 13.53541666666667 55.500000000000007 10.02777777777778 12.006250000000001 4290.0000000000009
decision_type=2 2 2 2 2 2
left_child=1 4 3 -2 5 -1
right_child=2 -3 -4 -5 -6 -7
leaf_value=-0.030612964669140031 0.12881219513308781 -0.14800778759199254 -0.29435021242647436 -0.17233007203863834 0.29293601783159157 0.21309404450222272
leaf_weight=20 13.000000000000002 14.999999999999998 17 11.999999999999998 14.999999999999998 18
leaf_count=20 13 15 17 12 15 18
internal_value=-6.00096e-08 0.0793754 -0.128512 -0.0157365 0.14373 0.0848288
internal_weight=110 68 42 25 53 38
internal_count=110 68 42 25 53 38
is_linear=0
shrinkage=0.0510168


Tree=35
num_leaves=7
num_cat=0
split_feature=13 15 11 13 17 0
split_gain=397.991 499.805 333.64 402.336 215.973 216.48
threshold=12.744444444444445 25.840779035040516 48.500000000000007 9.2743055555555571 54.500000000000007 2220.5000000000005
decision_type=2 2 2 2 2 2
left_child=1 2 -1 -4 -5 -6
right_child=-2 -3 3 4 5 -7
leaf_value=-0.20465366131300797 0.22696519545961821 -0.34875170255478449 -0.12831746071222813 0.0072456006896178165 0.078120333165714526 0.37341733931252258
leaf_weight=15.999999999999998 17 11.999999999999998 21 18 12.000000000000002 13.999999999999998
leaf_count=16 17 12 21 18 12 14
internal_value=-5.91574e-08 -0.0414899 0.00403298 0.0554039 0.14309 0.237133
internal_weight=110 93 81 65 44 26
internal_count=110 93 81 65 44 26
is_linear=0
shrinkage=0.0510168


Tree=36
num_leaves=6
num_cat=0
split_feature=13 6 16 7 6
split_gain=363.983 325.51 717.837 456.33 355.095
threshold=12.25902777777778 15.703964017333062 154.50000000000003 4290.0000000000009 13.12041281803076
decision_type=2 2 2 2 2
left_child=1 3 -3 4 -1
right_child=-2 2 -4 -5 -6
leaf_value=-0.23602132278537419 0.18048642382719116 -0.35535348535020628 0.12701116400941709 0.2315693500012205 0.094286874847342814
leaf_weight=18 23 21 12.999999999999998 19 15.999999999999998
leaf_count=18 23 21 13 19 16
internal_value=-4.84934e-08 -0.0477161 -0.170921 0.031322 -0.0805832
internal_weight=110 87 34 53 34
internal_count=110 87 34 53 34
is_linear=0
shrinkage=0.0510168


Tree=37
num_leaves=7
num_cat=0
split_feature=1 7 1 1 1 10
split_gain=400.667 304.487 331.765 248.302 293.725 149.329
threshold=978.50000000000011 4440.0000000000009 216.00000000000003 443.50000000000006 699.00000000000011 -5.3020833333333321
decision_type=2 2 2 2 2 2
left_child=1 2 -1 -4 -5 -3
right_child=-2 5 3 4 -6 -7
leaf_value=-0.24337509666590298 -0.20654074803819436 0.27195912878169054 0.22850959125941822 -0.1951078650228697 0.13620172392866958 0.061115070424693087
leaf_weight=13.999999999999998 20 17 12.999999999999998 15.000000000000002 12.999999999999998 18
leaf_count=14 20 17 13 15 13 18
internal_value=-1.74158e-08 0.0458991 -0.0289572 0.0442615 -0.0412857 0.163529
internal_weight=110 90 55 41 28 35
internal_count=110 90 55 41 28 35
is_linear=0
shrinkage=0.0510168


Tree=38
num_leaves=7
num_cat=0
split_feature=5 8 3 8 16 13
split_gain=336.625 789.631 407.775 626.801 341.711 84.3781
threshold=1.0000000180025095e-35 46.500000000000007 14.500000000000002 51.500000000000007 104.50000000000001 10.853663141993961
decision_type=2 2 2 2 2 2
left_child=1 -1 3 -3 -2 -4
right_child=4 2 5 -5 -6 -7
leaf_value=-0.4345011713710803 0.35850999883175089 0.063552422612621409 0.044036201917029512 -0.37310873123482502 -0.0016222159891877688 0.2073395746186884
leaf_weight=11.999999999999998 12.000000000000002 22 13.999999999999998 13.999999999999998 15.999999999999998 20
leaf_count=12 12 22 14 14 16 20
internal_value=0 -0.052151 0.0133984 -0.106264 0.152725 0.1401
internal_weight=110 82 70 36 28 34
internal_count=110 82 70 36 28 34
is_linear=0
shrinkage=0.0510168


Tree=39
num_leaves=7
num_cat=0
split_feature=1 15 17 12 13 15
split_gain=339.298 374.905 700.028 218.054 67.853 73.5394
threshold=978.50000000000011 15.00614054465674 51.500000000000007 -2.5958333333333328 10.514583333333336 23.233480473836838
decision_type=2 2 2 2 2 2
left_child=1 -1 -3 -4 -5 -6
right_child=-2 2 3 4 5 -7
leaf_value=0.26615963355391192 -0.19006604766038032 -0.29349357462592984 -0.067361566526847771 0.24823872893893614 0.021298452976305605 0.18980554715238876
leaf_weight=15.999999999999998 20 17 18 11.999999999999998 14.000000000000002 12.999999999999998
leaf_count=16 20 17 18 12 14 13
internal_value=-2.69771e-08 0.042238 -0.00617956 0.0795131 0.147302 0.102435
internal_weight=110 90 74 57 39 27
internal_count=110 90 74 57 39 27
is_linear=0
shrinkage=0.0510168


Tree=40
num_leaves=7
num_cat=0
split_feature=1 10 10 8 15 1
split_gain=316.803 518.912 290.539 241.616 207.367 221.893
threshold=503.50000000000006 3.0312500000000004 -13.55208333333333 55.500000000000007 15.00614054465674 236.50000000000003
decision_type=2 2 2 2 2 2
left_child=2 3 -1 -2 -4 -6
right_child=1 -3 4 -5 5 -7
leaf_value=-0.14548598138931093 -0.078703722667781001 -0.28797330688567391 0.300409849833434 0.22028040679025168 -0.10934326899396979 0.16337318669344442
leaf_weight=11.999999999999998 17.000000000000004 21 13.999999999999998 11.999999999999998 11.999999999999998 22
leaf_count=12 17 21 14 12 12 22
internal_value=0 -0.0948415 0.0790347 0.0450159 0.135166 0.0671197
internal_weight=110 50 60 29 48 34
internal_count=110 50 60 29 48 34
is_linear=0
shrinkage=0.0510168


Tree=41
num_leaves=7
num_cat=0
split_feature=1 15 15 1 15 8
split_gain=285.304 301.687 374.378 230.823 691.057 197.745
threshold=503.50000000000006 21.120527562107629 25.840779035040516 236.50000000000003 15.00614054465674 51.500000000000007
decision_type=2 2 2 2 2 2
left_child=3 -2 -3 4 -1 -5
right_child=1 2 -4 5 -6 -7
leaf_value=0.23669328165496642 -0.27267538990269269 0.13759970914990957 -0.20636858438776107 0.33547562030339251 -0.25409657982305284 0.068114334904176316
leaf_weight=14.000000000000002 15.999999999999998 20 13.999999999999998 12.000000000000002 15.999999999999998 18
leaf_count=14 16 20 14 12 16 18
internal_value=0 -0.0900031 -0.00403538 0.0750027 -0.0250608 0.175065
internal_weight=110 50 34 60 30 30
internal_count=110 50 34 60 30 30
is_linear=0
shrinkage=0.0510168


Tree=42
num_leaves=7
num_cat=0
split_feature=13 8 8 10 4 10
split_gain=269.283 284.124 369.499 348.077 205.233 213.609
threshold=12.744444444444445 46.500000000000007 51.500000000000007 -8.1354166666666661 38.500000000000007 -0.34374999999999906
decision_type=2 2 2 2 2 2
left_child=1 -1 3 -3 5 -4
right_child=-2 2 4 -5 -6 -7
leaf_value=-0.21614361299426002 0.18669263200230918 0.34136377991513661 -0.041590418538172094 0.0054700470337147649 0.049115228134672069 -0.34007984007047209
leaf_weight=18 17 12.999999999999998 13 21 15.999999999999998 12
leaf_count=18 17 13 13 21 16 12
internal_value=0 -0.0341278 0.00955752 0.133905 -0.0935601 -0.184871
internal_weight=110 93 75 34 41 25
internal_count=110 93 75 34 41 25
is_linear=0
shrinkage=0.0510168


Tree=43
num_leaves=7
num_cat=0
split_feature=1 11 5 0 0 0
split_gain=254.986 207.973 823.287 129.048 69.1028 69.0368
threshold=914.50000000000011 51.500000000000007 1.0000000180025095e-35 2094.0000000000005 1912.0000000000002 2370.5000000000005
decision_type=2 2 2 2 2 2
left_child=1 2 -1 4 -3 -5
right_child=-2 3 -4 5 -6 -7
leaf_value=-0.27751404227345383 -0.15106463170669179 0.091982796620789287 0.24935726790014895 0.27394420758250693 -0.066063022134101951 0.10424379050125039
leaf_weight=19 23 18.000000000000004 12.999999999999998 12.000000000000002 11.999999999999998 12.999999999999998
leaf_count=19 23 18 13 12 12 13
internal_value=0 0.0399375 -0.0634714 0.100103 0.0287641 0.185706
internal_weight=110 87 32 55 30 25
internal_count=110 87 32 55 30 25
is_linear=0
shrinkage=0.0510168


Tree=44
num_leaves=7
num_cat=0
split_feature=1 16 6 12 13 1
split_gain=241.257 437.038 378.29 316.217 213.362 149.095
threshold=503.50000000000006 127.50000000000001 18.063020347800673 5.7250000000000014 9.6661145978614602 216.00000000000003
decision_type=2 2 2 2 2 2
left_child=3 -2 -3 4 -1 -5
right_child=1 2 -4 5 -6 -7
leaf_value=0.042894639069287352 -0.30262832846856197 0.22409231616792027 -0.12166846862465017 -0.14402244722009733 0.32527465183156373 0.07664576046764926
leaf_weight=13.000000000000002 15.999999999999998 13.999999999999998 20 17 14.999999999999998 14.999999999999998
leaf_count=13 16 14 20 17 15 15
internal_value=0 -0.0827643 0.0207051 0.0689706 0.194175 -0.0405845
internal_weight=110 50 34 60 28 32
internal_count=110 50 34 60 28 32
is_linear=0
shrinkage=0.0510168


Tree=45
num_leaves=7
num_cat=0
split_feature=13 15 2 13 8 15
split_gain=232.245 341.14 550.585 335.931 280.147 249.4
threshold=12.25902777777778 19.605549752746573 8134.0000000000009 10.853663141993961 51.500000000000007 16.461373369421416
decision_type=2 2 2 2 2 2
left_child=1 3 -3 5 -4 -1
right_child=-2 2 4 -5 -6 -7
leaf_value=0.018512922634674762 0.14417086869926149 -0.43162745124956975 0.10759308449213144 -0.14903775269597164 -0.19092524468625652 0.31790963490750507
leaf_weight=15.000000000000002 23 11.999999999999998 18 12.999999999999998 14.999999999999998 13.999999999999998
leaf_count=15 23 12 18 13 15 14
internal_value=1.52388e-08 -0.0381149 -0.135711 0.066453 -0.028098 0.163054
internal_weight=110 87 45 42 33 29
internal_count=110 87 45 42 33 29
is_linear=0
shrinkage=0.0510168


Tree=46
num_leaves=6
num_cat=0
split_feature=13 5 16 14 13
split_gain=209.153 312.117 405.063 312.84 301.863
threshold=12.25902777777778 1.0000000180025095e-35 127.50000000000001 21.500000000000004 10.081944444444447
decision_type=2 2 2 2 2
left_child=1 2 3 -1 -4
right_child=-2 -3 4 -5 -6
leaf_value=-0.053071538955413888 0.13681597261385708 0.16737891579574291 0.1585372583974777 -0.37737327415937311 -0.12210509066040399
leaf_weight=15.000000000000002 23 15.999999999999998 21 15.999999999999998 19
leaf_count=15 23 16 21 16 19
internal_value=0 -0.0361705 -0.0820422 -0.220458 0.0252321
internal_weight=110 87 71 31 40
internal_count=110 87 71 31 40
is_linear=0
shrinkage=0.0510168


Tree=47
num_leaves=7
num_cat=0
split_feature=6 0 10 10 0 7
split_gain=213.285 426.351 223.276 396.822 291.557 176.578
threshold=15.703964017333062 2497.0000000000005 14.541666666666668 1.0000000180025095e-35 2331.5000000000005 4290.0000000000009
decision_type=2 2 2 2 2 2
left_child=2 -2 3 4 5 -1
right_child=1 -3 -4 -5 -6 -7
leaf_value=-0.16823563239966433 0.10638810253034248 -0.23653526998993119 -0.14794777684965923 0.35528589640487884 0.23207937228915143 0.064285859459126266
leaf_weight=17 15.999999999999998 23 11.999999999999998 11.999999999999998 12.999999999999998 17
leaf_count=17 16 23 12 12 13 17
internal_value=0 -0.0958491 0.05265 0.093451 0.0265949 -0.0519757
internal_weight=110 39 71 59 47 34
internal_count=110 39 71 59 47 34
is_linear=0
shrinkage=0.0510168


Tree=48
num_leaves=6
num_cat=0
split_feature=6 16 15 16 6
split_gain=192.078 500.026 220.612 492.74 124.246
threshold=15.703964017333062 148.50000000000003 15.00614054465674 115.00000000000001 14.288825189510218
decision_type=2 2 2 2 2
left_child=2 -2 -1 -4 -5
right_child=1 -3 3 4 -6
leaf_value=0.22371784145979198 -0.28826450408249021 0.078163035464919151 -0.20775420560653435 0.038922788769567 0.23168635132823465
leaf_weight=14.999999999999998 18 21 19 23 13.999999999999998
leaf_count=15 18 21 19 23 14
internal_value=0 -0.0909593 0.0499641 0.00342047 0.111864
internal_weight=110 39 71 56 37
internal_count=110 39 71 56 37
is_linear=0
shrinkage=0.0510168


Tree=49
num_leaves=7
num_cat=0
split_feature=1 9 1 13 6 13
split_gain=189.194 182.517 191.32 310.828 323.947 146.248
threshold=914.50000000000011 10.500000000000002 216.00000000000003 10.514583333333336 14.931102021737924 10.853663141993961
decision_type=2 2 2 2 2 2
left_child=1 2 -1 -4 -5 -3
right_child=-2 5 3 4 -6 -7
leaf_value=-0.1333600761048386 -0.13012389626499249 0.022331949606564674 0.24774030965961774 0.11630278180536886 -0.24491555405557219 0.26931282542398094
leaf_weight=22 23 12.000000000000002 13.999999999999998 14.000000000000002 11.999999999999998 12.999999999999998
leaf_count=22 23 12 14 14 12 13
internal_value=2.5702e-08 0.0344015 -0.0125209 0.0539416 -0.0504152 0.150767
internal_weight=110 87 62 40 26 25
internal_count=110 87 62 40 26 25
is_linear=0
shrinkage=0.0510168


Tree=50
num_leaves=6
num_cat=0
split_feature=0 14 0 0 14
split_gain=167.325 390.374 128.435 162.855 101.634
threshold=2435.0000000000005 21.500000000000004 2220.5000000000005 2082.0000000000005 22.500000000000004
decision_type=2 2 2 2 2
left_child=2 -2 3 4 -1
right_child=1 -3 -4 -5 -6
leaf_value=-0.022531434314061613 0.06130314717016587 -0.25118243668332313 0.18123917831471181 -0.10272117791640074 0.15861947823308964
leaf_weight=13.999999999999998 23 19 14.999999999999998 20 19
leaf_count=14 23 19 15 20 19
internal_value=7.32078e-08 -0.080061 0.0494501 0.0121491 0.0817685
internal_weight=110 42 68 53 33
internal_count=110 42 68 53 33
is_linear=0
shrinkage=0.0510168


Tree=51
num_leaves=7
num_cat=0
split_feature=13 15 3 0 16 15
split_gain=185.85 260.651 506.583 441.436 346.155 311.616
threshold=12.25902777777778 19.605549752746573 14.500000000000002 2936.5000000000005 110.50000000000001 17.329401481565885
decision_type=2 2 2 2 2 2
left_child=1 4 3 -3 -1 -6
right_child=-2 2 -4 -5 5 -7
leaf_value=0.24400447179768747 0.12896938118210635 -0.4413512009281424 0.10026951274641381 -0.035182401012431148 -0.22109838974395168 0.13317853784239486
leaf_weight=15.999999999999998 23 15.000000000000002 17 12.999999999999998 14.000000000000002 11.999999999999998
leaf_count=16 23 15 17 13 14 12
internal_value=7.56405e-08 -0.0340959 -0.119405 -0.252779 0.0573073 -0.0575864
internal_weight=110 87 45 28 42 26
internal_count=110 87 45 28 42 26
is_linear=0
shrinkage=0.0510168


Tree=52
num_leaves=8
num_cat=0
split_feature=10 0 10 10 14 14 17
split_gain=182.894 349.512 379.982 209.896 178.482 153.461 248.069
threshold=-5.3020833333333321 2435.0000000000005 1.0000000180025095e-35 11.875000000000002 22.500000000000004 22.500000000000004 55.500000000000007
decision_type=2 2 2 2 2 2 2
left_child=5 2 -2 -3 -4 -1 -7
right_child=1 3 4 -5 -6 6 -8
leaf_value=0.19252474759461533 -0.17283610296342053 -0.36116150260333935 0.022465774276063624 -0.059415940770218167 0.30071366622373391 -0.17556408277380364 0.12388408625235253
leaf_weight=18 13.999999999999998 12.000000000000002 12.000000000000002 11.999999999999998 11.999999999999998 12.000000000000002 18
leaf_count=18 14 12 12 12 12 12 18
internal_value=3.67979e-08 -0.0578812 0.0383824 -0.210296 0.161595 0.0747633 0.00410312
internal_weight=110 62 38 24 24 48 30
internal_count=110 62 38 24 24 48 30
is_linear=0
shrinkage=0.0510168


Tree=53
num_leaves=7
num_cat=0
split_feature=10 16 12 7 2 3
split_gain=164.709 278.639 205.7 158.069 211.494 135.512
threshold=-5.3020833333333321 110.50000000000001 -5.3666666666666671 4440.0000000000009 7245.0000000000009 14.500000000000002
decision_type=2 2 2 2 2 2
left_child=3 -2 -3 4 -1 -4
right_child=1 2 5 -5 -6 -7
leaf_value=-0.13708579510282456 0.16583065065671823 0.0088255448959026553 -0.31186385214104145 0.18532293962392693 0.13861639412938598 -0.087391998663557305
leaf_weight=15.000000000000002 11.999999999999998 22 14.000000000000002 19 13.999999999999998 13.999999999999998
leaf_count=15 12 22 14 19 14 14
internal_value=0 -0.0549285 -0.107913 0.0709492 -0.0039877 -0.199633
internal_weight=110 62 50 48 29 28
internal_count=110 62 50 48 29 28
is_linear=0
shrinkage=0.0510168


Tree=54
num_leaves=8
num_cat=0
split_feature=16 6 14 12 14 6 2
split_gain=144.045 451.351 148.634 189.308 350.447 66.9431 26.7279
threshold=154.50000000000003 16.528265317278613 21.500000000000004 13.53541666666667 22.500000000000004 12.896982057198978 8669.0000000000018
decision_type=2 2 2 2 2 2 2
left_child=1 2 6 4 -4 -6 -1
right_child=-2 -3 3 -5 5 -7 -8
leaf_value=0.18941594711493318 0.15946525650848892 -0.26009530643086293 -0.1402172466416538 -0.19577305654810143 0.22840248971876603 0.064188371231246572 0.08173057324058286
leaf_weight=12.000000000000002 12.999999999999998 17 18 11.999999999999998 14.000000000000002 11.999999999999998 11.999999999999998
leaf_count=12 13 17 18 12 14 12 12
internal_value=0 -0.0213726 0.0293578 -0.0161661 0.0328198 0.152616 0.135578
internal_weight=110 97 80 56 44 26 24
internal_count=110 97 80 56 44 26 24
is_linear=0
shrinkage=0.0510168


Tree=55
num_leaves=7
num_cat=0
split_feature=10 6 9 7 14 12
split_gain=153.562 348.266 238.603 137.163 212.607 128.901
threshold=-5.3020833333333321 16.528265317278613 9.5000000000000018 4440.0000000000009 22.500000000000004 -0.88930555555555457
decision_type=2 2 2 2 2 2
left_child=3 2 -2 4 -1 -4
right_child=1 -3 5 -5 -6 -7
leaf_value=0.15194235503378031 -0.11828372738136655 -0.26706139502297127 0.23882417581766671 0.17504852523087824 -0.1258102902831843 0.014496654257363151
leaf_weight=13.000000000000002 20 14.999999999999998 12 19 15.999999999999998 15
leaf_count=13 20 15 12 19 16 15
internal_value=2.55344e-08 -0.0530371 0.0152713 0.0685063 -0.00129944 0.114202
internal_weight=110 62 47 48 29 27
internal_count=110 62 47 48 29 27
is_linear=0
shrinkage=0.0510168


Tree=56
num_leaves=7
num_cat=0
split_feature=15 16 9 10 12 16
split_gain=141.563 172.895 192.209 219.959 255.965 114.485
threshold=25.840779035040516 154.50000000000003 10.500000000000002 -5.3020833333333321 13.53541666666667 121.50000000000001
decision_type=2 2 2 2 2 2
left_child=1 2 3 4 -1 -5
right_child=-2 -3 -4 5 -6 -7
leaf_value=0.20034491358726805 -0.14027621347010591 0.20473723270353797 0.13052793279486669 -0.050906468893253343 -0.10893669053575734 -0.24174427030886805
leaf_weight=15.000000000000002 15.999999999999998 11.999999999999998 21 18 12.999999999999998 14.999999999999998
leaf_count=15 16 12 21 18 13 15
internal_value=4.79829e-08 0.0238779 -0.00259082 -0.0484198 0.0567504 -0.137655
internal_weight=110 94 82 61 28 33
internal_count=110 94 82 61 28 33
is_linear=0
shrinkage=0.0510168


Tree=57
num_leaves=7
num_cat=0
split_feature=7 16 0 7 5 11
split_gain=130.757 812.495 371.922 245.145 300.42 80.3571
threshold=1320.0000000000002 127.50000000000001 2755.5000000000005 4290.0000000000009 1.0000000180025095e-35 55.500000000000007
decision_type=2 2 2 2 2 2
left_child=1 -1 3 4 -2 -5
right_child=2 -3 -4 5 -6 -7
leaf_value=-0.1852105291577279 -0.22906296540768789 0.38515720370475015 -0.25224561573502485 0.18138000106899146 0.096722500812771089 0.033003320558046986
leaf_weight=13.000000000000002 17 12.999999999999998 15.999999999999998 19 13.000000000000002 19
leaf_count=13 17 13 16 19 13 19
internal_value=3.46102e-08 0.0999757 -0.0309453 0.0211273 -0.08789 0.107194
internal_weight=110 26 84 68 30 38
internal_count=110 26 84 68 30 38
is_linear=0
shrinkage=0.0510168


Tree=58
num_leaves=7
num_cat=0
split_feature=13 8 8 1 1 1
split_gain=152.948 200.275 283.157 257.16 159.625 122.09
threshold=12.744444444444445 46.500000000000007 51.500000000000007 833.50000000000011 443.50000000000006 394.50000000000006
decision_type=2 2 2 2 2 2
left_child=1 -1 4 5 -3 -4
right_child=-2 2 3 -5 -6 -7
leaf_value=-0.17853615076285795 0.14070052110601722 0.26030066458177492 -0.10547044573817682 -0.2779281645011768 0.032834050332053014 0.10400430696749209
leaf_weight=18 17 12.999999999999998 14.000000000000002 11.999999999999998 21 14.999999999999998
leaf_count=18 17 13 14 12 21 15
internal_value=4.24437e-08 -0.0257202 0.0109569 -0.0793123 0.119811 0.0028781
internal_weight=110 93 75 41 34 29
internal_count=110 93 75 41 34 29
is_linear=0
shrinkage=0.0510168


Tree=59
num_leaves=7
num_cat=0
split_feature=3 1 11 14 7 8
split_gain=138.522 270.728 220.347 243.876 142.711 121.082
threshold=13.500000000000002 1053.0000000000002 48.500000000000007 21.500000000000004 5070.0000000000009 52.500000000000007
decision_type=2 2 2 2 2 2
left_child=-1 2 -2 -4 5 -5
right_child=1 -3 3 4 -6 -7
leaf_value=0.14991158247694567 -0.14769747408402939 -0.2485244248082967 0.24266479235746377 -0.17800473276521203 0.12955523947203137 0.016781967880945638
leaf_weight=13.999999999999998 18 11.999999999999998 13.999999999999998 12.999999999999998 15.999999999999998 23
leaf_count=14 18 12 14 13 16 23
internal_value=3.13068e-08 -0.0218629 0.010519 0.0536703 0.00278428 -0.0535596
internal_weight=110 96 84 66 52 36
internal_count=110 96 84 66 52 36
is_linear=0
shrinkage=0.0510168


Tree=60
num_leaves=8
num_cat=0
split_feature=13 13 10 13 7 16 5
split_gain=139.958 258.583 412.769 301.959 370.274 80.957 51.681
threshold=12.111805555555557 10.514583333333336 -4.140076754385964 9.2743055555555571 1980.0000000000002 123.50000000000001 1.0000000180025095e-35
decision_type=2 2 2 2 2 2 2
left_child=1 3 -3 5 -5 -1 -2
right_child=6 2 -4 4 -6 -7 -8
leaf_value=-0.1776081500597958 0.17002266383397985 0.0024089418115720864 -0.38386139227519694 0.3513891510744353 -0.026715542796550105 -0.00080837157144367136 0.025740089214627778
leaf_weight=13.000000000000002 14 18.000000000000004 11.999999999999998 13.000000000000002 13.999999999999998 13.999999999999998 12
leaf_count=13 14 18 12 13 14 14 12
internal_value=1.72598e-08 -0.0320157 -0.152104 0.0347013 0.155339 -0.0859371 0.103434
internal_weight=110 84 30 54 27 27 26
internal_count=110 84 30 54 27 27 26
is_linear=0
shrinkage=0.0510168


Tree=61
num_leaves=7
num_cat=0
split_feature=13 15 13 13 15 6
split_gain=129.367 224.476 195.27 326.173 175.331 78.795
threshold=12.744444444444445 25.840779035040516 10.514583333333336 9.2743055555555571 20.139489377877215 14.931102021737924
decision_type=2 2 2 2 2 2
left_child=1 2 3 -1 -4 -5
right_child=-2 -3 4 5 -6 -7
leaf_value=-0.066117744404537243 0.12940007641819251 -0.22957197017274006 -0.183482660161014 0.10580710108325229 0.057177087336513853 0.287104844997353
leaf_weight=23 17 11.999999999999998 20 12.000000000000002 12.999999999999998 12.999999999999998
leaf_count=23 17 12 20 12 13 13
internal_value=0 -0.0236545 0.00685346 0.0725318 -0.0886778 0.200088
internal_weight=110 93 81 48 33 25
internal_count=110 93 81 48 33 25
is_linear=0
shrinkage=0.0510168


Tree=62
num_leaves=7
num_cat=0
split_feature=6 0 6 15 1 11
split_gain=110.409 287.636 162.59 279.644 299.014 71.7037
threshold=15.703964017333062 2497.0000000000005 14.288825189510218 15.00614054465674 216.00000000000003 58.500000000000007
decision_type=2 2 2 2 2 2
left_child=2 -2 3 -1 -5 -6
right_child=1 -3 -4 4 5 -7
leaf_value=0.18640023026673405 0.097148688872997088 -0.18451738496424849 0.18704602262882761 -0.27322152889042722 -0.058792854611388674 0.10448341354675879
leaf_weight=14.999999999999998 15.999999999999998 23 14.999999999999998 12.999999999999998 14.000000000000002 13.999999999999998
leaf_count=15 16 23 15 13 14 14
internal_value=3.25922e-08 -0.0689622 0.0378811 -0.00207548 -0.0710323 0.0228455
internal_weight=110 39 71 56 41 28
internal_count=110 39 71 56 41 28
is_linear=0
shrinkage=0.0510168


Tree=63
num_leaves=7
num_cat=0
split_feature=3 0 16 0 7 1
split_gain=122.976 248.114 355.423 130.095 60.2614 20.8394
threshold=13.500000000000002 2435.0000000000005 135.50000000000003 2220.5000000000005 4290.0000000000009 317.50000000000006
decision_type=2 2 2 2 2 2
left_child=-1 3 -3 4 -2 -6
right_child=1 2 -4 -5 5 -7
leaf_value=0.14124896097930276 -0.062961407320524701 -0.34262009591293463 0.0074461012778415355 0.17379169336057937 0.089457448122751332 0.0012071235690839029
leaf_weight=13.999999999999998 23 13.000000000000002 18 13.999999999999998 15.000000000000002 12.999999999999998
leaf_count=14 23 13 18 14 15 13
internal_value=5.06885e-08 -0.0205996 -0.13936 0.0360409 -0.00177483 0.0484855
internal_weight=110 96 31 65 51 28
internal_count=110 96 31 65 51 28
is_linear=0
shrinkage=0.0510168


Tree=64
num_leaves=7
num_cat=0
split_feature=13 13 11 15 11 7
split_gain=114.716 202.703 266.954 245.096 244.878 172.069
threshold=12.25902777777778 10.514583333333336 53.500000000000007 19.605549752746573 51.500000000000007 2790.0000000000005
decision_type=2 2 2 2 2 2
left_child=1 2 5 -4 -3 -1
right_child=-2 4 3 -5 -6 -7
leaf_value=0.29555704212377015 0.10132525810724756 -0.3102374596736574 0.093306295223688288 -0.20491416644989 -0.021343602286367457 0.027658830825368887
leaf_weight=12.000000000000002 23 11.999999999999998 13.000000000000002 15.999999999999998 21 12.999999999999998
leaf_count=12 23 12 13 16 21 13
internal_value=6.05539e-08 -0.0267876 0.0340879 -0.0712298 -0.126401 0.156255
internal_weight=110 87 54 29 33 25
internal_count=110 87 54 29 33 25
is_linear=0
shrinkage=0.0510168


Tree=65
num_leaves=7
num_cat=0
split_feature=10 1 2 8 3 10
split_gain=113.436 163.383 334.472 147.957 136.186 20.8984
threshold=-5.3020833333333321 443.50000000000006 14893.500000000002 51.500000000000007 14.500000000000002 -13.55208333333333
decision_type=2 2 2 2 2 2
left_child=4 3 -3 -2 -1 -6
right_child=1 2 -4 -5 5 -7
leaf_value=-0.038558075618042247 0.15233974352912849 -0.28046790054355852 0.05625826858092671 -0.070681563907909861 0.084472459970310471 0.17480973184720572
leaf_weight=21 15.000000000000002 17.000000000000004 13.999999999999998 15.999999999999998 12.000000000000002 14.999999999999998
leaf_count=21 15 17 14 16 12 15
internal_value=4.97313e-08 -0.045584 -0.1284 0.0372327 0.0588795 0.134664
internal_weight=110 62 31 31 48 27
internal_count=110 62 31 31 48 27
is_linear=0
shrinkage=0.0510168


Tree=66
num_leaves=7
num_cat=0
split_feature=7 0 10 7 5 8
split_gain=114.988 270.117 205.65 184.225 186.771 51.7478
threshold=1320.0000000000002 2755.5000000000005 10.677083333333332 4440.0000000000009 1.0000000180025095e-35 51.500000000000007
decision_type=2 2 2 2 2 2
left_child=2 3 -1 4 -2 -5
right_child=1 -3 -4 5 -6 -7
leaf_value=0.22658530124450404 -0.18191200579488812 -0.21761499187910724 -0.061219938645265252 0.16072412308001888 0.061832174921935483 0.036605466678572528
leaf_weight=14.000000000000002 18 15.999999999999998 11.999999999999998 17 14.999999999999998 18
leaf_count=14 18 16 12 17 15 18
internal_value=7.56197e-08 -0.0290194 0.0937537 0.0153578 -0.07112 0.0968941
internal_weight=110 84 26 68 33 35
internal_count=110 84 26 68 33 35
is_linear=0
shrinkage=0.0510168


Tree=67
num_leaves=8
num_cat=0
split_feature=3 1 9 8 0 17 12
split_gain=117.191 202.793 143.067 156.09 151.79 145.385 74.7977
threshold=13.500000000000002 1053.0000000000002 10.500000000000002 46.500000000000007 2094.0000000000005 55.500000000000007 3.1604166666666687
decision_type=2 2 2 2 2 2 2
left_child=-1 2 3 -2 -5 -6 -4
right_child=1 -3 6 4 5 -7 -8
leaf_value=0.13788708385245266 -0.16584859105930427 -0.21628143912991651 0.025410901738410721 -0.11274662025787294 -0.024417934748008116 0.21250608871992868 0.20204082178538177
leaf_weight=13.999999999999998 17 11.999999999999998 13.000000000000002 14.999999999999998 14.000000000000002 12.999999999999998 11.999999999999998
leaf_count=14 17 12 13 15 14 13 12
internal_value=7.9089e-08 -0.0201092 0.00791688 -0.0354228 0.0173703 0.0896589 0.110197
internal_weight=110 96 84 59 42 27 25
internal_count=110 96 84 59 42 27 25
is_linear=0
shrinkage=0.0510168


Tree=68
num_leaves=8
num_cat=0
split_feature=16 1 15 1 1 8 8
split_gain=121.028 277.959 159.263 373.615 133.891 241.2 122.205
threshold=154.50000000000003 914.50000000000011 15.00614054465674 216.00000000000003 443.50000000000006 52.500000000000007 53.500000000000007
decision_type=2 2 2 2 2 2 2
left_child=1 2 -1 -4 6 -6 -5
right_child=-2 -3 3 4 5 -7 -8
leaf_value=0.16048799875802361 0.14617075250523417 -0.2298617831310045 -0.26418323236497382 0.23441742206063731 -0.20984781691957585 0.092716803886630256 0.013210690185303039
leaf_weight=15.999999999999998 12.999999999999998 13.999999999999998 12.999999999999998 13.000000000000002 12.000000000000002 15.999999999999998 12.999999999999998
leaf_count=16 13 14 13 13 12 16 13
internal_value=9.10069e-08 -0.0195906 0.0158784 -0.0186565 0.0404544 -0.0369555 0.123818
internal_weight=110 97 83 67 54 28 26
internal_count=110 97 83 67 54 28 26
is_linear=0
shrinkage=0.0510168


Tree=69
num_leaves=8
num_cat=0
split_feature=3 1 11 2 2 6 2
split_gain=110.132 174.59 169.615 272.274 220.279 100.2 45.7005
threshold=13.500000000000002 1053.0000000000002 48.500000000000007 13392.500000000002 8975.0000000000018 11.207781896630349 5443.0000000000009
decision_type=2 2 2 2 2 2 2
left_child=-1 2 -2 4 5 -4 -7
right_child=1 -3 3 -5 -6 6 -8
leaf_value=0.13366986647026693 -0.13230283481578883 -0.20151487285450398 -0.064416749016038333 0.24406461534106488 -0.19125990825473108 0.046423075390408214 0.18210217857041661
leaf_weight=13.999999999999998 18 11.999999999999998 12.999999999999998 13.999999999999998 12.999999999999998 14.000000000000002 11.999999999999998
leaf_count=14 18 12 13 14 13 14 12
internal_value=7.21608e-08 -0.0194942 0.00651015 0.0443694 -0.00939712 0.051226 0.109048
internal_weight=110 96 84 66 52 39 26
internal_count=110 96 84 66 52 39 26
is_linear=0
shrinkage=0.0510168


Tree=70
num_leaves=7
num_cat=0
split_feature=16 0 15 11 16 7
split_gain=111.127 213.618 145.337 260.918 232.245 89.6991
threshold=154.50000000000003 2755.5000000000005 15.00614054465674 51.500000000000007 118.50000000000001 3360.0000000000005
decision_type=2 2 2 2 2 2
left_child=1 2 -1 -4 -5 -6
right_child=-2 -3 3 4 5 -7
leaf_value=0.15567495799275938 0.14006445675383425 -0.17216550804723216 -0.18040764792854813 -0.13083483399893098 0.22816861894685064 0.052302544170989729
leaf_weight=15.999999999999998 12.999999999999998 19 18 12.999999999999998 13.000000000000002 18
leaf_count=16 13 19 18 13 13 18
internal_value=6.90267e-08 -0.0187723 0.0185939 -0.0167831 0.0501559 0.126057
internal_weight=110 97 78 62 44 31
internal_count=110 97 78 62 44 31
is_linear=0
shrinkage=0.0510168


Tree=71
num_leaves=7
num_cat=0
split_feature=3 0 12 0 15 12
split_gain=107.909 163.808 185.275 77.5901 62.8614 61.2028
threshold=13.500000000000002 2435.0000000000005 13.53541666666667 2094.0000000000005 23.677455868939198 3.995833333333334
decision_type=2 2 2 2 2 2
left_child=-1 2 3 5 -3 -2
right_child=1 4 -4 -5 -6 -7
leaf_value=0.13231379969680315 -0.035985642480021021 -0.040758875022946166 -0.13052463851929949 0.15863668177297519 -0.18613260907794188 0.10623504518877927
leaf_weight=13.999999999999998 18 15.000000000000002 14.999999999999998 18 15.999999999999998 13.999999999999998
leaf_count=14 18 15 15 18 16 14
internal_value=9.53073e-08 -0.0192964 0.0267259 0.0739024 -0.115793 0.0262366
internal_weight=110 96 65 50 31 32
internal_count=110 96 65 50 31 32
is_linear=0
shrinkage=0.0510168


Tree=72
num_leaves=7
num_cat=0
split_feature=17 16 6 17 5 6
split_gain=102.367 140.292 348.533 157.856 268.43 229.982
threshold=64.500000000000014 148.50000000000003 15.703964017333062 55.500000000000007 1.0000000180025095e-35 13.352324886633111
decision_type=2 2 2 2 2 2
left_child=1 2 3 4 5 -1
right_child=-2 -3 -4 -5 -6 -7
leaf_value=-0.27331441384655614 -0.13443004527768329 0.14654933150530969 -0.20852955237657164 0.1689558520290082 0.15614757823848163 0.031041214175577377
leaf_weight=12.000000000000002 12.999999999999998 18 18 19 15.999999999999998 13.999999999999998
leaf_count=12 13 18 18 19 16 14
internal_value=8.29108e-08 0.0180175 -0.0112692 0.0469404 -0.00825884 -0.109434
internal_weight=110 97 79 61 42 26
internal_count=110 97 79 61 42 26
is_linear=0
shrinkage=0.0510168


Tree=73
num_leaves=7
num_cat=0
split_feature=7 16 6 4 16 15
split_gain=103.348 569.825 204.875 174.229 138.09 218.471
threshold=1320.0000000000002 127.50000000000001 15.962233952665366 29.500000000000004 123.50000000000001 16.867492208256046
decision_type=2 2 2 2 2 2
left_child=1 -1 4 -4 5 -2
right_child=2 -3 3 -5 -6 -7
leaf_value=-0.14994789623045271 0.21089875676720549 0.32770817778999933 -0.28815977174005014 -0.027355555503587873 -0.09447703888309554 -0.028755414187950044
leaf_weight=13.000000000000002 18 12.999999999999998 12 15 17 22
leaf_count=13 18 13 12 15 17 22
internal_value=4.25742e-08 0.0888822 -0.0275115 -0.143274 0.0273241 0.0790906
internal_weight=110 26 84 27 57 40
internal_count=110 26 84 27 57 40
is_linear=0
shrinkage=0.0510168


Tree=74
num_leaves=8
num_cat=0
split_feature=7 6 12 4 6 12 8
split_gain=93.073 187.087 142.521 161.743 144.81 97.9158 48.0051
threshold=1320.0000000000002 16.528265317278613 5.7250000000000014 29.500000000000004 13.12041281803076 -8.5541666666666636 51.500000000000007
decision_type=2 2 2 2 2 2 2
left_child=5 2 3 -2 -4 -1 -3
right_child=1 6 4 -5 -6 -7 -8
leaf_value=-0.022587729702712115 0.24939183727796305 -0.2186395731110824 -0.13479951300164475 -0.0058481031091925971 0.07912601091598824 0.17600430818970322 -0.074328305642669873
leaf_weight=12.000000000000002 12 12.000000000000002 20 14 13.999999999999998 13.999999999999998 11.999999999999998
leaf_count=12 12 12 20 14 14 14 12
internal_value=1.70184e-09 -0.0261081 0.0220452 0.111958 -0.0467124 0.084348 -0.146489
internal_weight=110 84 60 26 34 26 24
internal_count=110 84 60 26 34 26 24
is_linear=0
shrinkage=0.0510168


Tree=75
num_leaves=7
num_cat=0
split_feature=3 1 11 1 15 0
split_gain=95.1178 145.117 130.157 103.203 96.9637 84.4456
threshold=13.500000000000002 1053.0000000000002 48.500000000000007 699.00000000000011 19.605549752746573 1912.0000000000002
decision_type=2 2 2 2 2 2
left_child=-1 2 -2 4 5 -4
right_child=1 -3 3 -5 -6 -7
leaf_value=0.12422434841134243 -0.1160083188369844 -0.1840642548919558 -0.025554007351592401 0.14293029575272878 -0.079136121900660869 0.15832592783673607
leaf_weight=13.999999999999998 18 11.999999999999998 13.000000000000002 18 22 12.999999999999998
leaf_count=14 18 12 13 18 22 13
internal_value=3.88932e-09 -0.0181167 0.00559131 0.0387559 -0.000310842 0.0663874
internal_weight=110 96 84 66 48 26
internal_count=110 96 84 66 48 26
is_linear=0
shrinkage=0.0510168


Tree=76
num_leaves=7
num_cat=0
split_feature=13 13 11 16 11 2
split_gain=105.469 187.945 235.215 241.129 169.281 108.478
threshold=12.25902777777778 10.514583333333336 53.500000000000007 130.00000000000003 51.500000000000007 8669.0000000000018
decision_type=2 2 2 2 2 2
left_child=1 2 5 -4 -3 -1
right_child=-2 4 3 -5 -6 -7
leaf_value=0.036992620728216075 0.09715544102927523 -0.27445244295009635 -0.18951934338434046 0.10916344567936848 -0.034254706350921808 0.2497048488052383
leaf_weight=12.000000000000002 23 11.999999999999998 17.000000000000004 11.999999999999998 21 12.999999999999998
leaf_count=12 23 12 17 12 21 13
internal_value=1.73704e-09 -0.0256853 0.0329323 -0.0659265 -0.121604 0.147607
internal_weight=110 87 54 29 33 25
internal_count=110 87 54 29 33 25
is_linear=0
shrinkage=0.0510168


Tree=77
num_leaves=7
num_cat=0
split_feature=13 13 0 11 8 2
split_gain=94.9825 169.259 262.403 211.828 192.607 97.6922
threshold=12.25902777777778 10.514583333333336 2331.5000000000005 53.500000000000007 52.500000000000007 8669.0000000000018
decision_type=2 2 2 2 2 2
left_child=1 3 -3 5 -5 -1
right_child=-2 2 -4 4 -6 -7
leaf_value=0.035105487067910682 0.092199044026247276 -0.006649442653953474 -0.30570152686877289 -0.21904580301380658 0.047899155059969209 0.23696643373911577
leaf_weight=12.000000000000002 23 21 11.999999999999998 12.000000000000002 17 12.999999999999998
leaf_count=12 23 21 12 12 17 13
internal_value=0 -0.0243749 -0.1154 0.0312523 -0.0625632 0.140077
internal_weight=110 87 33 54 29 25
internal_count=110 87 33 54 29 25
is_linear=0
shrinkage=0.0510168


Tree=78
num_leaves=7
num_cat=0
split_feature=17 11 15 16 14 15
split_gain=87.7239 232.541 192.752 281.228 228.498 227.198
threshold=64.500000000000014 58.500000000000007 19.605549752746573 110.50000000000001 21.500000000000004 17.329401481565885
decision_type=2 2 2 2 2 2
left_child=1 2 3 -1 -4 -5
right_child=-2 -3 4 5 -6 -7
leaf_value=0.20566194122155068 -0.12444458775542966 0.21746370014185057 0.036016165913727277 -0.17447820579483056 -0.21837867204424724 0.11917295911287251
leaf_weight=19 12.999999999999998 12.999999999999998 17 16.000000000000004 20 11.999999999999998
leaf_count=19 13 13 17 16 20 12
internal_value=0 0.016679 -0.0143963 0.0541717 -0.101496 -0.0486275
internal_weight=110 97 84 47 37 28
internal_count=110 97 84 47 37 28
is_linear=0
shrinkage=0.0510168


Tree=79
num_leaves=8
num_cat=0
split_feature=16 1 15 1 1 1 0
split_gain=87.6856 184.37 97.5221 293.359 126.053 101.801 68.9934
threshold=154.50000000000003 914.50000000000011 15.00614054465674 216.00000000000003 443.50000000000006 699.00000000000011 1912.0000000000002
decision_type=2 2 2 2 2 2 2
left_child=1 2 -1 -4 6 -6 -5
right_child=-2 -3 3 4 5 -7 -8
leaf_value=0.12537142842282412 0.12441753121854934 -0.18792678819293732 -0.23237593861636258 0.028684959292559976 -0.12810060062000564 0.066946134986846095 0.19539105283994088
leaf_weight=15.999999999999998 12.999999999999998 13.999999999999998 12.999999999999998 12.000000000000002 15.000000000000002 12.999999999999998 13.999999999999998
leaf_count=16 13 14 13 12 15 13 14
internal_value=0 -0.0166752 0.0122118 -0.0148123 0.0375664 -0.0375434 0.118453
internal_weight=110 97 83 67 54 28 26
internal_count=110 97 83 67 54 28 26
is_linear=0
shrinkage=0.0510168


Tree=80
num_leaves=7
num_cat=0
split_feature=13 13 0 11 12 7
split_gain=85.8303 157.304 235.969 180.669 144.324 115.273
threshold=12.25902777777778 10.514583333333336 2331.5000000000005 53.500000000000007 -8.5541666666666636 2790.0000000000005
decision_type=2 2 2 2 2 2
left_child=1 3 -3 5 -5 -1
right_child=-2 2 -4 4 -6 -7
leaf_value=0.24497569825055862 0.08764453705469484 -0.0077949757668244546 -0.29138426929312933 -0.18244226381828579 0.046401473567711536 0.025704103453097111
leaf_weight=12.000000000000002 23 21 11.999999999999998 13.000000000000002 15.999999999999998 12.999999999999998
leaf_count=12 23 21 12 13 16 13
internal_value=0 -0.0231708 -0.110923 0.030456 -0.0561853 0.130959
internal_weight=110 87 33 54 29 25
internal_count=110 87 33 54 29 25
is_linear=0
shrinkage=0.0510168


Tree=81
num_leaves=8
num_cat=0
split_feature=7 6 4 6 5 17 11
split_gain=79.162 160.83 145.284 106.243 106.999 177.023 78.7209
threshold=1320.0000000000002 15.962233952665366 29.500000000000004 14.288825189510218 1.0000000180025095e-35 54.500000000000007 55.500000000000007
decision_type=2 2 2 2 2 2 2
left_child=6 3 -3 4 -2 -6 -1
right_child=1 2 -4 -5 5 -7 -8
leaf_value=0.16655687079287668 -0.10896581719416228 -0.25894950572904063 -0.020792044921150481 0.15264078725435001 0.18595626342143132 -0.080275006600778048 -0.010981438498688108
leaf_weight=13.000000000000002 18 12 15 12.999999999999998 13.000000000000002 12.999999999999998 12.999999999999998
leaf_count=13 18 12 15 13 13 13 13
internal_value=0 -0.0240781 -0.126644 0.0245067 -0.0133528 0.0528417 0.0777895
internal_weight=110 84 27 57 44 26 26
internal_count=110 84 27 57 44 26 26
is_linear=0
shrinkage=0.0510168


Tree=82
num_leaves=8
num_cat=0
split_feature=10 13 13 10 8 3 13
split_gain=86.618 128.011 350.56 180.429 118.434 112.5 17.9415
threshold=-5.3020833333333321 10.514583333333336 11.502083333333337 16.015625000000004 51.500000000000007 14.500000000000002 12.25902777777778
decision_type=2 2 2 2 2 2 2
left_child=5 3 -3 4 -2 -1 -7
right_child=1 2 -4 -5 -6 6 -8
leaf_value=-0.037108624628239197 0.20282684602201906 -0.32704352933339992 0.062905126230965516 -0.14520212297558835 -0.014936487777670015 0.16040537217833922 0.077164476936681867
leaf_weight=21 13.000000000000002 12.000000000000002 11.999999999999998 11.999999999999998 12.999999999999998 14.000000000000002 12.999999999999998
leaf_count=21 13 12 12 12 13 14 13
internal_value=0 -0.039833 -0.132073 0.0184249 0.0939474 0.0514509 0.12033
internal_weight=110 62 24 38 26 48 27
internal_count=110 62 24 38 26 48 27
is_linear=0
shrinkage=0.0510168


Tree=83
num_leaves=8
num_cat=0
split_feature=0 14 0 10 14 8 10
split_gain=79.1404 140.149 142.225 185.098 152.095 60.2665 59.7798
threshold=2977.5000000000005 21.500000000000004 2435.0000000000005 -13.55208333333333 22.500000000000004 49.500000000000007 1.0000000180025095e-35
decision_type=2 2 2 2 2 2 2
left_child=1 5 3 -3 -5 -1 -6
right_child=-2 2 -4 4 6 -7 -8
leaf_value=0.036944095492529923 -0.12365835465824929 -0.15196075526583427 -0.15496203309887452 -0.064743469368272938 0.073809364692728072 0.19549311757677779 0.22253463838402443
leaf_weight=12.000000000000002 11.999999999999998 12.999999999999998 15.999999999999998 14.999999999999998 17.000000000000004 12.999999999999998 11.999999999999998
leaf_count=12 12 13 16 15 17 13 12
internal_value=0 0.0151427 -0.0205603 0.0171679 0.0671396 0.119393 0.135355
internal_weight=110 98 73 57 44 25 29
internal_count=110 98 73 57 44 25 29
is_linear=0
shrinkage=0.0510168


Tree=84
num_leaves=8
num_cat=0
split_feature=3 1 8 2 2 13 8
split_gain=78.4932 109.44 86.1094 146.2 156.863 77.4387 50.4367
threshold=13.500000000000002 1053.0000000000002 46.500000000000007 13392.500000000002 8975.0000000000018 9.9861111111111125 60.500000000000007
decision_type=2 2 2 2 2 2 2
left_child=-1 2 -2 4 5 -4 -7
right_child=1 -3 3 -5 -6 6 -8
leaf_value=0.11284743209703113 -0.094775314870153532 -0.16056937496573004 -0.064938118125444935 0.17111056822527529 -0.16303881614895119 0.15751783696411106 0.014983587517155863
leaf_weight=13.999999999999998 18 11.999999999999998 11.999999999999998 14.999999999999998 12.999999999999998 14.000000000000002 11.999999999999998
leaf_count=14 18 12 12 15 13 14 12
internal_value=0 -0.0164576 0.0041309 0.0311062 -0.0100732 0.042259 0.0917355
internal_weight=110 96 84 66 51 38 26
internal_count=110 96 84 66 51 38 26
is_linear=0
shrinkage=0.0510168


Tree=85
num_leaves=7
num_cat=0
split_feature=10 6 17 15 15 7
split_gain=82.2416 177.384 108.156 83.4112 129.021 75.7733
threshold=-5.3020833333333321 16.528265317278613 55.500000000000007 19.605549752746573 24.381115679471989 1980.0000000000002
decision_type=2 2 2 2 2 2
left_child=3 2 5 -1 -5 -2
right_child=1 -3 -4 4 -6 -7
leaf_value=0.13321773095643702 -0.14799159940736126 -0.19155770616753462 0.092433875379386563 -0.12367842934641704 0.092692884792083249 0.029782119011776461
leaf_weight=19 13.000000000000002 14.999999999999998 22 13.000000000000002 15.999999999999998 11.999999999999998
leaf_count=19 13 15 22 13 16 12
internal_value=0 -0.0388136 0.00993647 0.0501342 -0.00430147 -0.0626614
internal_weight=110 62 47 48 29 25
internal_count=110 62 47 48 29 25
is_linear=0
shrinkage=0.0510168


Tree=86
num_leaves=7
num_cat=0
split_feature=10 12 14 11 3 17
split_gain=74.0646 113.282 148.197 134.537 98.4929 18.1512
threshold=-5.3020833333333321 5.7250000000000014 21.500000000000004 56.500000000000007 14.500000000000002 57.500000000000007
decision_type=2 2 2 2 2 2
left_child=4 2 -2 -4 -1 -6
right_child=1 -3 3 -5 5 -7
leaf_value=-0.035286643849166667 0.12145763594211857 -0.16451856878923615 -0.18308367569456402 0.030474883719986575 0.15879295164609919 0.074604727636520041
leaf_weight=21 17 13.999999999999998 14.000000000000002 17 12.000000000000002 14.999999999999998
leaf_count=21 17 14 14 17 12 15
internal_value=0 -0.0368336 0.000409549 -0.0659726 0.0475766 0.112025
internal_weight=110 62 48 31 48 27
internal_count=110 62 48 31 48 27
is_linear=0
shrinkage=0.0510168


Tree=87
num_leaves=8
num_cat=0
split_feature=7 1 10 15 11 14 0
split_gain=80.9449 163.033 110.085 108.586 211.973 134.419 64.905
threshold=1320.0000000000002 914.50000000000011 10.677083333333332 16.867492208256046 51.500000000000007 22.500000000000004 2094.0000000000005
decision_type=2 2 2 2 2 2 2
left_child=2 3 -1 5 -5 -2 -6
right_child=1 -3 -4 4 6 -7 -8
leaf_value=0.17584567634448578 -0.018328450612188015 -0.19044198635795306 -0.034724987657092685 -0.19847568378127475 -0.024865876111567421 0.21435469491462378 0.12830437738439812
leaf_weight=14.000000000000002 14.000000000000002 12.999999999999998 11.999999999999998 14.999999999999998 18.000000000000004 11.999999999999998 11.999999999999998
leaf_count=14 14 13 12 15 18 12 12
internal_value=0 -0.0243478 0.0786606 0.00606533 -0.0418913 0.0890664 0.0364035
internal_weight=110 84 26 71 45 26 30
internal_count=110 84 26 71 45 26 30
is_linear=0
shrinkage=0.0510168


Tree=88
num_leaves=7
num_cat=0
split_feature=16 6 13 6 13 2
split_gain=87.9889 172.165 203.702 153.911 126.852 108.694
threshold=154.50000000000003 16.528265317278613 8.467402292667547 13.12041281803076 10.514583333333336 2300.5000000000005
decision_type=2 2 2 2 2 2
left_child=1 2 -1 5 -5 -4
right_child=-2 -3 3 4 -6 -7
leaf_value=-0.17915497656688406 0.12463249452344011 -0.16414216285733049 0.078109374148764343 0.22490380152563447 0.024763681943652777 -0.10355913087675815
leaf_weight=11.999999999999998 12.999999999999998 17 14.999999999999998 17 15.999999999999998 20
leaf_count=12 13 17 15 17 16 20
internal_value=0 -0.0167041 0.0146275 0.0488262 0.127869 -0.0257009
internal_weight=110 97 80 68 33 35
internal_count=110 97 80 68 33 35
is_linear=0
shrinkage=0.0510168


Tree=89
num_leaves=7
num_cat=0
split_feature=16 6 1 16 11 11
split_gain=79.2406 155.047 79.0257 198.029 117.573 142.456
threshold=154.50000000000003 16.528265317278613 216.00000000000003 101.50000000000001 55.500000000000007 58.500000000000007
decision_type=2 2 2 2 2 2
left_child=1 2 3 -1 -4 -6
right_child=-2 -3 4 -5 5 -7
leaf_value=0.097310270640077606 0.11827450610781794 -0.15576851626461669 0.14767410505446543 -0.18073265906931915 -0.11834025563704539 0.093747945819130374
leaf_weight=12.000000000000002 12.999999999999998 17 20 14.999999999999998 15.999999999999998 17
leaf_count=12 13 17 20 15 16 17
internal_value=0 -0.015852 0.0138813 -0.0571584 0.0500718 -0.00908273
internal_weight=110 97 80 27 53 33
internal_count=110 97 80 27 53 33
is_linear=0
shrinkage=0.0510168


Tree=90
num_leaves=7
num_cat=0
split_feature=16 6 12 16 16 9
split_gain=71.3621 139.632 61.2728 173.853 182.394 111.87
threshold=154.50000000000003 16.528265317278613 13.53541666666667 110.50000000000001 127.50000000000001 9.5000000000000018
decision_type=2 2 2 2 2 2
left_child=1 2 3 -1 5 -5
right_child=-2 -3 -4 4 -6 -7
leaf_value=0.16444085467937908 0.11224085979045566 -0.14782205687100289 -0.079766365731737524 -0.21384214207661123 0.12009955511863872 -0.01274830167208643
leaf_weight=19 12.999999999999998 17 14.999999999999998 12.000000000000002 15.999999999999998 18
leaf_count=19 13 17 15 12 16 18
internal_value=0 -0.0150433 0.0131732 0.0346216 -0.019001 -0.0931894
internal_weight=110 97 80 65 46 30
internal_count=110 97 80 65 46 30
is_linear=0
shrinkage=0.0510168


Tree=91
num_leaves=7
num_cat=0
split_feature=3 0 14 10 10 14
split_gain=75.5205 90.9971 148.078 134.313 103.504 126.538
threshold=13.500000000000002 2435.0000000000005 21.500000000000004 -13.55208333333333 -8.1354166666666661 22.500000000000004
decision_type=2 2 2 2 2 2
left_child=-1 3 -3 -2 -5 -6
right_child=1 2 -4 4 5 -7
leaf_value=0.11068985373797149 -0.1218075515681841 0.027092174571644055 -0.19602137259915442 0.18760074068527008 -0.073300897730597322 0.11054596981759308
leaf_weight=13.999999999999998 13.999999999999998 15.000000000000002 15.999999999999998 11.999999999999998 20 19
leaf_count=14 14 15 16 12 20 19
internal_value=0 -0.016143 -0.0880648 0.0181586 0.0565821 0.0162657
internal_weight=110 96 31 65 51 39
internal_count=110 96 31 65 51 39
is_linear=0
shrinkage=0.0510168


Tree=92
num_leaves=7
num_cat=0
split_feature=0 11 9 16 17 17
split_gain=72.0749 90.0185 130.087 106.01 97.0488 87.6256
threshold=2977.5000000000005 48.500000000000007 8.5000000000000018 115.00000000000001 55.500000000000007 62.500000000000007
decision_type=2 2 2 2 2 2
left_child=1 -1 -3 -4 -5 -6
right_child=-2 2 3 4 5 -7
leaf_value=-0.085248533032646068 -0.11800935395713641 0.19311502738202055 -0.099328939680221537 -0.065830230367510484 0.16775096387770985 0.0083183945713742047
leaf_weight=19 11.999999999999998 11.999999999999998 17 13.999999999999998 19 17
leaf_count=19 12 12 17 14 19 17
internal_value=0 0.0144509 0.03843 0.0107232 0.0481421 0.0924653
internal_weight=110 98 79 67 50 36
internal_count=110 98 79 67 50 36
is_linear=0
shrinkage=0.0510168


Tree=93
num_leaves=7
num_cat=0
split_feature=10 7 16 16 16 3
split_gain=72.8187 137.948 123.395 92.5978 88.8973 101.761
threshold=-5.3020833333333321 3510.0000000000005 127.50000000000001 123.50000000000001 145.00000000000003 14.500000000000002
decision_type=2 2 2 2 2 2
left_child=4 2 -2 -3 5 -1
right_child=1 3 -4 -5 -6 -7
leaf_value=-0.074042933772614769 -0.048779084506233659 -0.03400394388779604 0.14869571187002756 -0.22003057250980787 0.1674235375206255 0.097765664471631583
leaf_weight=19 20 15.000000000000002 13.999999999999998 12.999999999999998 11.999999999999998 17
leaf_count=19 20 15 14 13 12 17
internal_value=0 -0.0365225 0.0325352 -0.120377 0.0471747 0.00708896
internal_weight=110 62 34 28 48 36
internal_count=110 62 34 28 48 36
is_linear=0
shrinkage=0.0510168


Tree=94
num_leaves=8
num_cat=0
split_feature=3 1 11 2 2 6 2
split_gain=67.693 78.5895 99.0029 176.481 127.412 83.5627 19.5185
threshold=13.500000000000002 1053.0000000000002 48.500000000000007 13392.500000000002 8975.0000000000018 11.207781896630349 5443.0000000000009
decision_type=2 2 2 2 2 2 2
left_child=-1 2 -2 4 5 -4 -7
right_child=1 -3 3 -5 -6 6 -8
leaf_value=0.10479666365220951 -0.10388940690648604 -0.1374054262714903 -0.071699239950046345 0.19186105578837315 -0.15051194825931646 0.045782331345505529 0.13445433134837059
leaf_weight=13.999999999999998 18 11.999999999999998 12.999999999999998 13.999999999999998 12.999999999999998 14.000000000000002 11.999999999999998
leaf_count=14 18 12 13 14 13 14 12
internal_value=0 -0.0152835 0.00216341 0.0310879 -0.0121991 0.0339069 0.0867109
internal_weight=110 96 84 66 52 39 26
internal_count=110 96 84 66 52 39 26
is_linear=0
shrinkage=0.0510168


Tree=95
num_leaves=7
num_cat=0
split_feature=0 14 15 17 17 15
split_gain=63.8546 108.107 102.859 162.309 148.835 62.6949
threshold=2977.5000000000005 21.500000000000004 19.605549752746573 57.500000000000007 54.500000000000007 19.605549752746573
decision_type=2 2 2 2 2 2
left_child=1 5 4 -4 -3 -1
right_child=-2 2 3 -5 -6 -7
leaf_value=0.027538513123514755 -0.11107601640879995 0.14132616078220639 -0.20770904793427106 0.014289425535643295 -0.060601382889985206 0.18924879634505504
leaf_weight=13.000000000000002 11.999999999999998 19 14.999999999999998 20 19 11.999999999999998
leaf_count=13 12 19 15 20 19 12
internal_value=0 0.0136019 -0.0177553 -0.0808548 0.0403629 0.105163
internal_weight=110 98 73 35 38 25
internal_count=110 98 73 35 38 25
is_linear=0
shrinkage=0.0510168


Tree=96
num_leaves=7
num_cat=0
split_feature=10 7 4 7 3 8
split_gain=60.9621 119.885 159.383 87.7154 75.5013 14.2597
threshold=-5.3020833333333321 3510.0000000000005 38.500000000000007 1500.0000000000002 14.500000000000002 55.500000000000007
decision_type=2 2 2 2 2 2
left_child=4 3 -3 -2 -1 -6
right_child=1 2 -4 -5 5 -7
leaf_value=-0.029386196727849315 -0.029558104535106502 -0.22489825591207521 0.019156498246373169 0.14190759531235403 0.061109225369030476 0.13531825241498396
leaf_weight=21 22 15 13 11.999999999999998 13.000000000000002 13.999999999999998
leaf_count=21 22 15 13 12 13 14
internal_value=0 -0.0334171 -0.111589 0.0309606 0.0431637 0.099591
internal_weight=110 62 28 34 48 27
internal_count=110 62 28 34 48 27
is_linear=0
shrinkage=0.0510168


Tree=97
num_leaves=7
num_cat=0
split_feature=3 0 2 12 0 12
split_gain=64.8937 78.8847 117.251 116.117 54.8157 35.3032
threshold=13.500000000000002 2435.0000000000005 14893.500000000002 13.53541666666667 2094.0000000000005 3.995833333333334
decision_type=2 2 2 2 2 2
left_child=-1 3 -3 4 5 -2
right_child=1 2 -4 -5 -6 -7
leaf_value=0.10260697835080689 -0.032999922544609178 -0.19867333652927652 0.002391477523668984 -0.10751601014655983 0.12554200126390225 0.075015132004680962
leaf_weight=13.999999999999998 18 13.000000000000002 18 14.999999999999998 18 13.999999999999998
leaf_count=14 18 13 18 15 18 14
internal_value=0 -0.0149641 -0.0819284 0.0169731 0.054321 0.014257
internal_weight=110 96 31 65 50 32
internal_count=110 96 31 65 50 32
is_linear=0
shrinkage=0.0510168


Tree=98
num_leaves=7
num_cat=0
split_feature=16 6 15 16 16 11
split_gain=58.9756 117.363 71.7259 234.217 96.1289 65.353
threshold=154.50000000000003 16.528265317278613 19.605549752746573 118.50000000000001 110.50000000000001 58.500000000000007
decision_type=2 2 2 2 2 2
left_child=1 2 4 -4 -1 -5
right_child=-2 -3 3 5 -6 -7
leaf_value=0.13507485960522547 0.10203600520627135 -0.13540691818761783 -0.225143240128056 -0.036805299929469501 -0.01752237240610113 0.12829256283104634
leaf_weight=21 12.999999999999998 17 11.999999999999998 12.000000000000002 22 12.999999999999998
leaf_count=21 13 17 12 12 22 13
internal_value=0 -0.0136755 0.0121932 -0.0398824 0.0570026 0.0490464
internal_weight=110 97 80 37 43 25
internal_count=110 97 80 37 43 25
is_linear=0
shrinkage=0.0510168


Tree=99
num_leaves=8
num_cat=0
split_feature=10 2 12 3 17 17 14
split_gain=61.5101 167.58 161.278 93.4532 72.1245 143.18 50.5682
threshold=-15.468749999999996 2300.5000000000005 5.7250000000000014 14.500000000000002 54.500000000000007 55.500000000000007 22.500000000000004
decision_type=2 2 2 2 2 2 2
left_child=-1 -2 4 -4 -3 -6 -7
right_child=1 2 3 -5 5 6 -8
leaf_value=0.086245689283276444 0.13912304417843632 0.09829147118362988 -0.24851132928887565 -0.051076842717410857 -0.17917496377663686 0.10491274406154728 -0.040314037877999205
leaf_weight=18 14.999999999999998 14.999999999999998 13.000000000000002 11.999999999999998 11.999999999999998 13.000000000000002 11.999999999999998
leaf_count=18 15 15 13 12 12 13 12
internal_value=0 -0.0168747 -0.047265 -0.153747 0.00392971 -0.034326 0.0352043
internal_weight=110 92 77 25 52 37 25
internal_count=110 92 77 25 52 37 25
is_linear=0
shrinkage=0.0510168


Tree=100
num_leaves=8
num_cat=0
split_feature=3 13 13 5 13 7 2
split_gain=64.1365 91.0148 113.932 85.4337 106.982 110.782 51.3469
threshold=13.500000000000002 12.111805555555557 11.422222222222224 1.0000000180025095e-35 8.6250000000000018 1320.0000000000002 3551.5000000000005
decision_type=2 2 2 2 2 2 2
left_child=-1 2 3 4 -2 -6 -3
right_child=1 6 -4 -5 5 -7 -8
leaf_value=0.10200658495785275 -0.1781246285558872 0.00025153663602928502 -0.18823581006873683 0.10567860838457013 0.11609185237501787 -0.073401785996548313 0.14406411350958312
leaf_weight=13.999999999999998 11.999999999999998 14.000000000000002 11.999999999999998 11.999999999999998 12.999999999999998 21 11.999999999999998
leaf_count=14 12 14 12 12 13 21 12
internal_value=0 -0.0148766 -0.0451507 -0.0155448 -0.0471696 -0.000947101 0.0666291
internal_weight=110 96 70 58 46 34 26
internal_count=110 96 70 58 46 34 26
is_linear=0
shrinkage=0.0510168


Tree=101
num_leaves=7
num_cat=0
split_feature=17 11 15 16 15 14
split_gain=59.8388 179.634 107.144 157.105 183.801 148.705
threshold=64.500000000000014 58.500000000000007 19.605549752746573 110.50000000000001 17.329401481565885 21.500000000000004
decision_type=2 2 2 2 2 2
left_child=1 2 3 -1 -5 -4
right_child=-2 -3 5 4 -6 -7
leaf_value=0.15081157275025858 -0.10277996313700161 0.19024740626634559 0.03245813389428031 -0.15244483211500201 0.11167668755374516 -0.17276694546273677
leaf_weight=19 12.999999999999998 12.999999999999998 17 16.000000000000004 11.999999999999998 20
leaf_count=19 13 13 17 16 12 20
internal_value=0 0.0137753 -0.0135371 0.0375846 -0.0392496 -0.0784753
internal_weight=110 97 84 47 28 37
internal_count=110 97 84 47 28 37
is_linear=0
shrinkage=0.0510168


Tree=102
num_leaves=7
num_cat=0
split_feature=8 10 15 12 8 0
split_gain=56.2025 100.526 109.198 154.568 107.262 66.8679
threshold=46.500000000000007 -11.432499148791281 23.677455868939198 -5.3666666666666671 52.500000000000007 2370.5000000000005
decision_type=2 2 2 2 2 2
left_child=-1 5 3 -3 -5 -2
right_child=1 2 -4 4 -6 -7
leaf_value=-0.072931623127261702 0.022114063871544822 0.14305813890900068 -0.15387322798950062 -0.12178790767272751 0.058680234587568436 0.19242632978312865
leaf_weight=22 12.000000000000002 17 11.999999999999998 20 14.999999999999998 11.999999999999998
leaf_count=22 12 17 12 20 15 12
internal_value=0 0.0182334 -0.0151575 0.0168554 -0.0444445 0.107274
internal_weight=110 88 64 52 35 24
internal_count=110 88 64 52 35 24
is_linear=0
shrinkage=0.0510168


Tree=103
num_leaves=8
num_cat=0
split_feature=17 8 6 1 6 1 7
split_gain=57.5945 173.743 73.6338 170.993 190.062 137.098 107.89
threshold=64.500000000000014 57.500000000000007 21.196077457725799 491.00000000000006 15.703964017333062 359.50000000000006 4290.0000000000009
decision_type=2 2 2 2 2 2 2
left_child=1 2 3 5 -5 6 -1
right_child=-2 -3 -4 4 -6 -7 -8
leaf_value=-0.14269856523693644 -0.10083411169911208 0.1952271900890464 0.1049707346694652 0.0015665050091116339 -0.27429863924560965 0.16758775854092128 0.044305503635996155
leaf_weight=12.999999999999998 12.999999999999998 11.999999999999998 11.999999999999998 13.000000000000002 12.999999999999998 12.999999999999998 21
leaf_count=13 13 12 12 13 13 13 21
internal_value=0 0.0135146 -0.0121403 -0.0313924 -0.136369 0.026681 -0.0271973
internal_weight=110 97 85 73 26 47 34
internal_count=110 97 85 73 26 47 34
is_linear=0
shrinkage=0.0510168


Tree=104
num_leaves=8
num_cat=0
split_feature=16 6 13 6 13 6 14
split_gain=52.3549 104.142 144.408 132.733 174.522 60.5217 28.988
threshold=154.50000000000003 16.528265317278613 8.467402292667547 13.681875034160567 10.514583333333336 12.22276291003919 22.500000000000004
decision_type=2 2 2 2 2 2 2
left_child=1 2 -1 5 -5 6 -4
right_child=-2 -3 3 4 -6 -7 -8
leaf_value=-0.15167650790993178 0.09613823403514761 -0.12755522637518948 -0.028667399282125392 0.26270464128679605 0.0031195361523996385 -0.099166539128062337 0.079386783088868457
leaf_weight=11.999999999999998 12.999999999999998 17 12.000000000000002 13.000000000000002 13.999999999999998 14.999999999999998 13.999999999999998
leaf_count=12 13 17 12 13 14 15 14
internal_value=0 -0.0128851 0.0114832 0.0402775 0.128109 -0.0175638 0.0295158
internal_weight=110 97 80 68 27 41 26
internal_count=110 97 80 68 27 41 26
is_linear=0
shrinkage=0.0510168


Tree=105
num_leaves=7
num_cat=0
split_feature=0 17 17 16 0 17
split_gain=53.1352 65.9049 78.1527 121.076 117.421 66.5567
threshold=2977.5000000000005 64.500000000000014 55.500000000000007 110.50000000000001 2497.0000000000005 57.500000000000007
decision_type=2 2 2 2 2 2
left_child=1 2 3 -1 -5 -4
right_child=-2 -3 5 4 -6 -7
leaf_value=0.083403906757163374 -0.10132469867828128 -0.094567241130641633 0.15145412172390099 -0.19364023195005836 0.012775687194232306 0.01250400706351546
leaf_weight=20 11.999999999999998 12.999999999999998 19 13.000000000000002 15.999999999999998 17
leaf_count=20 12 13 19 13 16 17
internal_value=0 0.0124078 0.0287695 -0.0131607 -0.0797578 0.0858407
internal_weight=110 98 85 49 29 36
internal_count=110 98 85 49 29 36
is_linear=0
shrinkage=0.0510168


Tree=106
num_leaves=7
num_cat=0
split_feature=13 8 8 15 3 14
split_gain=53.9259 84.355 117.143 107.251 128.008 74.0712
threshold=12.744444444444445 46.500000000000007 51.500000000000007 18.462444407165659 14.500000000000002 21.500000000000004
decision_type=2 2 2 2 2 2
left_child=1 -1 5 -4 -5 -3
right_child=-2 2 3 4 -6 -7
leaf_value=-0.11444921244190652 0.083545251335460577 0.14544965652823505 0.065055849086294956 -0.23313472358017362 -0.0095862106005648075 -0.0062023374175436225
leaf_weight=18 17 19 13.999999999999998 12.000000000000002 14.999999999999998 14.999999999999998
leaf_count=18 17 19 14 12 15 15
internal_value=0 -0.0152722 0.00853101 -0.0495298 -0.108945 0.0785454
internal_weight=110 93 75 41 27 34
internal_count=110 93 75 41 27 34
is_linear=0
shrinkage=0.0510168


Tree=107
num_leaves=7
num_cat=0
split_feature=3 0 14 12 14 15
split_gain=50.2699 57.8455 118.246 98.0528 77.1235 29.7682
threshold=13.500000000000002 2435.0000000000005 21.500000000000004 13.53541666666667 22.500000000000004 17.329401481565885
decision_type=2 2 2 2 2 2
left_child=-1 3 -3 4 -2 -6
right_child=1 2 -4 -5 5 -7
leaf_value=0.090308694675648754 -0.02298189654346619 0.032391073786769455 -0.16698477108682533 -0.10021862963411554 0.16116409954319422 0.055684668069750816
leaf_weight=13.999999999999998 22 15.000000000000002 15.999999999999998 14.999999999999998 13.000000000000002 14.999999999999998
leaf_count=14 22 15 16 15 13 15
internal_value=0 -0.0131706 -0.0705138 0.014178 0.0484982 0.104661
internal_weight=110 96 31 65 50 28
internal_count=110 96 31 65 50 28
is_linear=0
shrinkage=0.0510168


Tree=108
num_leaves=7
num_cat=0
split_feature=0 14 0 1 8 16
split_gain=47.8867 85.0297 63.1471 89.5536 36.1198 30.9243
threshold=2977.5000000000005 21.500000000000004 2435.0000000000005 101.50000000000001 49.500000000000007 123.50000000000001
decision_type=2 2 2 2 2 2
left_child=1 4 3 -3 -1 -5
right_child=-2 2 -4 5 -6 -7
leaf_value=0.02915175135303039 -0.096190410944023988 -0.085015572906344372 -0.10558629358090554 0.10422980692688794 0.15189552493690459 0.012616386465939485
leaf_weight=12.000000000000002 11.999999999999998 18 15.999999999999998 17 12.999999999999998 22
leaf_count=12 12 18 16 17 13 22
internal_value=0 0.0117791 -0.0160305 0.00910883 0.0929815 0.0525519
internal_weight=110 98 73 57 25 39
internal_count=110 98 73 57 25 39
is_linear=0
shrinkage=0.0510168


Tree=109
num_leaves=7
num_cat=0
split_feature=10 17 10 0 16 15
split_gain=55.5949 82.1754 146.133 97.0878 79.7555 136.887
threshold=-5.3020833333333321 57.500000000000007 1.0000000180025095e-35 2331.5000000000005 145.00000000000003 19.605549752746573
decision_type=2 2 2 2 2 2
left_child=4 2 -2 -4 5 -1
right_child=1 -3 3 -5 -6 -7
leaf_value=0.10841971770133083 -0.12607529936897161 -0.14066253133870885 0.17017733374006669 -0.010753378227670593 0.15511794953072036 -0.090847145618137198
leaf_weight=17 15.999999999999998 13.999999999999998 12.999999999999998 19 11.999999999999998 19
leaf_count=17 16 14 13 19 12 19
internal_value=0 -0.0319122 -0.000191441 0.0627516 0.0412198 0.0032511
internal_weight=110 62 48 32 48 36
internal_count=110 62 48 32 48 36
is_linear=0
shrinkage=0.0510168


Tree=110
num_leaves=7
num_cat=0
split_feature=10 6 9 12 6 15
split_gain=50.0674 122.227 86.2156 91.1477 41.1007 109.326
threshold=-5.3020833333333321 16.528265317278613 9.5000000000000018 -0.88930555555555457 16.93195362100079 19.605549752746573
decision_type=2 2 2 2 2 2
left_child=4 2 -2 -4 5 -1
right_child=1 -3 3 -5 -6 -7
leaf_value=0.10585202593679724 -0.070098370483877542 -0.15707616245712439 0.17444611664289306 -0.014188411757553959 0.11268323706183681 -0.077425236040855064
leaf_weight=15.999999999999998 20 14.999999999999998 12 15 13.999999999999998 18
leaf_count=16 20 15 12 15 14 18
internal_value=0 -0.0302842 0.0101829 0.0696512 0.039117 0.00882301
internal_weight=110 62 47 27 48 34
internal_count=110 62 47 27 48 34
is_linear=0
shrinkage=0.0510168


Tree=111
num_leaves=7
num_cat=0
split_feature=2 16 15 12 12 0
split_gain=48.1162 139.711 142.208 77.9945 111.069 116.968
threshold=1272.5000000000002 110.50000000000001 17.715095156998228 13.53541666666667 -5.3666666666666671 2331.5000000000005
decision_type=2 2 2 2 2 2
left_child=-1 -2 -3 4 -4 -6
right_child=1 2 3 -5 5 -7
leaf_value=-0.096420564627200403 0.16756113892417973 -0.13499949588106222 0.097954408447061686 0.12142660625825549 0.030623330667221921 -0.16155788120980014
leaf_weight=11.999999999999998 12.999999999999998 19 16.999999999999993 15.999999999999998 17.000000000000007 15.999999999999998
leaf_count=12 13 19 17 16 17 16
internal_value=0 0.0118073 -0.012015 0.0233906 -0.00798205 -0.0625566
internal_weight=110 98 85 66 50 33
internal_count=110 98 85 66 50 33
is_linear=0
shrinkage=0.0510168


Tree=112
num_leaves=8
num_cat=0
split_feature=6 6 13 6 13 6 9
split_gain=49.2455 80.2144 128.81 125.315 158.164 46.7271 37.3804
threshold=21.196077457725799 16.528265317278613 8.467402292667547 13.681875034160567 10.514583333333336 12.22276291003919 9.5000000000000018
decision_type=2 2 2 2 2 2 2
left_child=1 2 -1 5 -5 6 -4
right_child=-2 -3 3 4 -6 -7 -8
leaf_value=-0.14414739249443842 0.097545684395354201 -0.10924756479760846 -0.03432270492578636 0.25061778688607261 0.003497799623384111 -0.090760210794303034 0.088380026909748208
leaf_weight=11.999999999999998 11.999999999999998 18 14.000000000000002 13.000000000000002 13.999999999999998 14.999999999999998 11.999999999999998
leaf_count=12 12 18 14 13 14 15 12
internal_value=0 -0.0119449 0.00994884 0.0371437 0.122485 -0.0190579 0.0223098
internal_weight=110 98 80 68 27 41 26
internal_count=110 98 80 68 27 41 26
is_linear=0
shrinkage=0.0510168


Tree=113
num_leaves=7
num_cat=0
split_feature=3 13 16 7 7 17
split_gain=46.3069 62.4519 87.3383 128.122 113.548 31.052
threshold=13.500000000000002 12.744444444444445 127.50000000000001 3030.0000000000005 1980.0000000000002 54.500000000000007
decision_type=2 2 2 2 2 2
left_child=-1 2 4 -4 -2 -6
right_child=1 -3 3 -5 5 -7
leaf_value=0.086675955728940476 -0.18285160466415523 0.076060254167691882 0.15538908679215166 -0.046617646358955357 0.042236770427859061 -0.067257504474059551
leaf_weight=13.999999999999998 17 17 12.999999999999998 22 13.000000000000002 13.999999999999998
leaf_count=14 17 17 13 22 13 14
internal_value=0 -0.0126407 -0.0317289 0.0284148 -0.0795704 -0.0145379
internal_weight=110 96 79 35 44 27
internal_count=110 96 79 35 44 27
is_linear=0
shrinkage=0.0510168


Tree=114
num_leaves=7
num_cat=0
split_feature=17 8 13 11 17 13
split_gain=43.1004 144.286 91.439 102.621 40.6086 68.9662
threshold=64.500000000000014 57.500000000000007 8.6250000000000018 48.500000000000007 55.500000000000007 10.02777777777778
decision_type=2 2 2 2 2 2
left_child=1 2 -1 -4 5 -5
right_child=-2 -3 3 4 -6 -7
leaf_value=-0.13084556821465756 -0.087228316247770249 0.17728479332992064 -0.086131804208430626 0.092238615637698848 0.10689280065388292 -0.060024820732620693
leaf_weight=13.999999999999998 12.999999999999998 11.999999999999998 20 15.000000000000002 20 15.999999999999998
leaf_count=14 13 12 20 15 20 16
internal_value=1.82382e-08 0.0116911 -0.011688 0.0118088 0.0502177 0.0136511
internal_weight=110 97 85 71 51 31
internal_count=110 97 85 71 51 31
is_linear=0
shrinkage=0.0510168


Tree=115
num_leaves=7
num_cat=0
split_feature=10 12 15 12 16 15
split_gain=43.1772 71.7769 83.6388 92.3808 62.5547 118.145
threshold=-5.3020833333333321 5.7250000000000014 17.329401481565885 -5.3666666666666671 145.00000000000003 19.605549752746573
decision_type=2 2 2 2 2 2
left_child=4 2 -2 -4 5 -1
right_child=1 -3 3 -5 -6 -7
leaf_value=0.10040384956810906 -0.098361367670084132 -0.1297602335028778 0.12019489774938411 -0.05251224577655593 0.13719690352308786 -0.084719419189635756
leaf_weight=17 14.999999999999998 13.999999999999998 18.999999999999996 14.000000000000002 11.999999999999998 19
leaf_count=17 15 14 19 14 12 19
internal_value=1.16589e-08 -0.0281232 0.00152223 0.0469254 0.0363259 0.00269988
internal_weight=110 62 48 33 48 36
internal_count=110 62 48 33 48 36
is_linear=0
shrinkage=0.0510168


Tree=116
num_leaves=7
num_cat=0
split_feature=10 12 10 15 3 8
split_gain=45.2596 100.424 84.7798 90.8058 57.0354 18.7393
threshold=16.015625000000004 -5.3666666666666671 -5.3020833333333321 19.605549752746573 14.500000000000002 55.500000000000007
decision_type=2 2 2 2 2 2
left_child=1 -1 4 -4 -3 -6
right_child=-2 2 3 -5 5 -7
leaf_value=0.1391678856180312 -0.082352321970212583 -0.028583833439317072 -0.0035195710996986317 -0.17671414669190685 0.039406027182400452 0.12447168587105015
leaf_weight=13.999999999999998 14.999999999999998 21 20 12.999999999999998 13.000000000000002 13.999999999999998
leaf_count=14 15 21 20 13 13 14
internal_value=0 0.0130036 -0.00880346 -0.0717504 0.0344728 0.0835167
internal_weight=110 95 81 33 48 27
internal_count=110 95 81 33 48 27
is_linear=0
shrinkage=0.0510168


Tree=117
num_leaves=7
num_cat=0
split_feature=3 13 12 1 16 1
split_gain=45.3011 54.8199 99.1342 86.9247 194.052 36.377
threshold=13.500000000000002 12.744444444444445 8.4312500000000004 503.50000000000006 127.50000000000001 345.00000000000006
decision_type=2 2 2 2 2 2
left_child=-1 2 3 5 -5 -2
right_child=1 -3 -4 4 -6 -7
leaf_value=0.085729470258836746 0.017252536890035381 0.070601852707492363 -0.13194113124754145 -0.21822296990224174 0.043821382551369831 0.13326602800159715
leaf_weight=13.999999999999998 17.000000000000004 17 19 12.000000000000002 19 11.999999999999998
leaf_count=14 17 17 19 12 19 12
internal_value=0 -0.0125027 -0.0303865 0.00177346 -0.0576176 0.0652606
internal_weight=110 96 79 60 31 29
internal_count=110 96 79 60 31 29
is_linear=0
shrinkage=0.0510168


Tree=118
num_leaves=8
num_cat=0
split_feature=3 1 12 6 10 10 10
split_gain=40.797 43.6952 46.974 74.5558 79.7708 80.0234 114.464
threshold=13.500000000000002 1053.0000000000002 13.53541666666667 16.528265317278613 14.541666666666668 1.0000000180025095e-35 -5.3020833333333321
decision_type=2 2 2 2 2 2 2
left_child=-1 2 3 4 5 6 -2
right_child=1 -3 -4 -5 -6 -7 -8
leaf_value=0.08135605987154218 0.1164658280126066 -0.1029249307404177 -0.077503037133344665 -0.090223517707014575 -0.07067944260661764 0.17316270229530012 -0.09196627715430504
leaf_weight=13.999999999999998 15.999999999999991 11.999999999999998 15.999999999999998 12.999999999999998 11.999999999999998 14.999999999999998 12.000000000000009
leaf_count=14 16 12 16 13 12 15 12
internal_value=4.80847e-09 -0.0118648 0.0011444 0.0196505 0.0456217 0.0780787 0.0271374
internal_weight=110 96 84 68 55 43 28
internal_count=110 96 84 68 55 43 28
is_linear=0
shrinkage=0.0510168


Tree=119
num_leaves=6
num_cat=0
split_feature=7 1 10 1 7
split_gain=41.4943 114.111 159.973 62.7585 60.1775
threshold=5790.0000000000009 216.00000000000003 -15.468749999999996 443.50000000000006 1980.0000000000002
decision_type=2 2 2 2 2
left_child=1 -1 -3 -4 -5
right_child=-2 2 3 4 -6
leaf_value=-0.099505945351414923 -0.064504049596757942 0.21410283453379667 0.08917865807389963 -0.088425243407022625 0.035223387548750019
leaf_weight=18 21 11.999999999999998 18 20 21
leaf_count=18 21 12 18 20 21
internal_value=0 0.0152205 0.044307 0.00976985 -0.0250933
internal_weight=110 89 71 59 41
internal_count=110 89 71 59 41
is_linear=0
shrinkage=0.0510168


Tree=120
num_leaves=8
num_cat=0
split_feature=16 8 7 16 15 2 1
split_gain=47.3541 158.336 99.9093 82.564 95.681 36.9572 22.2883
threshold=101.50000000000001 46.500000000000007 5790.0000000000009 118.50000000000001 21.873710377563643 9870.5000000000018 833.50000000000011
decision_type=2 2 2 2 2 2 2
left_child=-1 -2 3 -3 5 -5 -6
right_child=1 2 -4 4 6 -7 -8
leaf_value=0.091431638144791827 -0.17095503518753313 -0.067455063317779548 -0.11536362383241776 0.052632846245180775 0.094870905172134534 -0.061724534607508784 0.19321077708841738
leaf_weight=12.999999999999998 13.999999999999998 14.999999999999998 12.999999999999998 19.000000000000004 12.000000000000002 11.999999999999998 11.999999999999998
leaf_count=13 14 15 13 19 12 12 12
internal_value=0 -0.0122542 0.0145157 0.0386373 0.0675723 0.00836473 0.144046
internal_weight=110 97 83 70 55 31 24
internal_count=110 97 83 70 55 31 24
is_linear=0
shrinkage=0.0510168


Tree=121
num_leaves=8
num_cat=0
split_feature=17 8 15 11 9 17 15
split_gain=42.3065 113.969 61.2892 67.1333 113.726 86.2433 84.2194
threshold=64.500000000000014 57.500000000000007 23.677455868939198 56.500000000000007 9.5000000000000018 51.500000000000007 16.867492208256046
decision_type=2 2 2 2 2 2 2
left_child=1 2 3 4 5 -1 -6
right_child=-2 -3 -4 -5 6 -7 -8
leaf_value=-0.038468744332773475 -0.086421179625503775 0.15875436756406716 -0.1027761226049676 0.11547116708756205 -0.0045625254524095642 0.1293618671441239 -0.19198525909261271
leaf_weight=14.999999999999998 12.999999999999998 11.999999999999998 14.999999999999998 12.999999999999998 13.000000000000002 17 11.999999999999998
leaf_count=15 13 12 15 13 13 17 12
internal_value=0 0.0115829 -0.00919533 0.0108584 -0.0130016 0.0506919 -0.0945288
internal_weight=110 97 85 70 57 32 25
internal_count=110 97 85 70 57 32 25
is_linear=0
shrinkage=0.0510168


Tree=122
num_leaves=7
num_cat=0
split_feature=16 10 8 17 17 12
split_gain=44.2597 173.899 80.1446 108.353 79.9858 37.7233
threshold=101.50000000000001 -15.468749999999996 49.500000000000007 62.500000000000007 55.500000000000007 2.5250000000000008
decision_type=2 2 2 2 2 2
left_child=-1 -2 -3 4 -4 -6
right_child=1 2 3 -5 5 -7
leaf_value=0.088393760955398054 0.14786035290260433 -0.12184167610152098 -0.046217526820353294 -0.1396189210668414 0.14904512309196882 0.0236071007117604
leaf_weight=12.999999999999998 14.999999999999998 23 21 12.999999999999998 13.000000000000002 11.999999999999998
leaf_count=13 15 23 21 13 13 12
internal_value=0 -0.0118471 -0.041063 -0.00957177 0.0271821 0.0888377
internal_weight=110 97 82 59 46 25
internal_count=110 97 82 59 46 25
is_linear=0
shrinkage=0.0510168


Tree=123
num_leaves=7
num_cat=0
split_feature=16 15 8 8 8 15
split_gain=39.8591 141.922 181.173 98.8547 87.5285 71.1287
threshold=101.50000000000001 17.715095156998228 52.500000000000007 51.500000000000007 55.500000000000007 19.76386813791753
decision_type=2 2 2 2 2 2
left_child=-1 2 -2 5 -5 -3
right_child=1 3 -4 4 -6 -7
leaf_value=0.083884450412712377 -0.22049511607783584 0.19290986746645569 0.041733199071943797 -0.11313963702130227 0.042577618410131635 0.034257198087008243
leaf_weight=12.999999999999998 16.000000000000004 12.000000000000002 11.999999999999998 17 21 19
leaf_count=13 16 12 12 17 21 19
internal_value=9.74461e-09 -0.0112427 -0.108113 0.0280676 -0.0270859 0.0956746
internal_weight=110 97 28 69 38 31
internal_count=110 97 28 69 38 31
is_linear=0
shrinkage=0.0510168


Tree=124
num_leaves=7
num_cat=0
split_feature=16 13 10 12 10 16
split_gain=39.344 54.5929 78.2423 79.6729 63.5079 68.3145
threshold=154.50000000000003 8.467402292667547 6.1510416666666687 4.6812500000000012 -15.468749999999996 123.50000000000001
decision_type=2 2 2 2 2 2
left_child=1 -1 3 -3 -5 -6
right_child=-2 2 -4 4 5 -7
leaf_value=-0.10845555796163957 0.083340737916812943 0.14029864974031467 -0.078768005785369494 0.084970083439738484 0.022146510807464041 -0.12962331550131645
leaf_weight=12.999999999999998 12.999999999999998 13.999999999999998 22 15.999999999999991 19.000000000000007 12.999999999999998
leaf_count=13 13 14 22 16 19 13
internal_value=3.98694e-08 -0.0111698 0.00388705 0.033217 0.001983 -0.0395112
internal_weight=110 97 84 62 48 32
internal_count=110 97 84 62 48 32
is_linear=0
shrinkage=0.0510168


Tree=125
num_leaves=7
num_cat=0
split_feature=14 0 10 16 15 8
split_gain=36.8809 73.4769 117.798 72.495 71.8735 56.999
threshold=21.500000000000004 2435.0000000000005 -13.55208333333333 110.50000000000001 20.139489377877215 52.500000000000007
decision_type=2 2 2 2 2 2
left_child=4 2 -2 -4 -1 -5
right_child=1 -3 3 5 -6 -7
leaf_value=-0.025767107037065397 -0.1257189869667415 -0.10664059133923307 0.14492524725250122 -0.081789484673476923 0.12283726329680536 0.061749041990438049
leaf_weight=18 12.999999999999998 19 13.999999999999998 12.000000000000002 15.999999999999998 18
leaf_count=18 13 19 14 12 16 18
internal_value=4.25094e-08 -0.0197582 0.00920347 0.0490686 0.0441652 0.0043327
internal_weight=110 76 57 44 34 30
internal_count=110 76 57 44 34 30
is_linear=0
shrinkage=0.0510168


Tree=126
num_leaves=7
num_cat=0
split_feature=17 11 15 17 14 7
split_gain=36.3651 85.6178 68.3781 99.1963 99.1233 32.8196
threshold=64.500000000000014 58.500000000000007 19.605549752746573 54.500000000000007 21.500000000000004 3585.0000000000005
decision_type=2 2 2 2 2 2
left_child=1 2 3 5 -4 -1
right_child=-2 -3 4 -5 -6 -7
leaf_value=0.15664707951191434 -0.080123306577840475 0.13257136396847541 0.03057619473040972 -0.049744963995616787 -0.13697771619352431 0.042007713992571437
leaf_weight=13.000000000000002 12.999999999999998 12.999999999999998 17 21 20 12.999999999999998
leaf_count=13 13 13 17 21 20 13
internal_value=2.74332e-08 0.0107388 -0.00811707 0.0327224 -0.0599941 0.0993306
internal_weight=110 97 84 47 37 26
internal_count=110 97 84 47 37 26
is_linear=0
shrinkage=0.0510168


Tree=127
num_leaves=7
num_cat=0
split_feature=6 6 1 15 11 11
split_gain=41.6388 74.9402 53.7727 192.492 49.1932 51.5516
threshold=21.196077457725799 16.528265317278613 216.00000000000003 15.00614054465674 55.500000000000007 58.500000000000007
decision_type=2 2 2 2 2 2
left_child=1 2 3 -1 -4 -6
right_child=-2 -3 4 -5 5 -7
leaf_value=0.082839650627451022 0.089696215046803765 -0.10503300302931751 0.10316470497769868 -0.18977786821481823 -0.063957803187218998 0.063626348186650319
leaf_weight=14.000000000000002 11.999999999999998 18 20 12.999999999999998 15.999999999999998 17
leaf_count=14 12 18 20 13 16 17
internal_value=5.76789e-08 -0.0109836 0.0101781 -0.0484218 0.0400314 0.00176701
internal_weight=110 98 80 27 53 33
internal_count=110 98 80 27 53 33
is_linear=0
shrinkage=0.0510168


Tree=128
num_leaves=8
num_cat=0
split_feature=6 6 13 6 13 2 10
split_gain=37.4988 67.4891 97.5734 92.0902 127.729 43.7316 20.6866
threshold=21.196077457725799 16.528265317278613 8.467402292667547 13.681875034160567 10.514583333333336 2300.5000000000005 -1.8878472222222225
decision_type=2 2 2 2 2 2 2
left_child=1 2 -1 5 -5 -4 -7
right_child=-2 -3 3 4 -6 6 -8
leaf_value=-0.12445764717978787 0.085120479872558455 -0.0996747786965234 0.054515171738084629 0.2216330268219186 -0.00044022785344776554 -0.096999529284643268 -0.0057164349842258547
leaf_weight=11.999999999999998 11.999999999999998 18 14.999999999999998 13.000000000000002 13.999999999999998 13.999999999999996 12.000000000000004
leaf_count=12 12 18 15 13 14 14 12
internal_value=4.8242e-08 -0.0104233 0.00965886 0.0333277 0.106487 -0.0148509 -0.0548706
internal_weight=110 98 80 68 27 41 26
internal_count=110 98 80 68 27 41 26
is_linear=0
shrinkage=0.0510168


Tree=129
num_leaves=8
num_cat=0
split_feature=0 1 15 13 11 15 11
split_gain=36.5587 43.4773 173.103 51.5665 88.4467 87.9177 37.0649
threshold=2977.5000000000005 216.00000000000003 15.00614054465674 10.514583333333336 55.500000000000007 20.139489377877215 61.500000000000007
decision_type=2 2 2 2 2 2 2
left_child=1 2 -1 4 -3 -5 -7
right_child=-2 3 -4 5 -6 6 -8
leaf_value=0.079664853322126999 -0.084046336484532302 0.17558836399832725 -0.17885834233050085 -0.12255810753845937 0.0024307842066422546 0.10553420887019822 -0.012157418288352033
leaf_weight=14.000000000000002 11.999999999999998 14.000000000000002 12.999999999999998 11.999999999999998 17 13.000000000000002 14.999999999999998
leaf_count=14 12 14 13 12 17 13 15
internal_value=4.34562e-08 0.0102921 -0.0448104 0.0312469 0.0806336 -0.00702825 0.0424861
internal_weight=110 98 27 71 31 40 28
internal_count=110 98 27 71 31 40 28
is_linear=0
shrinkage=0.0510168


Tree=130
num_leaves=8
num_cat=0
split_feature=0 14 0 13 13 13 15
split_gain=32.9238 48.7267 49.9399 58.3832 117.909 47.2813 34.2121
threshold=2977.5000000000005 21.500000000000004 2435.0000000000005 9.2743055555555571 11.502083333333337 12.744444444444445 19.605549752746573
decision_type=2 2 2 2 2 2 2
left_child=1 6 3 -3 -5 -6 -1
right_child=-2 2 -4 4 5 -7 -8
leaf_value=0.013895820959330042 -0.079758825211372994 -0.088910040145215669 -0.090926673806795005 0.13887253477764128 -0.09974981753949598 0.035361541999239861 0.13335237994393567
leaf_weight=13.000000000000002 11.999999999999998 11.999999999999998 15.999999999999998 18 13.000000000000002 13.999999999999998 11.999999999999998
leaf_count=13 12 12 16 18 13 14 12
internal_value=2.61236e-08 0.00976704 -0.0112849 0.0110714 0.0377344 -0.0296926 0.0712376
internal_weight=110 98 73 57 45 27 25
internal_count=110 98 73 57 45 27 25
is_linear=0
shrinkage=0.0510168


Tree=131
num_leaves=8
num_cat=0
split_feature=6 6 1 16 7 2 16
split_gain=35.1348 62.366 40.9897 104.9 64.0166 82.8599 8.50791
threshold=21.196077457725799 16.528265317278613 216.00000000000003 101.50000000000001 660.00000000000011 10538.500000000002 125.50000000000001
decision_type=2 2 2 2 2 2 2
left_child=1 2 3 -1 -4 6 -6
right_child=-2 -3 4 -5 5 -7 -8
leaf_value=0.07047785760926778 0.082393577817252178 -0.095886472348652538 -0.058298976349335278 -0.13188711889985585 0.043306995376048339 0.17403337733661861 -0.015231622632870971
leaf_weight=12.000000000000002 11.999999999999998 18 13.999999999999998 14.999999999999998 14.000000000000002 12.999999999999998 11.999999999999998
leaf_count=12 12 18 14 15 14 13 12
internal_value=6.2304e-09 -0.0100894 0.00921547 -0.0419473 0.0352799 0.0688731 0.0162891
internal_weight=110 98 80 27 53 39 26
internal_count=110 98 80 27 53 39 26
is_linear=0
shrinkage=0.0510168


Tree=132
num_leaves=7
num_cat=0
split_feature=0 9 11 2 12 0
split_gain=32.577 42.4734 78.8072 70.8594 39.1325 78.1398
threshold=2977.5000000000005 8.5000000000000018 52.500000000000007 13392.500000000002 14.718749999999998 1988.0000000000002
decision_type=2 2 2 2 2 2
left_child=1 -1 -3 4 5 -4
right_child=-2 2 3 -5 -6 -7
leaf_value=0.074026426813812829 -0.079337645570035559 -0.10859728516270326 0.016401895712951385 0.11935251997700387 0.068097571601836299 -0.14418785658537975
leaf_weight=21 11.999999999999998 15.999999999999998 23 13.999999999999998 11.999999999999998 11.999999999999998
leaf_count=21 12 16 23 14 12 12
internal_value=2.34214e-08 0.00971546 -0.00782429 0.0186088 -0.0114012 -0.038659
internal_weight=110 98 77 61 47 35
internal_count=110 98 77 61 47 35
is_linear=0
shrinkage=0.0510168


Tree=133
num_leaves=7
num_cat=0
split_feature=16 1 16 1 15 1
split_gain=32.1459 49.0939 59.4458 56.9133 73.1851 88.896
threshold=154.50000000000003 592.00000000000011 127.50000000000001 359.50000000000006 15.00614054465674 216.00000000000003
decision_type=2 2 2 2 2 2
left_child=1 3 -3 4 -1 -6
right_child=-2 2 -4 -5 5 -7
leaf_value=0.076382620212358754 0.075332210701034935 -0.15121727248376224 -0.008878077902103881 0.082436790869118343 -0.16411341947602467 0.018152644950900888
leaf_weight=13.999999999999998 12.999999999999998 11.999999999999998 21 22 13.000000000000002 14.999999999999998
leaf_count=14 13 12 21 22 13 15
internal_value=6.59603e-09 -0.0100964 -0.0606403 0.0159655 -0.0188534 -0.0664726
internal_weight=110 97 33 64 42 28
internal_count=110 97 33 64 42 28
is_linear=0
shrinkage=0.0510168


Tree=134
num_leaves=7
num_cat=0
split_feature=13 13 1 15 16 16
split_gain=31.1629 78.5583 95.2666 80.5356 175.372 90.8188
threshold=12.25902777777778 10.514583333333336 503.50000000000006 19.605549752746573 135.50000000000003 123.50000000000001
decision_type=2 2 2 2 2 2
left_child=1 3 -3 5 -5 -1
right_child=-2 2 -4 4 -6 -7
leaf_value=0.1699226714827673 0.052810911384189925 -0.0015661734949544955 -0.17695192604048343 -0.16365370890737688 0.096558058504001149 -0.018371791669872732
leaf_weight=15.000000000000002 23 19 13.999999999999998 14.000000000000002 12.999999999999998 11.999999999999998
leaf_count=15 23 19 14 14 13 12
internal_value=0 -0.0139617 -0.0759748 0.0239355 -0.038367 0.0862376
internal_weight=110 87 33 54 27 27
internal_count=110 87 33 54 27 27
is_linear=0
shrinkage=0.0510168


Tree=135
num_leaves=7
num_cat=0
split_feature=3 1 11 1 11 11
split_gain=30.2251 33.1681 47.5725 51.0173 22.6471 35.5474
threshold=13.500000000000002 1053.0000000000002 48.500000000000007 669.50000000000011 56.500000000000007 61.500000000000007
decision_type=2 2 2 2 2 2
left_child=-1 2 -2 4 -4 -6
right_child=1 -3 3 -5 5 -7
leaf_value=0.070026015809672784 -0.072393227160849699 -0.089548832179755997 -0.045096953014896163 0.091716234424953719 0.084319282082574276 -0.037442643030665919
leaf_weight=13.999999999999998 18 11.999999999999998 22 19 13.000000000000002 11.999999999999998
leaf_count=14 18 12 22 19 13 12
internal_value=0 -0.0102125 0.00112179 0.0211721 -0.00734654 0.0258738
internal_weight=110 96 84 66 47 25
internal_count=110 96 84 66 47 25
is_linear=0
shrinkage=0.0510168


Tree=136
num_leaves=7
num_cat=0
split_feature=13 13 10 10 13 13
split_gain=29.8905 70.425 154.684 87.4539 100.916 41.7198
threshold=12.25902777777778 10.514583333333336 -4.140076754385964 16.015625000000004 8.467402292667547 9.8242215268119306
decision_type=2 2 2 2 2 2
left_child=1 3 -3 4 -1 -6
right_child=-2 2 -4 -5 5 -7
leaf_value=-0.061198066882067442 0.051721546379733273 0.016661836225010575 -0.20938432941301535 -0.09924947873544808 0.18268738521994562 0.058442501031614053
leaf_weight=12.999999999999998 23 20 12.999999999999998 11.999999999999998 12.000000000000002 17
leaf_count=13 23 20 13 12 12 17
internal_value=0 -0.0136738 -0.072389 0.0222081 0.0569116 0.109858
internal_weight=110 87 33 54 42 29
internal_count=110 87 33 54 42 29
is_linear=0
shrinkage=0.0510168


Tree=137
num_leaves=8
num_cat=0
split_feature=2 16 11 13 12 12 16
split_gain=29.1531 94.5572 79.8244 48.8061 57.2282 25.7626 50.6756
threshold=1272.5000000000002 110.50000000000001 51.500000000000007 8.6250000000000018 -1.0000000180025095e-35 14.718749999999998 139.00000000000003
decision_type=2 2 2 2 2 2 2
left_child=-1 -2 -3 -4 -5 6 -6
right_child=1 2 3 4 5 -7 -8
leaf_value=-0.075052694271269413 0.13732668920170632 -0.10578856745759053 -0.073522865230376586 0.11085423001037621 0.04305859121076732 0.060476737955011663 -0.10520121167515233
leaf_weight=11.999999999999998 12.999999999999998 18 12.999999999999998 17.999999999999993 12.000000000000009 11.999999999999998 11.999999999999998
leaf_count=12 13 18 13 18 12 12 12
internal_value=0 0.00919065 -0.0104075 0.015218 0.0365824 -0.000554751 -0.0310718
internal_weight=110 98 85 67 54 36 24
internal_count=110 98 85 67 54 36 24
is_linear=0
shrinkage=0.0510168


Tree=138
num_leaves=8
num_cat=0
split_feature=17 8 13 13 16 6 8
split_gain=30.9686 85.2166 49.9616 61.3761 70.4984 67.8503 22.3232
threshold=64.500000000000014 57.500000000000007 8.6250000000000018 10.514583333333336 125.50000000000001 14.931102021737924 46.500000000000007
decision_type=2 2 2 2 2 2 2
left_child=1 2 -1 4 -4 6 -5
right_child=-2 -3 3 5 -6 -7 -8
leaf_value=-0.096136429954740588 -0.073939718940505536 0.13717032963072956 0.13631583462292612 -0.037133674227712944 -0.009026387462826288 -0.1365036438080956 0.061267836239996064
leaf_weight=13.999999999999998 12.999999999999998 11.999999999999998 15.999999999999998 12.000000000000002 19 11.999999999999998 11.999999999999998
leaf_count=14 13 12 16 12 19 12 12
internal_value=0 0.00990995 -0.00805712 0.00931129 0.0574169 -0.037458 0.012067
internal_weight=110 97 85 71 35 36 24
internal_count=110 97 85 71 35 36 24
is_linear=0
shrinkage=0.0510168


Tree=139
num_leaves=8
num_cat=0
split_feature=3 13 12 0 14 14 5
split_gain=28.0641 40.0736 88.2361 61.7678 115.218 49.7591 20.5865
threshold=13.500000000000002 12.111805555555557 8.8791666666666682 2331.5000000000005 21.500000000000004 22.500000000000004 1.0000000180025095e-35
decision_type=2 2 2 2 2 2 2
left_child=-1 2 3 5 -5 -2 -3
right_child=1 6 -4 4 -6 -7 -8
leaf_value=0.067476221141126835 -0.022431740670418861 0.086269151323808968 -0.14986194809816564 0.042999264452205414 -0.16791587579992515 0.10926535227292121 -0.0047904496391024051
leaf_weight=13.999999999999998 14.000000000000002 14 12.999999999999998 14.000000000000002 12.999999999999998 15.999999999999998 12
leaf_count=14 14 14 13 14 13 16 12
internal_value=0 -0.00984071 -0.0299291 -0.00257423 -0.0585539 0.0478073 0.0442423
internal_weight=110 96 70 57 27 30 26
internal_count=110 96 70 57 27 30 26
is_linear=0
shrinkage=0.0510168


Tree=140
num_leaves=7
num_cat=0
split_feature=16 10 0 12 17 10
split_gain=32.606 42.9822 144.153 43.7939 76.6581 55.973
threshold=154.50000000000003 3.0312500000000004 2435.0000000000005 5.7250000000000014 51.500000000000007 -14.22395833333333
decision_type=2 2 2 2 2 2
left_child=1 3 -3 -1 -5 -6
right_child=-2 2 -4 4 5 -7
leaf_value=0.073257573579494223 0.075869279812190535 0.033392754596195541 -0.19754667689468092 -0.091058600782335131 0.12283914663563385 -0.024981949376722986
leaf_weight=21 12.999999999999998 17.000000000000004 11.999999999999998 20 11.999999999999998 15.000000000000002
leaf_count=21 13 17 12 20 12 15
internal_value=0 -0.0101686 -0.0621706 0.0120091 -0.0153578 0.0407175
internal_weight=110 97 29 68 47 27
internal_count=110 97 29 68 47 27
is_linear=0
shrinkage=0.0510168


Tree=141
num_leaves=7
num_cat=0
split_feature=17 0 1 1 1 5
split_gain=28.4812 33.705 46.9358 67.6991 67.4912 73.089
threshold=64.500000000000014 2977.5000000000005 699.00000000000011 491.00000000000006 359.50000000000006 1.0000000180025095e-35
decision_type=2 2 2 2 2 2
left_child=1 2 3 4 5 -1
right_child=-2 -3 -4 -5 -6 -7
leaf_value=-0.083498661122106924 -0.070908181624883937 -0.070531006850962794 0.083044550148037202 -0.10578221987411843 0.12480503517504983 0.061882619334168575
leaf_weight=18 12.999999999999998 11.999999999999998 23 12.999999999999998 12.999999999999998 18
leaf_count=18 13 12 23 13 13 18
internal_value=0 0.00950361 0.0208032 -0.00228681 0.0251721 -0.010808
internal_weight=110 97 85 62 49 36
internal_count=110 97 85 62 49 36
is_linear=0
shrinkage=0.0510168


Tree=142
num_leaves=7
num_cat=0
split_feature=6 6 13 6 9 10
split_gain=30.0289 53.101 68.9754 67.2405 39.3421 25.4971
threshold=21.196077457725799 16.528265317278613 8.467402292667547 14.288825189510218 9.5000000000000018 -3.6302083333333335
decision_type=2 2 2 2 2 2
left_child=1 2 -1 4 -4 -6
right_child=-2 -3 3 -5 5 -7
leaf_value=-0.10427655211702469 0.076171779361590128 -0.08849573906130774 -0.051807185254332741 0.10985340522375578 -0.010730325782797792 0.090308976993964382
leaf_weight=11.999999999999998 11.999999999999998 18 23 19 12.999999999999998 13.000000000000002
leaf_count=12 12 18 23 19 13 13
internal_value=0 -0.00932769 0.00848564 0.0283859 -0.00320449 0.03979
internal_weight=110 98 80 68 49 26
internal_count=110 98 80 68 49 26
is_linear=0
shrinkage=0.0510168


Tree=143
num_leaves=7
num_cat=0
split_feature=10 2 1 10 12 16
split_gain=29.5302 51.7934 154.77 58.6213 42.6031 23.2486
threshold=-5.3020833333333321 14893.500000000002 503.50000000000006 1.0000000180025095e-35 16.108333333333338 123.50000000000001
decision_type=2 2 2 2 2 2
left_child=4 2 3 -2 5 -1
right_child=1 -3 -4 -5 -6 -7
leaf_value=0.10464215056718594 -0.071013565511004587 0.063079161386565441 -0.18431360772364572 0.068141893269700049 -0.048819549927778198 0.02117553577686937
leaf_weight=15.999999999999998 12.999999999999998 13.999999999999998 14.999999999999998 20 12.999999999999998 19
leaf_count=16 13 14 15 20 13 19
internal_value=0 -0.023258 -0.0484405 0.0133224 0.0300415 0.0593334
internal_weight=110 62 48 33 48 35
internal_count=110 62 48 33 48 35
is_linear=0
shrinkage=0.0510168


Tree=144
num_leaves=7
num_cat=0
split_feature=6 6 12 2 12 1
split_gain=26.8761 42.836 51.3154 49.9634 62.7183 23.7412
threshold=21.196077457725799 16.528265317278613 13.53541666666667 2300.5000000000005 -5.3666666666666671 345.00000000000006
decision_type=2 2 2 2 2 2
left_child=1 2 3 -1 -5 -6
right_child=-2 -3 -4 4 5 -7
leaf_value=0.11217012586647376 0.072062174399540949 -0.079929931354489628 -0.077878374529074187 0.091010985440472716 -0.082169988360082463 0.0018633469395805374
leaf_weight=13.999999999999998 11.999999999999998 18 14.999999999999998 14.999999999999991 15.000000000000005 21
leaf_count=14 12 18 15 15 15 21
internal_value=0 -0.00882445 0.00717474 0.0268032 0.00336766 -0.0331512
internal_weight=110 98 80 65 51 36
internal_count=110 98 80 65 51 36
is_linear=0
shrinkage=0.0510168


Tree=145
num_leaves=7
num_cat=0
split_feature=2 10 0 15 7 10
split_gain=29.1964 100.796 86.2915 101.443 56.112 31.9123
threshold=1272.5000000000002 -15.468749999999996 2435.0000000000005 23.677455868939198 3030.0000000000005 -5.3020833333333321
decision_type=2 2 2 2 2 2
left_child=-1 -2 4 -4 -3 -6
right_child=1 2 3 -5 5 -7
leaf_value=-0.075108489702470624 0.13090094224793947 0.1271562640899333 -0.0069480455522594065 -0.18669799359741768 0.059984753281368312 -0.038542843604569797
leaf_weight=11.999999999999998 14.999999999999998 11.999999999999998 22 12.999999999999998 13.999999999999991 22.000000000000007
leaf_count=12 15 12 22 13 14 22
internal_value=0 0.00919743 -0.012798 -0.0737151 0.0316209 -0.000225834
internal_weight=110 98 83 35 48 36
internal_count=110 98 83 35 48 36
is_linear=0
shrinkage=0.0510168


Tree=146
num_leaves=8
num_cat=0
split_feature=3 13 13 16 16 6 16
split_gain=27.473 33.1074 58.9947 71.493 88.4391 63.2179 19.5597
threshold=13.500000000000002 12.111805555555557 11.422222222222224 127.50000000000001 110.50000000000001 17.302105666060005 118.50000000000001
decision_type=2 2 2 2 2 2 2
left_child=-1 2 3 4 -2 -5 -3
right_child=1 6 -4 5 -6 -7 -8
leaf_value=0.066761874564889259 0.041842186400373266 -0.0048275735349742584 -0.13095800242151459 0.13500691481959542 -0.13277963317500027 -0.021224597132146403 0.083669110767081084
leaf_weight=13.999999999999998 13.000000000000002 13.000000000000002 11.999999999999998 13.000000000000002 18 13.999999999999998 12.999999999999998
leaf_count=14 13 13 12 13 18 14 13
internal_value=0 -0.00973656 -0.0279956 -0.00669151 -0.0595515 0.0539992 0.0394215
internal_weight=110 96 70 58 31 27 26
internal_count=110 96 70 58 31 27 26
is_linear=0
shrinkage=0.0510168


Tree=147
num_leaves=8
num_cat=0
split_feature=2 10 12 8 2 10 10
split_gain=27.3719 85.2525 85.5788 103.483 45.8188 82.1764 34.5793
threshold=1272.5000000000002 -15.468749999999996 9.5291666666666686 55.500000000000007 10835.500000000002 11.875000000000002 1.0000000180025095e-35
decision_type=2 2 2 2 2 2 2
left_child=-1 -2 3 4 6 -6 -3
right_child=1 2 -4 -5 5 -7 -8
leaf_value=-0.072723797665668097 0.12083244019597031 -0.026321731311500989 -0.13732604426042294 0.14653926452078908 -0.14635040485386974 0.032760400518344536 0.079949497978441517
leaf_weight=11.999999999999998 14.999999999999998 17 11.999999999999998 11.999999999999998 15.000000000000002 11.999999999999998 14.999999999999998
leaf_count=12 15 17 12 12 15 12 15
internal_value=0 0.00890542 -0.0113231 0.00997421 -0.017803 -0.0667465 0.0234933
internal_weight=110 98 83 71 59 27 32
internal_count=110 98 83 71 59 27 32
is_linear=0
shrinkage=0.0510168


Tree=148
num_leaves=7
num_cat=0
split_feature=17 0 1 7 6 13
split_gain=27.7896 30.8001 42.8796 59.4107 34.9647 24.3561
threshold=64.500000000000014 2977.5000000000005 699.00000000000011 4290.0000000000009 12.22276291003919 10.656250000000002
decision_type=2 2 2 2 2 2
left_child=1 2 3 4 -1 -5
right_child=-2 -3 -4 5 -6 -7
leaf_value=0.011933584548442077 -0.070041915350933903 -0.067120524453308239 0.079680363356533349 0.10126766137792438 -0.097863745204721186 0.0096270596569325538
leaf_weight=13.000000000000002 12.999999999999998 11.999999999999998 23 13.000000000000002 18 18
leaf_count=13 13 12 23 13 18 18
internal_value=0 0.00938751 0.0201892 -0.00188055 -0.0518202 0.0480588
internal_weight=110 97 85 62 31 31
internal_count=110 97 85 62 31 31
is_linear=0
shrinkage=0.0510168


Tree=149
num_leaves=7
num_cat=0
split_feature=16 6 15 1 7 8
split_gain=28.2282 48.5863 35.0706 123.692 44.9465 84.8078
threshold=154.50000000000003 16.528265317278613 15.00614054465674 216.00000000000003 1110.0000000000002 53.500000000000007
decision_type=2 2 2 2 2 2
left_child=1 2 -1 -4 -5 -6
right_child=-2 -3 3 4 5 -7
leaf_value=0.074738119898022357 0.07059251577119445 -0.087785114943987913 -0.15017939221448093 -0.04809218451436463 0.13979564250003207 -0.017050240185483134
leaf_weight=15.999999999999998 12.999999999999998 17 12.999999999999998 14.999999999999998 17 19
leaf_count=16 13 17 13 15 17 19
internal_value=0 -0.00946132 0.007183 -0.00970628 0.026102 0.0570169
internal_weight=110 97 80 64 51 36
internal_count=110 97 80 64 51 36
is_linear=0
shrinkage=0.0510168


Tree=150
num_leaves=7
num_cat=0
split_feature=2 7 8 15 8 14
split_gain=23.9809 75.1452 80.9555 59.7492 97.2833 47.2365
threshold=1272.5000000000002 5790.0000000000009 55.500000000000007 17.715095156998228 51.500000000000007 21.500000000000004
decision_type=2 2 2 2 2 2
left_child=-1 2 3 -2 5 -5
right_child=1 -3 -4 4 -6 -7
leaf_value=-0.068070228678271116 -0.095110050969151316 -0.08917634278272174 0.1097923631033966 0.13432727861535065 -0.097980556212906231 0.01036030755159837
leaf_weight=11.999999999999998 13.999999999999998 17 23 15.999999999999998 11.999999999999998 15.999999999999998
leaf_count=12 14 17 23 16 12 16
internal_value=0 0.00833555 0.0288018 -0.00331601 0.025892 0.0723458
internal_weight=110 98 81 58 44 32
internal_count=110 98 81 58 44 32
is_linear=0
shrinkage=0.0510168


Tree=151
num_leaves=8
num_cat=0
split_feature=16 10 11 17 17 11 16
split_gain=27.0963 98.3645 72.4792 65.4553 71.2493 30.6982 5.83326
threshold=101.50000000000001 -15.468749999999996 49.500000000000007 62.500000000000007 55.500000000000007 54.500000000000007 133.00000000000003
decision_type=2 2 2 2 2 2 2
left_child=-1 -2 -3 4 5 -4 -6
right_child=1 2 3 -5 6 -7 -8
leaf_value=0.069162653685045941 0.11084469748657698 -0.14174013156021759 0.0082205420304038088 -0.11354923398660535 0.051159429302345204 -0.09522126720381463 0.099496539987232901
leaf_weight=12.999999999999998 14.999999999999998 12.999999999999998 16.000000000000004 12.999999999999998 13.000000000000002 13.999999999999998 12.999999999999998
leaf_count=13 15 13 16 13 13 14 13
internal_value=0 -0.00926974 -0.0312428 -0.010423 0.013518 -0.0400531 0.0753305
internal_weight=110 97 82 69 56 30 26
internal_count=110 97 82 69 56 30 26
is_linear=0
shrinkage=0.0510168


Tree=152
num_leaves=7
num_cat=0
split_feature=6 15 13 6 6 15
split_gain=24.4145 48.7859 43.9925 72.5777 122.728 24.7705
threshold=21.196077457725799 15.00614054465674 12.111805555555557 13.12041281803076 16.528265317278613 19.605549752746573
decision_type=2 2 2 2 2 2
left_child=1 -1 3 -3 5 -5
right_child=-2 2 -4 4 -6 -7
leaf_value=0.073075196107356799 0.068682843245271338 -0.14368327432033035 0.039374748508250131 0.092666062671865654 -0.14722058037875357 0.0022082942400154155
leaf_weight=15.999999999999998 11.999999999999998 14.999999999999998 21 12.999999999999998 12.999999999999998 20
leaf_count=16 12 15 21 13 13 20
internal_value=0 -0.00841065 -0.024311 -0.0462359 -0.0144576 0.0378447
internal_weight=110 98 82 61 46 33
internal_count=110 98 82 61 46 33
is_linear=0
shrinkage=0.0510168


Tree=153
num_leaves=7
num_cat=0
split_feature=3 13 12 8 7 7
split_gain=23.0392 27.8048 67.8877 38.4235 38.593 12.8905
threshold=13.500000000000002 12.111805555555557 8.8791666666666682 54.500000000000007 1500.0000000000002 4290.0000000000009
decision_type=2 2 2 2 2 2
left_child=-1 2 3 4 -2 -3
right_child=1 5 -4 -5 -6 -7
leaf_value=0.061137701368243383 -0.080491859247608613 0.07493187563617966 -0.13084824602041775 0.068432113042072529 0.017760542307633114 0.0028745273082608977
leaf_weight=13.999999999999998 19 12.000000000000002 12.999999999999998 14.999999999999998 23 13.999999999999998
leaf_count=14 19 12 13 15 23 14
internal_value=0 -0.00891635 -0.0256494 -0.00165518 -0.0266874 0.0361333
internal_weight=110 96 70 57 42 26
internal_count=110 96 70 57 42 26
is_linear=0
shrinkage=0.0510168


Tree=154
num_leaves=7
num_cat=0
split_feature=16 10 7 15 6 17
split_gain=25.4087 87.7908 42.63 78.3507 54.3315 46.264
threshold=101.50000000000001 -15.468749999999996 6180.0000000000009 17.715095156998228 16.262812099451079 55.500000000000007
decision_type=2 2 2 2 2 2
left_child=-1 -2 3 -3 5 -5
right_child=1 2 -4 4 -6 -7
leaf_value=0.066974356010624625 0.10449867136864105 -0.096949028424089409 -0.11857472454258479 -0.075176629373429033 0.097978423937645637 0.045687354060094096
leaf_weight=12.999999999999998 14.999999999999998 21 11.999999999999998 17 15.999999999999998 15.999999999999998
leaf_count=13 15 21 12 17 16 16
internal_value=0 -0.0089764 -0.0297349 -0.014504 0.0208303 -0.0165759
internal_weight=110 97 82 70 49 33
internal_count=110 97 82 70 49 33
is_linear=0
shrinkage=0.0510168


Tree=155
num_leaves=7
num_cat=0
split_feature=0 2 10 0 2 11
split_gain=23.372 38.7665 54.2302 53.8915 52.2037 58.9025
threshold=2977.5000000000005 14893.500000000002 6.1510416666666687 2268.5000000000005 2300.5000000000005 56.500000000000007
decision_type=2 2 2 2 2 2
left_child=1 2 3 4 -1 -6
right_child=-2 -3 -4 -5 5 -7
leaf_value=0.074272150756642619 -0.067200531033006938 0.090274075074164073 -0.071222936660472677 0.09205226807981011 -0.11960365286511297 0.023364548043172284
leaf_weight=12.999999999999998 11.999999999999998 12.999999999999998 23 19 15.000000000000002 14.999999999999998
leaf_count=13 12 13 23 19 15 15
internal_value=0 0.00822907 -0.00431953 0.0204999 -0.0111171 -0.0481204
internal_weight=110 98 85 62 43 30
internal_count=110 98 85 62 43 30
is_linear=0
shrinkage=0.0510168


Tree=156
num_leaves=8
num_cat=0
split_feature=17 8 15 17 16 15 15
split_gain=26.5978 47.6578 40.8746 81.6355 67.6286 27.491 12.1905
threshold=64.500000000000014 57.500000000000007 19.605549752746573 54.500000000000007 119.50000000000001 21.873710377563643 16.461373369421416
decision_type=2 2 2 2 2 2 2
left_child=1 2 3 6 -4 -6 -1
right_child=-2 -3 4 -5 5 -7 -8
leaf_value=0.053524438719674293 -0.068523554365596068 0.1043535910534396 -0.1434410842076024 -0.045830447428955069 -0.047490331499441533 0.055534589515887273 0.12483801785063245
leaf_weight=12.000000000000002 12.999999999999998 11.999999999999998 11.999999999999998 21 14.000000000000002 12.999999999999998 12.999999999999998
leaf_count=12 13 12 12 21 14 13 13
internal_value=0 0.00918403 -0.00425234 0.0283223 -0.0426737 0.00211404 0.0906105
internal_weight=110 97 85 46 39 27 25
internal_count=110 97 85 46 39 27 25
is_linear=0
shrinkage=0.0510168


Tree=157
num_leaves=8
num_cat=0
split_feature=12 3 8 15 3 10 14
split_gain=22.7442 61.5156 34.0566 44.4643 46.2481 41.2067 31.2947
threshold=9.9770833333333346 14.500000000000002 55.500000000000007 23.677455868939198 14.500000000000002 -4.140076754385964 21.500000000000004
decision_type=2 2 2 2 2 2 2
left_child=2 -2 3 4 6 -6 -1
right_child=1 -3 -4 -5 5 -7 -8
leaf_value=0.011441499859886123 -0.11009293523906793 0.041526900805203916 0.089299330686836528 -0.085712206173008121 0.039133339429582782 -0.08495950909971707 0.11931122606362585
leaf_weight=14.000000000000002 15 13 12.999999999999998 12.999999999999998 13.000000000000002 14.999999999999998 13.999999999999998
leaf_count=14 15 13 13 13 13 15 14
internal_value=0 -0.0396984 0.0135558 -0.000715354 0.0190167 -0.0273451 0.0653784
internal_weight=110 28 82 69 56 28 28
internal_count=110 28 82 69 56 28 28
is_linear=0
shrinkage=0.0510168


Tree=158
num_leaves=8
num_cat=0
split_feature=2 7 2 6 2 6 6
split_gain=24.4263 60.3406 42.8413 57.6971 36.0797 58.6928 58.6894
threshold=1272.5000000000002 5790.0000000000009 3167.5000000000005 13.12041281803076 10835.500000000002 16.262812099451079 15.703964017333062
decision_type=2 2 2 2 2 2 2
left_child=-1 2 -2 -4 5 -5 -6
right_child=1 -3 3 4 6 -7 -8
leaf_value=-0.068699418084920943 0.11571772875937696 -0.07896725535116908 -0.077233463510254771 0.0050825700452015376 0.078256789692486547 0.15562126528847373 -0.07310838494132664
leaf_weight=11.999999999999998 11.999999999999998 17 14.999999999999998 14.000000000000002 12.000000000000002 12.999999999999998 14.999999999999998
leaf_count=12 12 17 15 14 12 13 15
internal_value=0 0.00841266 0.0267523 0.0112789 0.0358665 0.0775668 -0.0058343
internal_weight=110 98 81 69 54 27 27
internal_count=110 98 81 69 54 27 27
is_linear=0
shrinkage=0.0510168


Tree=159
num_leaves=7
num_cat=0
split_feature=17 8 15 17 14 7
split_gain=28.0075 39.3886 34.9706 71.6145 69.9198 12.6366
threshold=64.500000000000014 57.500000000000007 19.605549752746573 54.500000000000007 21.500000000000004 3585.0000000000005
decision_type=2 2 2 2 2 2
left_child=1 2 3 5 -4 -1
right_child=-2 -3 4 -5 -6 -7
leaf_value=0.12343129673743534 -0.070316018474731068 0.095944319437492556 0.031753784535114141 -0.04211304015749167 -0.10490749710589799 0.050825899601563404
leaf_weight=12.000000000000002 12.999999999999998 11.999999999999998 19 21 20 12.999999999999998
leaf_count=12 13 12 19 21 20 13
internal_value=0 0.00942431 -0.00279087 0.0273395 -0.0383293 0.0856795
internal_weight=110 97 85 46 39 25
internal_count=110 97 85 46 39 25
is_linear=0
shrinkage=0.0510168


Tree=160
num_leaves=7
num_cat=0
split_feature=17 8 13 13 8 12
split_gain=25.2229 35.4724 39.1286 43.1906 46.3286 41.4297
threshold=64.500000000000014 57.500000000000007 8.6250000000000018 10.514583333333336 49.500000000000007 -0.88930555555555457
decision_type=2 2 2 2 2 2
left_child=1 2 -1 5 -5 -4
right_child=-2 -3 3 4 -6 -7
leaf_value=-0.080596177271065134 -0.066728921736205912 0.09104984718029456 0.1070163039704933 -0.075423210337669452 0.041964813310238623 -0.0040378914053947751
leaf_weight=13.999999999999998 12.999999999999998 11.999999999999998 18 21 14.999999999999998 17
leaf_count=14 13 12 18 21 15 17
internal_value=0 0.00894358 -0.00264845 0.012722 -0.0265114 0.0530764
internal_weight=110 97 85 71 36 35
internal_count=110 97 85 71 36 35
is_linear=0
shrinkage=0.0510168


Tree=161
num_leaves=7
num_cat=0
split_feature=17 8 13 13 10 12
split_gain=22.7151 31.9456 35.2382 38.8963 42.5425 37.3105
threshold=64.500000000000014 57.500000000000007 8.6250000000000018 10.514583333333336 -5.3020833333333321 -0.88930555555555457
decision_type=2 2 2 2 2 2
left_child=1 2 -1 5 -5 -4
right_child=-2 -3 3 4 -6 -7
leaf_value=-0.076484642091485852 -0.063324822320036667 0.086405059211665053 0.10155689740755069 0.02729946360514739 -0.083788067674073763 -0.0038318994786377056
leaf_weight=13.999999999999998 12.999999999999998 11.999999999999998 18 18.999999999999993 17.000000000000007 17
leaf_count=14 13 12 18 19 17 17
internal_value=0 0.00848733 -0.00251335 0.012073 -0.0251589 0.0503687
internal_weight=110 97 85 71 36 35
internal_count=110 97 85 71 36 35
is_linear=0
shrinkage=0.0510168


Tree=162
num_leaves=7
num_cat=0
split_feature=2 2 7 13 13 2
split_gain=23.6168 60.8869 43.8266 66.3347 61.3753 73.4377
threshold=1272.5000000000002 2850.5000000000005 1320.0000000000002 9.0631944444444468 10.950000000000001 5443.0000000000009
decision_type=2 2 2 2 2 2
left_child=-1 -2 -3 -4 -5 -6
right_child=1 2 3 4 5 -7
leaf_value=-0.067551395123116836 0.11592008228115859 0.053524715222913098 0.069179670256852621 -0.12266468508111267 -0.089907839300680553 0.075330887627942031
leaf_weight=11.999999999999998 11.999999999999998 23 13.999999999999998 21 14.000000000000002 13.999999999999998
leaf_count=12 12 23 14 21 14 14
internal_value=0 0.00827211 -0.00674927 -0.0287546 -0.0567366 -0.0072883
internal_weight=110 98 86 63 49 28
internal_count=110 98 86 63 49 28
is_linear=0
shrinkage=0.0510168


Tree=163
num_leaves=8
num_cat=0
split_feature=16 15 8 8 15 8 7
split_gain=25.0882 69.0572 93.7702 51.4648 35.0964 34.276 20.4112
threshold=101.50000000000001 17.715095156998228 52.500000000000007 51.500000000000007 19.76386813791753 54.500000000000007 3780.0000000000005
decision_type=2 2 2 2 2 2 2
left_child=-1 2 -2 4 -3 -5 -7
right_child=1 3 -4 5 -6 6 -8
leaf_value=0.066550617621459474 -0.15734250226465729 0.13558435695283297 0.031310719301069462 -0.08848259935650464 0.024140167688529644 0.061624206568208544 -0.030641654673893966
leaf_weight=12.999999999999998 16.000000000000004 12.000000000000002 11.999999999999998 12.999999999999998 19 12.000000000000002 12.999999999999998
leaf_count=13 16 12 12 13 19 12 13
internal_value=0 -0.0089195 -0.076492 0.0185016 0.0672824 -0.0212935 0.0136461
internal_weight=110 97 28 69 31 38 25
internal_count=110 97 28 69 31 38 25
is_linear=0
shrinkage=0.0510168


Tree=164
num_leaves=7
num_cat=0
split_feature=16 1 12 16 7 13
split_gain=22.7052 30.945 58.8707 50.4165 80.9717 41.6379
threshold=154.50000000000003 592.00000000000011 13.53541666666667 123.50000000000001 3780.0000000000005 10.02777777777778
decision_type=2 2 2 2 2 2
left_child=1 2 3 4 -1 -3
right_child=-2 5 -4 -5 -6 -7
leaf_value=0.17943077142868011 0.063311151140351962 0.014161431230516023 -0.076226631265385411 -0.042542090364560921 0.015954997424466742 -0.10092500000868544
leaf_weight=11.999999999999998 12.999999999999998 14.999999999999998 14.999999999999998 13.999999999999998 23 18
leaf_count=12 13 15 15 14 23 18
internal_value=5.89522e-09 -0.0084853 0.012206 0.0392781 0.0720067 -0.0486135
internal_weight=110 97 64 49 35 33
internal_count=110 97 64 49 35 33
is_linear=0
shrinkage=0.0510168


Tree=165
num_leaves=8
num_cat=0
split_feature=10 14 10 12 11 11 10
split_gain=22.2068 42.0315 83.65 95.5505 58.9042 30.071 5.51735
threshold=16.015625000000004 22.500000000000004 -11.432499148791281 -2.5958333333333328 52.500000000000007 61.500000000000007 -3.0520833333333335
decision_type=2 2 2 2 2 2 2
left_child=1 2 -1 -4 -3 -6 -5
right_child=-2 4 3 6 5 -7 -8
leaf_value=0.15809866545815177 -0.057684961364225587 -0.11891163715415788 0.12496518851888448 -0.068176787018824056 0.052802412751010247 -0.051455392564437819 -0.022765125522866133
leaf_weight=11.999999999999998 14.999999999999998 12.999999999999998 11.999999999999995 14.999999999999995 18.000000000000004 11.999999999999998 13.000000000000009
leaf_count=12 15 13 12 15 18 12 13
internal_value=2.3473e-08 0.00910866 0.0399667 0.00452462 -0.0282079 0.0110987 -0.0470943
internal_weight=110 95 52 40 43 30 28
internal_count=110 95 52 40 43 30 28
is_linear=0
shrinkage=0.0510168


Tree=166
num_leaves=8
num_cat=0
split_feature=0 17 11 15 17 13 15
split_gain=20.0887 24.1725 41.1823 55.1769 88.3659 64.3729 17.4869
threshold=2977.5000000000005 64.500000000000014 56.500000000000007 19.605549752746573 54.500000000000007 10.853663141993961 23.233480473836838
decision_type=2 2 2 2 2 2 2
left_child=1 2 3 4 5 -1 -4
right_child=-2 -3 6 -5 -6 -7 -8
leaf_value=0.16250976176235393 -0.062301696772524284 -0.057157173438144068 0.1091462911132169 -0.083964258546527268 -0.073252604547108968 0.0019620935889139365 0.026973633624511356
leaf_weight=13.000000000000002 11.999999999999998 12.999999999999998 14.000000000000002 17 14.999999999999998 12.999999999999998 12.999999999999998
leaf_count=13 12 13 14 17 15 13 13
internal_value=1.45857e-08 0.00762931 0.0175384 -0.00669012 0.0253511 0.0822386 0.0695839
internal_weight=110 98 85 58 41 26 27
internal_count=110 98 85 58 41 26 27
is_linear=0
shrinkage=0.0510168


Tree=167
num_leaves=8
num_cat=0
split_feature=16 11 7 13 6 13 0
split_gain=21.5138 58.9996 43.7773 45.2029 72.7253 27.5682 25.3575
threshold=101.50000000000001 48.500000000000007 5790.0000000000009 8.6250000000000018 14.288825189510218 11.502083333333337 2584.0000000000005
decision_type=2 2 2 2 2 2 2
left_child=-1 -2 3 -3 5 -5 -6
right_child=1 2 -4 4 6 -7 -8
leaf_value=0.061627855492447543 -0.10939568964316657 -0.061977935063817637 -0.074958036127553807 -0.077511737372729039 0.042877386192397428 0.029717170808817053 0.13442744385790031
leaf_weight=12.999999999999998 12.999999999999998 12.999999999999998 13.999999999999998 12.000000000000002 13.999999999999998 12.999999999999998 18
leaf_count=13 13 13 14 12 14 13 18
internal_value=1.68318e-08 -0.00825968 0.00739301 0.023864 0.0434427 -0.0217531 0.0943765
internal_weight=110 97 84 70 57 25 32
internal_count=110 97 84 70 57 25 32
is_linear=0
shrinkage=0.0510168


Tree=168
num_leaves=6
num_cat=0
split_feature=10 7 0 14 7
split_gain=21.8089 51.9585 33.0875 24.3945 68.7918
threshold=-4.140076754385964 3510.0000000000005 2331.5000000000005 22.500000000000004 4290.0000000000009
decision_type=2 2 2 2 2
left_child=3 2 -2 -1 -5
right_child=1 -3 -4 4 -6
leaf_value=0.062940710663409699 0.082078927525473674 -0.081167991121473215 -0.022466323504698571 -0.095826058221404914 0.058181847740215752
leaf_weight=23 12.999999999999998 23 20 13.000000000000002 18
leaf_count=23 13 23 20 13 18
internal_value=0 -0.0223065 0.0187188 0.0231328 -0.00640252
internal_weight=110 56 33 54 31
internal_count=110 56 33 54 31
is_linear=0
shrinkage=0.0510168


Tree=169
num_leaves=7
num_cat=0
split_feature=10 7 15 7 7 17
split_gain=20.2414 79.04 63.2752 76.8483 46.2215 35.3384
threshold=16.015625000000004 1320.0000000000002 16.867492208256046 3585.0000000000005 5790.0000000000009 54.500000000000007
decision_type=2 2 2 2 2 2
left_child=1 -1 5 -4 -5 -3
right_child=-2 2 3 4 -6 -7
leaf_value=0.098807908012884554 -0.055073177830128064 0.11323404036153048 -0.14122010123158729 0.040661014900385241 -0.084849562467665687 -0.0060706856949757672
leaf_weight=20 14.999999999999998 12.000000000000002 15.999999999999998 21 11.999999999999998 13.999999999999998
leaf_count=20 15 12 16 21 12 14
internal_value=0 0.00869622 -0.0153342 -0.049468 -0.00497975 0.0489943
internal_weight=110 95 75 49 33 26
internal_count=110 95 75 49 33 26
is_linear=0
shrinkage=0.0510168


Tree=170
num_leaves=8
num_cat=0
split_feature=6 6 13 6 13 8 16
split_gain=19.5402 37.6493 56.2808 43.9849 77.9801 29.57 49.2993
threshold=21.196077457725799 16.528265317278613 8.467402292667547 13.681875034160567 10.514583333333336 45.500000000000007 118.50000000000001
decision_type=2 2 2 2 2 2 2
left_child=1 2 -1 5 -5 -4 -7
right_child=-2 -3 3 4 -6 6 -8
leaf_value=-0.094383297324630744 0.061445425689977962 -0.074186048940813695 0.055737113168802491 0.16598155853912505 -0.0075354193126678558 -0.095990648759613662 0.040797985415684503
leaf_weight=11.999999999999998 11.999999999999998 18 12.999999999999998 13.000000000000002 13.999999999999998 16.000000000000004 11.999999999999998
leaf_count=12 12 18 13 13 14 16 12
internal_value=0 -0.00752426 0.00747505 0.025451 0.0760116 -0.0078455 -0.037367
internal_weight=110 98 80 68 27 41 28
internal_count=110 98 80 68 27 41 28
is_linear=0
shrinkage=0.0510168


Tree=171
num_leaves=6
num_cat=0
split_feature=10 17 12 12 13
split_gain=20.7282 59.0837 43.4873 31.0879 19.6887
threshold=-4.140076754385964 57.500000000000007 -5.3666666666666671 16.108333333333338 11.306250000000002
decision_type=2 2 2 2 2
left_child=3 2 -2 4 -1
right_child=1 -3 -4 -5 -6
leaf_value=0.077202793219976792 0.056337818671452572 -0.12208645056376927 -0.045097739874060731 -0.046189001127541068 0.0063059612893246377
leaf_weight=22 22 11.999999999999998 22 12.999999999999998 19
leaf_count=22 22 12 22 13 19
internal_value=0 -0.0217468 0.0056199 0.0225524 0.0443491
internal_weight=110 56 44 54 41
internal_count=110 56 44 54 41
is_linear=0
shrinkage=0.0510168


Tree=172
num_leaves=7
num_cat=0
split_feature=2 16 11 15 12 8
split_gain=20.0457 56.0213 46.389 20.9985 41.313 16.3815
threshold=1272.5000000000002 110.50000000000001 51.500000000000007 23.677455868939198 -5.3666666666666671 52.500000000000007
decision_type=2 2 2 2 2 2
left_child=-1 -2 -3 4 -4 -6
right_child=1 2 3 -5 5 -7
leaf_value=-0.062234924782802722 0.1062491430124116 -0.080175224757607078 0.10145389257779336 -0.02743132687929508 -0.042521245057998425 0.034209181831325472
leaf_weight=11.999999999999998 12.999999999999998 18 14.999999999999995 23 14.000000000000005 14.999999999999998
leaf_count=12 13 18 15 23 14 15
internal_value=0 0.00762106 -0.00746389 0.012071 0.0327203 -0.00283288
internal_weight=110 98 85 67 44 29
internal_count=110 98 85 67 44 29
is_linear=0
shrinkage=0.0510168


Tree=173
num_leaves=6
num_cat=0
split_feature=10 7 1 15 16
split_gain=20.1531 65.5666 59.5993 52.2699 75.9253
threshold=16.015625000000004 1320.0000000000002 833.50000000000011 16.867492208256046 121.50000000000001
decision_type=2 2 2 2 2
left_child=1 -1 3 -3 -5
right_child=-2 2 -4 4 -6
leaf_value=0.090749907481869271 -0.054953022833419941 0.067920341621855423 -0.11740930310490767 -0.10249002523566497 0.038257801675591348
leaf_weight=20 14.999999999999998 23 11.999999999999998 19 21
leaf_count=20 15 23 12 19 21
internal_value=0 0.00867721 -0.0132094 0.00663919 -0.0285978
internal_weight=110 95 75 63 40
internal_count=110 95 75 63 40
is_linear=0
shrinkage=0.0510168


Tree=174
num_leaves=8
num_cat=0
split_feature=3 1 15 16 15 17 8
split_gain=18.3909 25.2849 30.0532 50.0122 42.8114 32.7989 20.1555
threshold=13.500000000000002 1053.0000000000002 20.310266282558107 119.50000000000001 15.00614054465674 55.500000000000007 59.500000000000007
decision_type=2 2 2 2 2 2 2
left_child=-1 2 3 4 -2 -4 -7
right_child=1 -3 5 -5 -6 6 -8
leaf_value=0.054623141725260144 0.093249360429983927 -0.07723567258984794 -0.031698667165542253 -0.083543255205912464 -0.036028984127956534 0.1183489113880983 0.024842393448947262
leaf_weight=13.999999999999998 12.000000000000002 11.999999999999998 11.999999999999998 21 14.999999999999998 12.000000000000002 11.999999999999998
leaf_count=14 12 12 12 21 15 12 12
internal_value=0 -0.0079662 0.0019299 -0.0244969 0.0214286 0.0371657 0.0715983
internal_weight=110 96 84 48 27 36 24
internal_count=110 96 84 48 27 36 24
is_linear=0
shrinkage=0.0510168


Tree=175
num_leaves=7
num_cat=0
split_feature=2 2 6 13 13 1
split_gain=19.1958 53.2832 22.252 31.9737 57.4272 47.0305
threshold=1272.5000000000002 2850.5000000000005 13.12041281803076 10.514583333333336 11.752693749034153 814.50000000000011
decision_type=2 2 2 2 2 2
left_child=-1 -2 -3 5 -5 -4
right_child=1 2 3 4 -6 -7
leaf_value=-0.060901385648365877 0.10815999184259006 -0.055324760320416319 0.10109134511843297 -0.097827254250027196 0.046526515385616238 -0.013052401692285691
leaf_weight=11.999999999999998 11.999999999999998 19 17 16.000000000000004 12.999999999999998 21
leaf_count=12 12 19 17 16 13 21
internal_value=0 0.00745776 -0.0065944 0.00722496 -0.033117 0.0380126
internal_weight=110 98 86 67 29 38
internal_count=110 98 86 67 29 38
is_linear=0
shrinkage=0.0510168


Tree=176
num_leaves=7
num_cat=0
split_feature=10 6 9 6 15 2
split_gain=19.4311 70.1202 50.9423 22.5971 47.8435 23.7884
threshold=-4.140076754385964 16.528265317278613 9.5000000000000018 16.528265317278613 16.867492208256046 6130.0000000000009
decision_type=2 2 2 2 2 2
left_child=3 2 -2 4 -1 -6
right_child=1 -3 -4 -5 5 -7
leaf_value=0.084678730103415006 -0.049912370815038305 -0.11993058156602394 0.062970510102936153 0.072693535834110076 -0.091175742910001606 0.0067091730417492279
leaf_weight=11.999999999999998 19 13.999999999999998 23 15.999999999999998 12.000000000000002 13.999999999999998
leaf_count=12 19 14 23 16 12 14
internal_value=0 -0.0210554 0.0119042 0.0218353 0.000420108 -0.0384694
internal_weight=110 56 42 54 38 26
internal_count=110 56 42 54 38 26
is_linear=0
shrinkage=0.0510168


Tree=177
num_leaves=8
num_cat=0
split_feature=16 10 7 4 15 15 7
split_gain=17.5671 30.2071 42.6446 33.8881 115.659 25.0782 3.47939
threshold=154.50000000000003 3.0312500000000004 1500.0000000000002 20.500000000000004 19.605549752746573 23.677455868939198 4290.0000000000009
decision_type=2 2 2 2 2 2 2
left_child=1 3 -3 4 6 -5 -1
right_child=-2 2 -4 5 -6 -7 -8
leaf_value=0.022405105283792654 0.055688806039774004 -0.1150922593691287 0.0087089475236401988 0.011967756261713544 -0.15214211283390508 0.10392505082784266 0.061258288723897159
leaf_weight=12.000000000000002 12.999999999999998 14.000000000000002 14.999999999999998 19 11.999999999999998 12.999999999999998 11.999999999999998
leaf_count=12 13 14 15 19 12 13 12
internal_value=0 -0.00746377 -0.0510582 0.0111282 -0.0228266 0.0493272 0.0418334
internal_weight=110 97 29 68 36 32 24
internal_count=110 97 29 68 36 32 24
is_linear=0
shrinkage=0.0510168


Tree=178
num_leaves=8
num_cat=0
split_feature=6 6 12 17 1 8 17
split_gain=16.9275 32.4997 41.3579 32.0527 61.3507 27.1535 15.2955
threshold=21.196077457725799 15.703964017333062 14.718749999999998 48.500000000000007 216.00000000000003 52.500000000000007 55.500000000000007
decision_type=2 2 2 2 2 2 2
left_child=1 2 3 -1 -5 -3 -6
right_child=-2 5 -4 4 6 -7 -8
leaf_value=0.1030896701635361 0.057190120987665793 -0.10394264721802841 -0.075220194969350784 -0.084586581075714706 0.011495476596220468 -0.0015497226373072483 0.079932132095215228
leaf_weight=11.999999999999998 11.999999999999998 14.000000000000002 11.999999999999998 12.999999999999998 17 12.999999999999998 17
leaf_count=12 12 14 12 13 17 13 17
internal_value=0 -0.00700319 0.011114 0.0286744 0.00967323 -0.0546441 0.0457151
internal_weight=110 98 71 59 47 27 34
internal_count=110 98 71 59 47 27 34
is_linear=0
shrinkage=0.0510168


Tree=179
num_leaves=7
num_cat=0
split_feature=0 14 10 10 10 15
split_gain=16.7553 23.3819 30.1298 74.581 68.7232 19.3037
threshold=2977.5000000000005 21.500000000000004 -4.140076754385964 11.875000000000002 -13.55208333333333 19.605549752746573
decision_type=2 2 2 2 2 2
left_child=1 5 4 -4 -3 -1
right_child=-2 2 3 -5 -6 -7
leaf_value=0.0064767614613284504 -0.056898391976634169 -0.050160409266554476 -0.11395395142764168 0.037423523769428792 0.085684275628021889 0.096207195145134775
leaf_weight=13.000000000000002 11.999999999999998 17.999999999999996 18 15.999999999999998 21.000000000000004 11.999999999999998
leaf_count=13 12 18 18 16 21 12
internal_value=0 0.00696757 -0.00761543 -0.0427179 0.0229867 0.0495493
internal_weight=110 98 73 34 39 25
internal_count=110 98 73 34 39 25
is_linear=0
shrinkage=0.0510168


Tree=180
num_leaves=7
num_cat=0
split_feature=2 16 15 15 2 1
split_gain=18.0408 47.42 42.319 26.8538 32.8481 24.628
threshold=1272.5000000000002 110.50000000000001 17.715095156998228 25.840779035040516 13392.500000000002 491.00000000000006
decision_type=2 2 2 2 2 2
left_child=-1 -2 -3 4 5 -4
right_child=1 2 3 -5 -6 -7
leaf_value=-0.059040797881094779 0.097971170094160412 -0.073738619614029083 0.043027648422870657 -0.044859511449080437 0.097380548993542315 -0.041889290954528181
leaf_weight=11.999999999999998 12.999999999999998 19 20 15.999999999999998 13.999999999999998 15.999999999999998
leaf_count=12 13 19 20 16 14 16
internal_value=0 0.00722992 -0.00664875 0.0126654 0.031074 0.00528642
internal_weight=110 98 85 66 50 36
internal_count=110 98 85 66 50 36
is_linear=0
shrinkage=0.0510168


Tree=181
num_leaves=7
num_cat=0
split_feature=10 14 10 10 5 2
split_gain=17.224 29.6907 65.1031 44.3584 33.4742 21.3575
threshold=16.015625000000004 22.500000000000004 -11.432499148791281 1.682346491228069 1.0000000180025095e-35 6130.0000000000009
decision_type=2 2 2 2 2 2
left_child=1 2 -1 -4 5 -3
right_child=-2 4 3 -5 -6 -7
leaf_value=0.13817338666260842 -0.050802740613877163 -0.10569008886757569 -0.045904381780983029 0.06208347405977549 0.045035289643596987 -0.017823678244333799
leaf_weight=11.999999999999998 14.999999999999998 12.000000000000002 22 18 12.999999999999998 18
leaf_count=12 15 12 22 18 13 18
internal_value=0 0.00802187 0.0339572 0.00269014 -0.0233416 -0.0529723
internal_weight=110 95 52 40 43 30
internal_count=110 95 52 40 43 30
is_linear=0
shrinkage=0.0510168


Tree=182
num_leaves=7
num_cat=0
split_feature=9 1 1 8 17 11
split_gain=16.8179 29.0173 30.3136 38.6081 45.4111 14.3846
threshold=10.500000000000002 216.00000000000003 443.50000000000006 55.500000000000007 54.500000000000007 57.500000000000007
decision_type=2 2 2 2 2 2
left_child=1 -1 -3 4 -4 -2
right_child=5 2 3 -5 -6 -7
leaf_value=-0.061605534441507549 0.068279608069612696 0.072630862056646581 0.019830396455644553 0.066074046899603223 -0.096437243378884013 -0.0066574515954059728
leaf_weight=22 15.000000000000002 13.999999999999998 17 11.999999999999998 18 11.999999999999998
leaf_count=22 15 14 17 12 18 12
internal_value=0 -0.0113774 0.00673799 -0.0128903 -0.0399649 0.0349746
internal_weight=110 83 61 47 35 27
internal_count=110 83 61 47 35 27
is_linear=0
shrinkage=0.0510168


Tree=183
num_leaves=7
num_cat=0
split_feature=6 6 0 12 2 6
split_gain=15.7914 27.5349 55.2858 38.2042 31.5012 44.6834
threshold=21.196077457725799 15.703964017333062 2497.0000000000005 13.53541666666667 2300.5000000000005 13.681875034160567
decision_type=2 2 2 2 2 2
left_child=1 3 -3 4 -1 -6
right_child=-2 2 -4 -5 5 -7
leaf_value=0.09555225314355742 0.055237652235074257 0.019731071778756361 -0.12637063197952375 -0.062394085054026424 -0.040638050247773637 0.06508313214208919
leaf_weight=13.999999999999998 11.999999999999998 14.000000000000002 12.999999999999998 14.999999999999998 23 19
leaf_count=14 12 14 13 15 23 19
internal_value=0 -0.00676407 -0.0506153 0.00991196 0.0292804 0.00718826
internal_weight=110 98 27 71 56 42
internal_count=110 98 27 71 56 42
is_linear=0
shrinkage=0.0510168


Tree=184
num_leaves=8
num_cat=0
split_feature=3 9 1 6 9 14 1
split_gain=17.3573 23.99 23.3634 52.7642 48.8001 26.1331 10.2929
threshold=13.500000000000002 10.500000000000002 216.00000000000003 15.703964017333062 9.5000000000000018 22.500000000000004 394.50000000000006
decision_type=2 2 2 2 2 2 2
left_child=-1 2 -2 5 -5 -4 -3
right_child=1 6 3 4 -6 -7 -8
leaf_value=0.053066029192423529 -0.071848754101984755 0.061202339581101613 0.096104296356927604 0.01280786476096152 -0.13268333229597074 -0.0061876315476248117 -0.0021869573916208224
leaf_weight=13.999999999999998 19 15.000000000000002 13.000000000000002 12 12 12.999999999999998 11.999999999999998
leaf_count=14 19 15 13 12 12 13 12
internal_value=0 -0.00773905 -0.0236924 -0.00539193 -0.0599391 0.0449592 0.0330296
internal_weight=110 96 69 50 24 26 27
internal_count=110 96 69 50 24 26 27
is_linear=0
shrinkage=0.0510168


Tree=185
num_leaves=7
num_cat=0
split_feature=10 7 0 10 10 10
split_gain=15.8534 53.7589 31.6976 38.9769 48.7825 25.3019
threshold=16.015625000000004 1320.0000000000002 2497.0000000000005 -13.55208333333333 -5.3020833333333321 -1.0000000180025095e-35
decision_type=2 2 2 2 2 2
left_child=1 -1 3 -3 -5 -6
right_child=-2 2 -4 4 5 -7
leaf_value=0.082012164375255339 -0.048739550216861424 -0.063772277779840153 -0.063599002536283519 0.10762925188682837 -0.062029566971563262 0.042731545249231895
leaf_weight=20 14.999999999999998 13.999999999999998 22 14.999999999999995 11.999999999999996 12.000000000000007
leaf_count=20 15 14 22 15 12 12
internal_value=0 0.00769612 -0.012122 0.00924626 0.035459 -0.00964888
internal_weight=110 95 75 53 39 24
internal_count=110 95 75 53 39 24
is_linear=0
shrinkage=0.0510168


Tree=186
num_leaves=8
num_cat=0
split_feature=6 15 1 10 6 10 16
split_gain=15.7205 26.5229 49.0063 73.7237 66.601 31.878 23.0891
threshold=21.196077457725799 15.00614054465674 216.00000000000003 -15.468749999999996 16.528265317278613 10.677083333333332 127.50000000000001
decision_type=2 2 2 2 2 2 2
left_child=1 -1 -3 -4 5 6 -5
right_child=-2 2 3 4 -6 -7 -8
leaf_value=0.053333192004621936 0.055113566389272631 -0.10933225506068518 0.1080928391654308 -0.072912600545937026 -0.13329323506984503 0.062671537653487916 0.018182370138459986
leaf_weight=15.999999999999998 11.999999999999998 12.999999999999998 12.999999999999991 15.000000000000009 11.999999999999998 14.999999999999998 13.999999999999998
leaf_count=16 12 13 13 15 12 15 14
internal_value=0 -0.00674889 -0.0184727 -0.00135313 -0.0267615 0.00229412 -0.028936
internal_weight=110 98 82 69 56 44 29
internal_count=110 98 82 69 56 44 29
is_linear=0
shrinkage=0.0510168


Tree=187
num_leaves=7
num_cat=0
split_feature=16 11 16 16 2 11
split_gain=15.2755 44.698 31.406 45.9227 30.3437 29.7578
threshold=101.50000000000001 48.500000000000007 115.00000000000001 123.50000000000001 13392.500000000002 55.500000000000007
decision_type=2 2 2 2 2 2
left_child=-1 -2 -3 -4 5 -5
right_child=1 2 3 4 -6 -7
leaf_value=0.051929708513822899 -0.094988863217121786 -0.060238808854824535 0.091264036750454108 -0.091316851719157807 0.054682942655112775 0.0060372042126548703
leaf_weight=12.999999999999998 12.999999999999998 14.999999999999998 18 12.999999999999998 15.999999999999998 22
leaf_count=13 13 15 18 13 16 22
internal_value=0 -0.00695992 0.0066642 0.021209 -0.00351712 -0.0301237
internal_weight=110 97 84 69 51 35
internal_count=110 97 84 69 51 35
is_linear=0
shrinkage=0.0510168


Tree=188
num_leaves=8
num_cat=0
split_feature=3 9 6 6 9 9 10
split_gain=17.4464 21.736 15.9777 35.6574 43.9552 27.3749 9.98499
threshold=13.500000000000002 10.500000000000002 11.207781896630349 15.703964017333062 9.5000000000000018 9.5000000000000018 1.682346491228069
decision_type=2 2 2 2 2 2 2
left_child=-1 2 -2 5 -5 -4 -3
right_child=1 6 3 4 -6 -7 -8
leaf_value=0.053202088517972791 -0.069522736701744289 0.058795451355729507 -0.015541532203620645 0.012687671834747082 -0.12539252805109521 0.082801283287190858 -0.0036384939125192442
leaf_weight=13.999999999999998 14.999999999999998 15.000000000000002 17 12 12 13.000000000000002 11.999999999999998
leaf_count=14 15 15 17 12 12 13 12
internal_value=0 -0.00775892 -0.0229443 -0.0100049 -0.0563537 0.0270743 0.0310473
internal_weight=110 96 69 54 24 30 27
internal_count=110 96 69 54 24 30 27
is_linear=0
shrinkage=0.0510168


Tree=189
num_leaves=8
num_cat=0
split_feature=10 6 13 15 6 15 2
split_gain=15.2631 50.1742 35.0004 25.6339 21.9835 42.0688 13.1501
threshold=-4.140076754385964 16.528265317278613 9.2743055555555571 18.462444407165659 16.528265317278613 17.329401481565885 6990.0000000000009
decision_type=2 2 2 2 2 2 2
left_child=4 2 -2 -4 5 -1 -7
right_child=1 -3 3 -5 -6 6 -8
leaf_value=0.072666590639359097 -0.053261566518501204 -0.10229953338634219 0.095515722828493008 -0.0039690245434899785 0.06951532659872936 -0.07898744383497501 -0.0049271510378053694
leaf_weight=12.999999999999998 14.999999999999998 13.999999999999998 13.000000000000002 13.999999999999998 15.999999999999998 12.000000000000002 12.999999999999998
leaf_count=13 15 14 13 14 16 12 13
internal_value=0 -0.0186611 0.00921941 0.0439319 0.0193523 -0.00176957 -0.0404778
internal_weight=110 56 42 27 54 38 25
internal_count=110 56 42 27 54 38 25
is_linear=0
shrinkage=0.0510168


Tree=190
num_leaves=7
num_cat=0
split_feature=0 14 12 12 13 12
split_gain=14.8627 17.5414 34.7794 35.5914 40.9475 9.6553
threshold=2977.5000000000005 21.500000000000004 -7.3916666666666666 9.9770833333333346 11.502083333333337 3.995833333333334
decision_type=2 2 2 2 2 2
left_child=1 5 -3 4 -4 -1
right_child=-2 2 3 -5 -6 -7
leaf_value=0.073904333057973837 -0.053588759501607498 -0.07835604788558527 0.085953630317182825 -0.040300668910895232 -0.023356924228740233 0.010442863660521811
leaf_weight=13.000000000000002 11.999999999999998 13.999999999999998 22 22 14.999999999999998 11.999999999999998
leaf_count=13 12 14 22 22 15 12
internal_value=0 0.00656228 -0.00606877 0.0110847 0.0416387 0.0434444
internal_weight=110 98 73 59 37 25
internal_count=110 98 73 59 37 25
is_linear=0
shrinkage=0.0510168


Tree=191
num_leaves=8
num_cat=0
split_feature=13 13 10 14 11 12 5
split_gain=14.7501 43.0877 29.7372 30.6521 57.2959 49.881 11.0763
threshold=12.111805555555557 11.422222222222224 16.015625000000004 22.500000000000004 54.500000000000007 5.7250000000000014 1.0000000180025095e-35
decision_type=2 2 2 2 2 2 2
left_child=1 2 3 4 5 -1 -2
right_child=6 -3 -4 -5 -6 -7 -8
leaf_value=0.16499434155602699 0.064405504239653522 -0.099890951610241779 -0.068787024802395083 -0.036512396910024163 -0.036884655555283197 0.025445503251527331 -0.0023873614763051743
leaf_weight=12.000000000000002 14 11.999999999999998 11.999999999999998 18 14.999999999999998 14.999999999999998 12
leaf_count=12 14 12 12 18 15 15 12
internal_value=0 -0.0103935 0.00452346 0.0191864 0.0430577 0.0874704 0.0335784
internal_weight=110 84 72 60 42 27 26
internal_count=110 84 72 60 42 27 26
is_linear=0
shrinkage=0.0510168


Tree=192
num_leaves=7
num_cat=0
split_feature=6 13 6 2 2 6
split_gain=14.6328 21.3276 40.1288 32.7275 12.9211 16.4622
threshold=21.196077457725799 8.467402292667547 16.528265317278613 11968.000000000002 2300.5000000000005 13.12041281803076
decision_type=2 2 2 2 2 2
left_child=1 -1 3 4 -3 -6
right_child=-2 2 -4 -5 5 -7
leaf_value=-0.067366141457028836 0.053172631901193659 0.044452748223156056 -0.067308812858077591 0.096777803567926007 -0.04566833036067057 0.019158101220395227
leaf_weight=12.999999999999998 11.999999999999998 14.999999999999998 17 11.999999999999998 19 22
leaf_count=13 12 15 17 12 19 22
internal_value=0 -0.00651127 0.00279632 0.0203233 0.00393895 -0.0108834
internal_weight=110 98 85 68 56 41
internal_count=110 98 85 68 56 41
is_linear=0
shrinkage=0.0510168


Tree=193
num_leaves=7
num_cat=0
split_feature=10 6 7 7 3 13
split_gain=14.8083 46.4937 29.9935 91.1913 21.1046 18.6205
threshold=-4.140076754385964 16.528265317278613 1110.0000000000002 3510.0000000000005 14.500000000000002 11.422222222222224
decision_type=2 2 2 2 2 2
left_child=4 2 -2 -4 -1 -6
right_child=1 -3 3 -5 5 -7
leaf_value=-0.019402757363611297 -0.059706537396258856 -0.098893363641361268 0.14465678292916337 -0.036899794985633873 0.092552388588652654 0.013314059433633257
leaf_weight=22 11.999999999999998 13.999999999999998 12.000000000000002 18 12.999999999999998 19
leaf_count=22 12 14 12 18 13 19
internal_value=0 -0.018381 0.0084575 0.0357242 0.0190618 0.0455063
internal_weight=110 56 42 30 54 32
internal_count=110 56 42 30 54 32
is_linear=0
shrinkage=0.0510168


Tree=194
num_leaves=8
num_cat=0
split_feature=16 13 5 4 13 4 16
split_gain=15.0631 21.0994 42.8277 49.5816 48.0859 42.727 10.6958
threshold=154.50000000000003 12.111805555555557 1.0000000180025095e-35 38.500000000000007 10.514583333333336 20.500000000000004 118.50000000000001
decision_type=2 2 2 2 2 2 2
left_child=1 2 3 4 5 -1 -3
right_child=-2 6 -4 -5 -6 -7 -8
leaf_value=-0.090606408284466436 0.051567346761828121 -0.00031414458727068811 0.05215083418035299 0.049009129539041837 -0.14591392356781227 0.033313976635534467 0.065127193412047868
leaf_weight=15 12.999999999999998 13.000000000000002 15.999999999999998 11.999999999999998 13.999999999999998 14 12.999999999999998
leaf_count=15 13 13 16 12 14 14 13
internal_value=0 -0.00691139 -0.02131 -0.042681 -0.0682696 -0.0307831 0.032407
internal_weight=110 97 71 55 43 29 26
internal_count=110 97 71 55 43 29 26
is_linear=0
shrinkage=0.0510168


Tree=195
num_leaves=8
num_cat=0
split_feature=3 13 5 11 11 17 5
split_gain=15.8473 19.9386 30.4658 97.3559 21.7328 15.8139 10.1586
threshold=13.500000000000002 12.111805555555557 1.0000000180025095e-35 51.500000000000007 54.500000000000007 56.500000000000007 1.0000000180025095e-35
decision_type=2 2 2 2 2 2 2
left_child=-1 2 3 -2 -5 -6 -3
right_child=1 6 -4 4 5 -7 -8
leaf_value=0.05070530005677381 -0.16762263273193287 0.060276362929658503 0.042881134018200893 0.048914860604327585 -0.070276754311987419 0.0054742874039126954 -0.0036898790067611187
leaf_weight=13.999999999999998 11.999999999999998 14 14.999999999999998 13.999999999999998 13.000000000000002 15.999999999999998 12
leaf_count=14 12 14 15 14 13 16 12
internal_value=0 -0.0073948 -0.0215646 -0.0391412 -0.00328349 -0.0284836 0.0307538
internal_weight=110 96 70 55 43 29 26
internal_count=110 96 70 55 43 29 26
is_linear=0
shrinkage=0.0510168


Tree=196
num_leaves=8
num_cat=0
split_feature=3 13 12 17 0 7 16
split_gain=14.2717 17.9562 39.2816 46.4252 60.8576 19.3543 9.32348
threshold=13.500000000000002 12.111805555555557 8.8791666666666682 54.500000000000007 2497.0000000000005 4710.0000000000009 118.50000000000001
decision_type=2 2 2 2 2 2 2
left_child=-1 2 3 -2 5 -5 -3
right_child=1 6 -4 4 -6 -7 -8
leaf_value=0.048118615284567887 0.062898681410700041 -0.0013649460582620529 -0.10048659681153299 -0.031271277185454381 -0.11929798692901787 0.060353388881014776 0.059733922908598712
leaf_weight=13.999999999999998 19 13.000000000000002 12.999999999999998 12.000000000000002 13.999999999999998 11.999999999999998 12.999999999999998
leaf_count=14 19 13 13 12 14 12 13
internal_value=0 -0.00701756 -0.0204645 -0.00221263 -0.0347691 0.0145411 0.0291849
internal_weight=110 96 70 57 38 24 26
internal_count=110 96 70 57 38 24 26
is_linear=0
shrinkage=0.0510168


Tree=197
num_leaves=8
num_cat=0
split_feature=2 10 0 6 10 10 2
split_gain=15.2301 50.3113 43.7811 45.9929 30.5125 31.7478 23.3257
threshold=1272.5000000000002 -15.468749999999996 2331.5000000000005 14.931102021737924 1.0000000180025095e-35 -5.3020833333333321 14893.500000000002
decision_type=2 2 2 2 2 2 2
left_child=-1 -2 4 -4 5 -3 -5
right_child=1 2 3 6 -6 -7 -8
leaf_value=-0.054246930742480243 0.092626202470813088 0.048462198255747255 0.031523447985580648 -0.1309644373988324 0.079984940598354037 -0.064283586610575705 -0.036059307624974772
leaf_weight=11.999999999999998 14.999999999999998 12.999999999999998 12.999999999999998 14.000000000000002 17 13.000000000000002 12.999999999999998
leaf_count=12 15 13 13 14 17 13 13
internal_value=0 0.00664287 -0.00889684 -0.0473133 0.0268394 -0.00791052 -0.085272
internal_weight=110 98 83 40 43 26 27
internal_count=110 98 83 40 43 26 27
is_linear=0
shrinkage=0.0510168


Tree=198
num_leaves=6
num_cat=0
split_feature=14 10 10 10 15
split_gain=13.8927 31.1892 44.1729 39.5341 30.5465
threshold=21.500000000000004 -4.140076754385964 -13.55208333333333 11.875000000000002 21.451130387408838
decision_type=2 2 2 2 2
left_child=4 2 -2 -3 -1
right_child=1 3 -4 -5 -6
leaf_value=-0.0086071372023516241 -0.041788248952946069 -0.10019025278134341 0.064914212610587413 0.0082934778728816962 0.092578744693180864
leaf_weight=22 18 18 23 17 11.999999999999998
leaf_count=22 18 18 23 17 12
internal_value=0 -0.0121267 0.0180691 -0.0474988 0.0271064
internal_weight=110 76 41 35 34
internal_count=110 76 41 35 34
is_linear=0
shrinkage=0.0510168


Tree=199
num_leaves=7
num_cat=0
split_feature=2 2 2 12 12 12
split_gain=13.8302 34.6353 19.4136 34.3551 36.8996 6.25412
threshold=1272.5000000000002 2850.5000000000005 5117.0000000000009 6.7104166666666671 -5.3666666666666671 1.6541666666666661
decision_type=2 2 2 2 2 2
left_child=-1 -2 -3 4 -4 -6
right_child=1 2 3 -5 5 -7
leaf_value=-0.051693749162691933 0.087520320683892844 -0.057732862936235918 0.035990528000073171 0.067035625434980858 -0.079233113229525573 -0.032185614909615766
leaf_weight=11.999999999999998 11.999999999999998 14.999999999999998 21.999999999999993 18 12.000000000000009 19
leaf_count=12 12 15 22 18 12 19
internal_value=0 0.00633021 -0.00499917 0.00614209 -0.0145392 -0.0503993
internal_weight=110 98 86 71 53 31
internal_count=110 98 86 71 53 31
is_linear=0
shrinkage=0.0510168


Tree=200
num_leaves=7
num_cat=0
split_feature=6 5 2 17 1 7
split_gain=14.6752 15.0954 50.0505 37.7547 42.2306 70.0704
threshold=21.196077457725799 1.0000000180025095e-35 2300.5000000000005 51.500000000000007 491.00000000000006 1980.0000000000002
decision_type=2 2 2 2 2 2
left_child=1 3 -3 -1 -5 -6
right_child=-2 2 -4 4 5 -7
leaf_value=-0.094115876010376395 0.05324957911131635 0.088634223434721549 -0.048128315019210756 0.054624443154916047 -0.1185121052418639 0.028986425392440715
leaf_weight=13.999999999999998 11.999999999999998 15.000000000000002 12.999999999999998 22 14.999999999999998 19
leaf_count=14 12 15 13 22 15 19
internal_value=0 -0.0065207 0.0251374 -0.0191842 -0.000450116 -0.0360873
internal_weight=110 98 28 70 56 34
internal_count=110 98 28 70 56 34
is_linear=0
shrinkage=0.0510168


Tree=201
num_leaves=8
num_cat=0
split_feature=16 13 13 1 4 12 12
split_gain=13.6866 18.4123 16.0076 38.4346 41.794 27.2434 7.64452
threshold=154.50000000000003 8.467402292667547 9.5118055555555561 491.00000000000006 29.500000000000004 5.7250000000000014 9.5291666666666686
decision_type=2 2 2 2 2 2 2
left_child=1 -1 -3 5 -5 -4 -7
right_child=-2 2 3 4 -6 6 -8
leaf_value=-0.063086393971162155 0.049154716500273685 0.056706456230483586 0.075375855488106644 -0.12092217478634042 0.0061078068018503495 -0.036606497998161881 0.016061006373926708
leaf_weight=12.999999999999998 12.999999999999998 11.999999999999998 15.999999999999998 13.000000000000002 13.999999999999998 13.000000000000002 15.999999999999998
leaf_count=13 13 12 16 13 14 13 16
internal_value=0 -0.00658807 0.00215607 -0.006936 -0.055056 0.0219362 -0.00754854
internal_weight=110 97 84 72 27 45 29
internal_count=110 97 84 72 27 45 29
is_linear=0
shrinkage=0.0510168


Tree=202
num_leaves=8
num_cat=0
split_feature=10 14 10 11 10 16 0
split_gain=14.9741 27.5231 51.3057 37.7071 33.9293 13.9505 13.8498
threshold=16.015625000000004 22.500000000000004 -11.432499148791281 52.500000000000007 -3.0520833333333335 135.50000000000003 2497.0000000000005
decision_type=2 2 2 2 2 2 2
left_child=1 2 -1 -3 -4 -5 -6
right_child=-2 3 4 5 6 -7 -8
leaf_value=0.12496637944035804 -0.047368678146921021 -0.0952884797404248 -0.055963595123923918 0.041273280738824067 0.0046044923472265157 -0.028458849356920356 0.080609448190463506
leaf_weight=11.999999999999998 14.999999999999998 12.999999999999998 14.999999999999995 16.000000000000004 13.000000000000005 13.999999999999998 11.999999999999998
leaf_count=12 15 13 15 16 13 14 12
internal_value=0 0.00747957 0.0324503 -0.0227173 0.00469339 0.00873138 0.0410886
internal_weight=110 95 52 43 40 30 25
internal_count=110 95 52 43 40 30 25
is_linear=0
shrinkage=0.0510168


Tree=203
num_leaves=7
num_cat=0
split_feature=10 7 2 10 1 6
split_gain=13.4853 45.3106 33.0776 38.5722 23.989 20.8556
threshold=16.015625000000004 1320.0000000000002 2300.5000000000005 -15.468749999999996 669.50000000000011 13.12041281803076
decision_type=2 2 2 2 2 2
left_child=1 -1 -3 -4 5 -5
right_child=-2 2 3 4 -6 -7
leaf_value=0.075325209804836035 -0.044952197971449323 0.066530827998150216 0.052401989888196915 -0.065300433366029323 -0.09547099514844562 0.016149112504304976
leaf_weight=20 14.999999999999998 11.999999999999998 12.999999999999998 14.999999999999998 17 18
leaf_count=20 15 12 13 15 17 18
internal_value=0 0.00709802 -0.0110963 -0.0258832 -0.046238 -0.0208737
internal_weight=110 95 75 63 50 33
internal_count=110 95 75 63 50 33
is_linear=0
shrinkage=0.0510168


Tree=204
num_leaves=7
num_cat=0
split_feature=16 10 11 11 12 7
split_gain=12.4928 47.3493 29.8406 34.6378 25.4183 24.8983
threshold=101.50000000000001 -15.468749999999996 49.500000000000007 59.500000000000007 -5.3666666666666671 3360.0000000000005
decision_type=2 2 2 2 2 2
left_child=-1 -2 -3 4 -4 -6
right_child=1 2 3 -5 5 -7
leaf_value=0.046962162187535766 0.077041815767507071 -0.092439747512823411 0.05593564925725638 -0.079822244815487178 -0.075729438439298136 0.014920149695537378
leaf_weight=12.999999999999998 14.999999999999998 12.999999999999998 19.999999999999993 13.999999999999998 12.000000000000005 23
leaf_count=13 15 13 20 14 12 23
internal_value=0 -0.00629418 -0.0215392 -0.0081802 0.0100566 -0.0161603
internal_weight=110 97 82 69 55 35
internal_count=110 97 82 69 55 35
is_linear=0
shrinkage=0.0510168


Tree=205
num_leaves=8
num_cat=0
split_feature=2 16 10 8 12 13 2
split_gain=14.0763 36.7502 66.2349 41.3429 29.1203 28.7738 21.5053
threshold=1272.5000000000002 110.50000000000001 -15.468749999999996 49.500000000000007 4.9416666666666673 8.6250000000000018 11968.000000000002
decision_type=2 2 2 2 2 2 2
left_child=-1 -2 -3 -4 5 -5 -7
right_child=1 2 3 4 -6 6 -8
leaf_value=-0.052151680260623591 0.086269183276626929 0.10014919400551676 -0.094501246292456167 -0.044503740157652696 -0.066999821925481817 0.0057139269359255413 0.095362971641894514
leaf_weight=11.999999999999998 12.999999999999998 12.999999999999998 17 12.999999999999998 13.999999999999998 15.000000000000002 12.999999999999998
leaf_count=12 13 13 17 13 14 15 13
internal_value=0 0.00638626 -0.00583164 -0.024968 -0.00347479 0.0182172 0.0473385
internal_weight=110 98 85 72 55 41 28
internal_count=110 98 85 72 55 41 28
is_linear=0
shrinkage=0.0510168


Tree=206
num_leaves=8
num_cat=0
split_feature=10 7 1 10 16 11 6
split_gain=12.7368 40.1278 27.2822 21.2076 48.2036 30.9623 15.1642
threshold=16.015625000000004 1320.0000000000002 833.50000000000011 -15.468749999999996 110.50000000000001 52.500000000000007 14.288825189510218
decision_type=2 2 2 2 2 2 2
left_child=1 -1 3 -3 -5 -6 -7
right_child=-2 2 -4 4 5 6 -8
leaf_value=0.071104908163154859 -0.043686931816629734 -0.057814018268690717 -0.080723480916988485 0.098192304864137367 -0.08030435795902785 -0.021967049556684996 0.057560322199667002
leaf_weight=20 14.999999999999998 11.999999999999998 11.999999999999998 13.999999999999998 11.999999999999998 12.000000000000002 12.999999999999998
leaf_count=20 15 12 12 14 12 12 13
internal_value=0 0.00689823 -0.0102239 0.00320517 0.0175634 -0.0129458 0.0193872
internal_weight=110 95 75 63 51 37 25
internal_count=110 95 75 63 51 37 25
is_linear=0
shrinkage=0.0510168


Tree=207
num_leaves=8
num_cat=0
split_feature=3 13 16 11 11 12 12
split_gain=13.5333 16.2152 22.0367 51.8099 18.3897 17.0242 11.5325
threshold=13.500000000000002 9.2743055555555571 110.50000000000001 52.500000000000007 56.500000000000007 2.5250000000000008 14.718749999999998
decision_type=2 2 2 2 2 2 2
left_child=-1 4 -3 -4 -2 -5 -7
right_child=1 2 3 5 -6 6 -8
leaf_value=0.046857376392897443 -0.084204369045413147 0.058302636518081902 -0.098719087847545559 0.066336139536497973 0.0033740178724734182 -0.03095026528670328 0.034369755799131443
leaf_weight=13.999999999999998 13.000000000000002 15.999999999999998 12.999999999999998 12.999999999999998 11.999999999999998 17.000000000000004 11.999999999999998
leaf_count=14 13 16 13 13 12 17 12
internal_value=0 -0.00683369 0.00560794 -0.00972181 -0.0421675 0.017826 -0.00392076
internal_weight=110 96 71 55 25 42 29
internal_count=110 96 71 55 25 42 29
is_linear=0
shrinkage=0.0510168


Tree=208
num_leaves=8
num_cat=0
split_feature=2 2 2 8 12 12 16
split_gain=13.6221 28.8124 18.6128 39.3775 22.3255 23.2173 41.2231
threshold=1272.5000000000002 2850.5000000000005 5117.0000000000009 55.500000000000007 6.7104166666666671 -8.5541666666666636 130.00000000000003
decision_type=2 2 2 2 2 2 2
left_child=-1 -2 -3 4 5 -4 -7
right_child=1 2 3 -5 -6 6 -8
leaf_value=-0.051303465445111801 0.080333827247545411 -0.05568552790016084 0.025143249183052257 0.091100114455370293 0.048754469293114486 -0.10913187442794355 0.0085880984393302984
leaf_weight=11.999999999999998 11.999999999999998 14.999999999999998 14.999999999999991 11.999999999999998 12.999999999999998 16.000000000000011 14.999999999999998
leaf_count=12 12 15 15 12 13 16 15
internal_value=0 0.00628238 -0.00405085 0.0068582 -0.0102765 -0.0269599 -0.0521714
internal_weight=110 98 86 71 59 46 31
internal_count=110 98 86 71 59 46 31
is_linear=0
shrinkage=0.0510168


Tree=209
num_leaves=7
num_cat=0
split_feature=2 10 1 14 7 10
split_gain=12.2677 30.1224 26.4795 22.6537 30.2721 21.2886
threshold=1272.5000000000002 -15.468749999999996 436.00000000000006 22.500000000000004 1980.0000000000002 1.0000000180025095e-35
decision_type=2 2 2 2 2 2
left_child=-1 -2 5 4 -4 -3
right_child=1 2 3 -5 -6 -7
leaf_value=-0.048686292867283466 0.07249326668006488 -0.0052446940057465511 -0.052444610858542143 -0.075586933949430501 0.048433988285802851 0.076778531718088253
leaf_weight=11.999999999999998 14.999999999999998 20 16.000000000000004 18 14.999999999999998 13.999999999999998
leaf_count=12 15 20 16 18 15 14
internal_value=0 0.00596192 -0.00606222 -0.0300654 -0.00363207 0.0285302
internal_weight=110 98 83 49 31 34
internal_count=110 98 83 49 31 34
is_linear=0
shrinkage=0.0510168


Tree=210
num_leaves=8
num_cat=0
split_feature=10 12 15 3 2 1 15
split_gain=11.3746 20.1151 29.9761 58.9152 40.4253 35.9218 13.9574
threshold=16.015625000000004 -5.3666666666666671 19.605549752746573 14.500000000000002 2300.5000000000005 359.50000000000006 23.677455868939198
decision_type=2 2 2 2 2 2 2
left_child=1 -1 4 -4 -3 -6 -5
right_child=-2 2 3 6 5 -7 -8
leaf_value=0.062983742065955597 -0.041284581513294276 0.1068736281325367 -0.10641863464246495 -0.022995818329791556 -0.062364855818743362 0.055402840493277199 0.053301445252088492
leaf_weight=13.999999999999998 14.999999999999998 11.999999999999998 17 12.000000000000002 14.000000000000002 12.999999999999998 12.999999999999998
leaf_count=14 15 12 17 12 14 13 13
internal_value=0 0.0065189 -0.00324081 -0.0331471 0.0289657 -0.00566155 0.0166787
internal_weight=110 95 81 42 39 27 25
internal_count=110 95 81 42 39 27 25
is_linear=0
shrinkage=0.0510168


Tree=211
num_leaves=7
num_cat=0
split_feature=14 12 12 13 10 13
split_gain=12.5978 45.6728 32.3092 25.9209 16.435 2.95741
threshold=21.500000000000004 -7.3916666666666666 9.9770833333333346 11.502083333333337 -3.0520833333333335 9.9861111111111125
decision_type=2 2 2 2 2 2
left_child=4 -2 3 5 -1 -3
right_child=1 2 -4 -5 -6 -7
leaf_value=-0.014106763469985212 -0.091299782743669497 0.08674191591145114 -0.041369510206733656 -0.016658357861819018 0.057327215985899231 0.050914417751988759
leaf_weight=14.999999999999998 14.999999999999998 12.000000000000002 22 14.999999999999998 19 11.999999999999998
leaf_count=15 15 12 22 15 19 12
internal_value=0 -0.0115477 0.00806415 0.0359503 0.0258123 0.0688307
internal_weight=110 76 61 39 34 24
internal_count=110 76 61 39 34 24
is_linear=0
shrinkage=0.0510168


Tree=212
num_leaves=7
num_cat=0
split_feature=14 12 12 13 10 6
split_gain=11.3452 41.1318 29.0968 23.3437 14.8009 3.68181
threshold=21.500000000000004 -7.3916666666666666 9.9770833333333346 11.502083333333337 -3.0520833333333335 15.370253911701138
decision_type=2 2 2 2 2 2
left_child=4 -2 3 5 -1 -3
right_child=1 2 -4 -5 -6 -7
leaf_value=-0.013387117876139788 -0.086642190294557053 0.08530295184719458 -0.03925904139427043 -0.015808542918992918 0.054402679209925087 0.045331031756320764
leaf_weight=14.999999999999998 14.999999999999998 12.000000000000002 22 14.999999999999998 19 11.999999999999998
leaf_count=15 15 12 22 15 19 12
internal_value=0 -0.0109586 0.00765279 0.0341164 0.0244955 0.0653194
internal_weight=110 76 61 39 34 24
internal_count=110 76 61 39 34 24
is_linear=0
shrinkage=0.0510168


Tree=213
num_leaves=6
num_cat=0
split_feature=14 12 12 16 0
split_gain=10.2172 37.0422 26.2038 22.7777 16.3988
threshold=21.500000000000004 -7.3916666666666666 9.9770833333333346 123.50000000000001 2859.5000000000005
decision_type=2 2 2 2 2
left_child=4 -2 3 -3 -1
right_child=1 2 -4 -5 -6
leaf_value=-0.0046307800168583551 -0.082222200461382025 0.07672755011420726 -0.037256239220663949 -0.0018966407424504889 0.068275769774253148
leaf_weight=21 14.999999999999998 17 22 22 12.999999999999998
leaf_count=21 15 17 22 22 13
internal_value=0 -0.0103995 0.00726241 0.032376 0.0232458
internal_weight=110 76 61 39 34
internal_count=110 76 61 39 34
is_linear=0
shrinkage=0.0510168


Tree=214
num_leaves=7
num_cat=0
split_feature=2 10 12 8 7 10
split_gain=11.4752 29.7129 27.4235 40.5896 20.7172 38.2488
threshold=1272.5000000000002 -15.468749999999996 9.5291666666666686 55.500000000000007 1980.0000000000002 1.0000000180025095e-35
decision_type=2 2 2 2 2 2
left_child=-1 -2 3 4 -3 -6
right_child=1 2 -4 -5 5 -7
leaf_value=-0.047087414401426199 0.071843754999689938 -0.049337347406441787 -0.077503785723078242 0.091408546140069283 -0.031795547882783 0.074866071940518336
leaf_weight=11.999999999999998 14.999999999999998 23 11.999999999999998 11.999999999999998 21 14.999999999999998
leaf_count=12 15 23 12 12 21 15
internal_value=0 0.00576615 -0.00617599 0.00587994 -0.0115165 0.0126471
internal_weight=110 98 83 71 59 36
internal_count=110 98 83 71 59 36
is_linear=0
shrinkage=0.0510168


Tree=215
num_leaves=7
num_cat=0
split_feature=2 10 12 2 12 12
split_gain=10.3343 26.7587 24.6969 17.6504 20.3762 12.5821
threshold=1272.5000000000002 -15.468749999999996 9.5291666666666686 5117.0000000000009 -5.3666666666666671 1.6541666666666661
decision_type=2 2 2 2 2 2
left_child=-1 -2 3 -3 -5 -6
right_child=1 2 -4 4 5 -7
leaf_value=-0.044685315653655362 0.068178696317188314 0.056904169831135124 -0.073550034342118875 0.031446171595236806 -0.073555480020597572 -0.0091138335151421633
leaf_weight=11.999999999999998 14.999999999999998 13.999999999999998 11.999999999999998 21.999999999999993 12.000000000000005 23
leaf_count=12 15 14 12 22 12 23
internal_value=0 0.005472 -0.00586091 0.00558 -0.00702632 -0.0312095
internal_weight=110 98 83 71 57 35
internal_count=110 98 83 71 57 35
is_linear=0
shrinkage=0.0510168


Tree=216
num_leaves=6
num_cat=0
split_feature=6 15 16 6 16
split_gain=9.98649 17.1514 23.7433 30.1023 22.2772
threshold=21.196077457725799 15.00614054465674 115.00000000000001 15.703964017333062 121.50000000000001
decision_type=2 2 2 2 2
left_child=1 -1 -3 4 -4
right_child=-2 2 3 -5 -6
leaf_value=0.042936158158864313 0.043926941483584031 -0.060141634433716416 0.081043955368282905 -0.044015302582031235 -0.00057798542746126272
leaf_weight=15.999999999999998 11.999999999999998 22 13.999999999999998 23 23
leaf_count=16 12 22 14 23 23
internal_value=0 -0.00537908 -0.0148069 0.00181624 0.0303067
internal_weight=110 98 82 60 37
internal_count=110 98 82 60 37
is_linear=0
shrinkage=0.0510168


Tree=217
num_leaves=7
num_cat=0
split_feature=3 1 15 17 11 15
split_gain=10.0703 12.224 16.871 31.3501 30.5625 16.7795
threshold=13.500000000000002 1053.0000000000002 20.310266282558107 48.500000000000007 55.500000000000007 24.176076610252228
decision_type=2 2 2 2 2 2
left_child=-1 2 3 -2 -5 -4
right_child=1 -3 5 4 -6 -7
leaf_value=0.040420024923447477 0.048834533300500103 -0.054058365747528189 0.062215199335308363 -0.087688247840611702 0.0080083959682209563 -0.0074429985689668313
leaf_weight=13.999999999999998 12.999999999999998 11.999999999999998 18 19 15.999999999999998 18
leaf_count=14 13 12 18 19 16 18
internal_value=0 -0.00589481 0.000985987 -0.0188142 -0.0439417 0.0273864
internal_weight=110 96 84 48 35 36
internal_count=110 96 84 48 35 36
is_linear=0
shrinkage=0.0510168


Tree=218
num_leaves=7
num_cat=0
split_feature=8 1 7 16 7 14
split_gain=9.5617 53.6018 30.1394 26.3696 21.9064 19.328
threshold=45.500000000000007 101.50000000000001 6180.0000000000009 150.00000000000003 1110.0000000000002 22.500000000000004
decision_type=2 2 2 2 2 2
left_child=-1 -2 3 4 -3 -6
right_child=1 2 -4 -5 5 -7
leaf_value=0.039386149382986645 -0.10659998467355006 -0.046588880177791663 -0.062749336456021113 0.084474106633764562 0.059840583733806629 -0.0093750600892221949
leaf_weight=13.999999999999998 11.999999999999998 14.999999999999998 12.999999999999998 13.999999999999998 21 21
leaf_count=14 12 15 13 14 21 21
internal_value=0 -0.00574402 0.00866465 0.0217411 0.00633194 0.025233
internal_weight=110 96 84 71 57 42
internal_count=110 96 84 71 57 42
is_linear=0
shrinkage=0.0510168


Tree=219
num_leaves=7
num_cat=0
split_feature=10 7 15 7 7 15
split_gain=10.3845 37.0231 32.0211 38.4994 30.3645 19.695
threshold=16.015625000000004 1320.0000000000002 16.867492208256046 3585.0000000000005 5790.0000000000009 13.720026682462423
decision_type=2 2 2 2 2 2
left_child=1 -1 5 -4 -5 -3
right_child=-2 2 3 4 -6 -7
leaf_value=0.067901577100927896 -0.039446886880156781 -0.01241480207880024 -0.099441924582694505 0.033981386326155695 -0.067746823943304516 0.076651075282109765
leaf_weight=20 14.999999999999998 12.000000000000002 15.999999999999998 21 11.999999999999998 13.999999999999998
leaf_count=20 15 12 16 21 12 14
internal_value=0 0.00622874 -0.0102177 -0.0344999 -0.00301106 0.0355442
internal_weight=110 95 75 49 33 26
internal_count=110 95 75 49 33 26
is_linear=0
shrinkage=0.0510168


Tree=220
num_leaves=7
num_cat=0
split_feature=17 15 17 15 4 15
split_gain=8.61423 52.4344 34.7929 21.8251 15.9676 10.0161
threshold=54.500000000000007 19.605549752746573 55.500000000000007 21.873710377563643 38.500000000000007 16.461373369421416
decision_type=2 2 2 2 2 2
left_child=1 5 -2 4 -4 -1
right_child=2 -3 3 -5 -6 -7
leaf_value=0.032565492517436345 -0.086526581214725617 -0.047261053449025807 -0.061833212891895452 0.043896207234028484 0.013921544804869616 0.09589846536708671
leaf_weight=13.000000000000002 12.999999999999998 19 14 23 15 12.999999999999998
leaf_count=13 13 19 14 23 15 13
internal_value=0 0.0171582 -0.0118788 0.00678391 -0.02265 0.0642342
internal_weight=110 45 65 52 29 26
internal_count=110 45 65 52 29 26
is_linear=0
shrinkage=0.0510168


Tree=221
num_leaves=7
num_cat=0
split_feature=10 17 10 7 16 10
split_gain=9.96205 36.9187 22.029 57.8395 16.8539 27.5076
threshold=-4.140076754385964 57.500000000000007 1.0000000180025095e-35 1110.0000000000002 135.50000000000003 -13.55208333333333
decision_type=2 2 2 2 2 2
left_child=4 2 -2 -4 5 -1
right_child=1 -3 3 -5 -6 -7
leaf_value=-0.064199272864843573 -0.052389083614923726 -0.094392358716719638 -0.059882263339195552 0.081789482916412082 0.054316875111836777 0.029401457822352945
leaf_weight=12.999999999999998 11.999999999999998 11.999999999999998 11.999999999999998 20 19 22
leaf_count=13 12 12 12 20 19 22
internal_value=0 -0.0150762 0.0065565 0.0286621 0.0156345 -0.00536485
internal_weight=110 56 44 32 54 35
internal_count=110 56 44 32 54 35
is_linear=0
shrinkage=0.0510168


Tree=222
num_leaves=7
num_cat=0
split_feature=2 10 0 17 10 10
split_gain=9.04317 24.7319 30.5081 24.2556 17.6567 21.6809
threshold=1272.5000000000002 -15.468749999999996 2331.5000000000005 54.500000000000007 1.0000000180025095e-35 -5.3020833333333321
decision_type=2 2 2 2 2 2
left_child=-1 -2 4 -4 5 -3
right_child=1 2 3 -5 -6 -7
leaf_value=-0.041800844045113646 0.065403820990734399 0.044205667056786489 0.0018817583390912077 -0.077571486128419492 0.064482794065056734 -0.048965661238092234
leaf_weight=11.999999999999998 14.999999999999998 12.999999999999998 20 20 17 13.000000000000002
leaf_count=12 15 13 20 20 17 13
internal_value=0 0.0051187 -0.00577655 -0.0378453 0.0240547 -0.00237967
internal_weight=110 98 83 40 43 26
internal_count=110 98 83 40 43 26
is_linear=0
shrinkage=0.0510168


Tree=223
num_leaves=7
num_cat=0
split_feature=10 17 12 12 17 7
split_gain=8.33443 34.192 25.1449 15.6692 11.6672 9.01795
threshold=-4.140076754385964 57.500000000000007 -5.3666666666666671 16.108333333333338 50.500000000000007 4290.0000000000009
decision_type=2 2 2 2 2 2
left_child=3 2 -2 4 -1 -6
right_child=1 -3 -4 -5 5 -7
leaf_value=0.065603792661065835 0.045594781729237997 -0.090120778045370206 -0.031537040821397772 -0.034502351920176047 -0.023348706733019038 0.036919079358085242
leaf_weight=14.999999999999998 22 11.999999999999998 22 12.999999999999998 12.000000000000002 13.999999999999998
leaf_count=15 22 12 22 13 12 14
internal_value=0 -0.0137897 0.00702876 0.0143004 0.029775 0.00910291
internal_weight=110 56 44 54 41 26
internal_count=110 56 44 54 41 26
is_linear=0
shrinkage=0.0510168


Tree=224
num_leaves=8
num_cat=0
split_feature=2 7 16 2 15 7 2
split_gain=8.49157 22.8162 25.1682 25.807 36.9002 32.4202 21.4609
threshold=1272.5000000000002 5790.0000000000009 150.00000000000003 3167.5000000000005 17.715095156998228 1110.0000000000002 9870.5000000000018
decision_type=2 2 2 2 2 2 2
left_child=-1 2 3 -2 -5 -6 -7
right_child=1 -3 -4 4 5 6 -8
leaf_value=-0.040505948032007473 0.071020571594659812 -0.048771266158091041 0.0784470563106138 -0.090651442265120841 -0.053230594620079348 0.004427914080853401 0.093536107968524004
leaf_weight=11.999999999999998 11.999999999999998 17 13.999999999999998 11.999999999999998 13.999999999999998 17.000000000000004 11.999999999999998
leaf_count=12 12 17 14 12 14 17 12
internal_value=0 0.00496013 0.0162376 0.00323769 -0.0115519 0.0105234 0.041302
internal_weight=110 98 81 67 55 43 29
internal_count=110 98 81 67 55 43 29
is_linear=0
shrinkage=0.0510168


Tree=225
num_leaves=8
num_cat=0
split_feature=3 13 7 0 15 13 15
split_gain=9.17097 12.7711 28.6298 46.4768 19.0418 11.1568 11.154
threshold=13.500000000000002 9.2743055555555571 1320.0000000000002 2435.0000000000005 17.329401481565885 12.006250000000001 19.76386813791753
decision_type=2 2 2 2 2 2 2
left_child=-1 6 -3 4 -4 -6 -2
right_child=1 2 3 -5 5 -7 -8
leaf_value=0.038572943923951421 -0.06972163862148123 0.065478476722805823 0.056817960365898881 -0.10082949528565133 0.018184298959307271 -0.047447845467338705 -0.0015134640591336868
leaf_weight=13.999999999999998 13.000000000000002 15.999999999999998 15.999999999999998 11.999999999999998 14.000000000000002 12.999999999999998 11.999999999999998
leaf_count=14 13 16 16 12 14 13 12
internal_value=0 -0.00562551 0.00541602 -0.0120571 0.0127176 -0.0134164 -0.0369831
internal_weight=110 96 71 55 43 27 25
internal_count=110 96 71 55 43 27 25
is_linear=0
shrinkage=0.0510168


Tree=226
num_leaves=7
num_cat=0
split_feature=10 13 10 13 2 1
split_gain=9.15239 17.6813 43.0754 38.3173 24.004 18.2575
threshold=16.015625000000004 10.514583333333336 -4.5781249999999991 8.467402292667547 10538.500000000002 536.50000000000011
decision_type=2 2 2 2 2 2
left_child=1 3 5 -1 -5 -3
right_child=-2 2 -4 4 -6 -7
leaf_value=-0.042206659192364021 -0.03703298399141669 -0.0073769151673584131 -0.077877269541818825 0.021356472349112723 0.11468744860556326 0.070247948445074787
leaf_weight=12.999999999999998 14.999999999999998 23 18 16.000000000000004 12.999999999999998 11.999999999999998
leaf_count=13 15 23 18 16 13 12
internal_value=0 0.0058475 -0.013745 0.0305714 0.0631967 0.0192379
internal_weight=110 95 53 42 29 35
internal_count=110 95 53 42 29 35
is_linear=0
shrinkage=0.0510168


Tree=227
num_leaves=7
num_cat=0
split_feature=0 12 13 0 1 7
split_gain=8.12829 12.9672 25.9699 30.2399 19.7308 6.19034
threshold=2977.5000000000005 5.7250000000000014 8.7798611111111118 2331.5000000000005 216.00000000000003 4290.0000000000009
decision_type=2 2 2 2 2 2
left_child=1 2 -1 -4 -3 -6
right_child=-2 4 3 -5 5 -7
leaf_value=0.076126114911787682 -0.039630019460254615 -0.058758609402993725 0.037457659289321564 -0.054717576951180139 0.036751901242903083 -0.012136153206765652
leaf_weight=15.999999999999998 11.999999999999998 17 22 15.999999999999998 13.000000000000002 13.999999999999998
leaf_count=16 12 17 22 16 13 14
internal_value=0 0.00485287 0.0216043 -0.001353 -0.0157055 0.0114025
internal_weight=110 98 54 38 44 27
internal_count=110 98 54 38 44 27
is_linear=0
shrinkage=0.0510168


Tree=228
num_leaves=7
num_cat=0
split_feature=3 11 17 12 11 12
split_gain=8.07505 11.2431 34.8071 39.0447 22 12.9143
threshold=13.500000000000002 56.500000000000007 54.500000000000007 5.7250000000000014 57.500000000000007 14.718749999999998
decision_type=2 2 2 2 2 2
left_child=-1 2 3 -2 -3 -6
right_child=1 4 -4 -5 5 -7
leaf_value=0.036194909291245372 0.08197353346482085 0.072896196218350348 -0.068226914106813627 -0.034052533095898799 -0.036164463118036144 0.032159097108121232
leaf_weight=13.999999999999998 13.000000000000002 11.999999999999998 23 18 18.000000000000004 11.999999999999998
leaf_count=14 13 12 23 18 18 12
internal_value=0 -0.00527871 -0.0206761 0.014604 0.0145177 -0.00883458
internal_weight=110 96 54 31 42 30
internal_count=110 96 54 31 42 30
is_linear=0
shrinkage=0.0510168


Tree=229
num_leaves=8
num_cat=0
split_feature=6 6 6 5 4 2 8
split_gain=8.34906 13.497 17.872 18.7991 41.8104 35.3267 15.8946
threshold=21.196077457725799 15.703964017333062 14.288825189510218 1.0000000180025095e-35 20.500000000000004 2300.5000000000005 52.500000000000007
decision_type=2 2 2 2 2 2 2
left_child=1 2 3 4 -1 -5 -3
right_child=-2 6 -4 5 -6 -7 -8
leaf_value=-0.10803135572655591 0.040164560002708065 -0.073337698473019367 0.056211539371465967 0.076413829043525533 0.017940018608878543 -0.038484744464879338 0.0050005100577482512
leaf_weight=12.000000000000002 11.999999999999998 14.000000000000002 14.999999999999998 15.000000000000002 15.999999999999998 12.999999999999998 12.999999999999998
leaf_count=12 12 14 15 15 16 13 13
internal_value=0 -0.00491838 0.00675691 -0.00649024 -0.0360488 0.0230681 -0.0356198
internal_weight=110 98 71 56 28 28 27
internal_count=110 98 71 56 28 28 27
is_linear=0
shrinkage=0.0510168


Tree=230
num_leaves=7
num_cat=0
split_feature=10 7 15 7 7 15
split_gain=9.27898 29.0229 30.2811 32.325 24.2336 15.6619
threshold=16.015625000000004 1320.0000000000002 16.867492208256046 3585.0000000000005 5790.0000000000009 13.720026682462423
decision_type=2 2 2 2 2 2
left_child=1 -1 5 -4 -5 -3
right_child=-2 2 3 4 -6 -7
leaf_value=0.06049234095752954 -0.037288167203708568 -0.0069401735659776727 -0.091793954634641545 0.029614187366416203 -0.061265588565755286 0.072484636553487386
leaf_weight=20 14.999999999999998 12.000000000000002 15.999999999999998 21 11.999999999999998 13.999999999999998
leaf_count=20 15 12 16 21 12 14
internal_value=0 0.00588784 -0.00867367 -0.0322869 -0.00343332 0.0358275
internal_weight=110 95 75 49 33 26
internal_count=110 95 75 49 33 26
is_linear=0
shrinkage=0.0510168


Tree=231
num_leaves=7
num_cat=0
split_feature=14 12 15 15 15 12
split_gain=8.49257 29.1744 42.368 23.0784 20.6955 4.19587
threshold=21.500000000000004 -7.3916666666666666 18.212331157961604 20.638777372502997 21.451130387408838 14.718749999999998
decision_type=2 2 2 2 2 2
left_child=4 -2 -3 -4 -1 -5
right_child=1 2 3 5 -6 -7
leaf_value=-0.0082028214449493229 -0.073221648979970216 0.060842699844916664 -0.085404485251058634 -0.018847632519090347 0.075084123575814371 0.022261975178323078
leaf_weight=22 14.999999999999998 23 11.999999999999998 14.000000000000002 11.999999999999998 11.999999999999998
leaf_count=22 15 23 12 14 12 12
internal_value=0 -0.00948134 0.00619303 -0.0268847 0.0211933 0.000125733
internal_weight=110 76 61 38 34 26
internal_count=110 76 61 38 34 26
is_linear=0
shrinkage=0.0510168


Tree=232
num_leaves=7
num_cat=0
split_feature=2 16 11 14 11 13
split_gain=8.1956 24.1271 23.0077 41.5451 15.2177 15.7749
threshold=1272.5000000000002 110.50000000000001 56.500000000000007 21.500000000000004 57.500000000000007 12.111805555555557
decision_type=2 2 2 2 2 2
left_child=-1 -2 3 -3 -4 -6
right_child=1 2 4 -5 5 -7
leaf_value=-0.039793780538215084 0.069598686585608555 0.020069359848981887 0.068472666501574991 -0.077991685141539521 -0.039176076089976419 0.038866172610549768
leaf_weight=11.999999999999998 12.999999999999998 22 12.999999999999998 23 13.000000000000002 13.999999999999998
leaf_count=12 13 22 13 23 13 14
internal_value=0 0.00487293 -0.0050267 -0.030051 0.0231254 0.00128985
internal_weight=110 98 85 45 40 27
internal_count=110 98 85 45 40 27
is_linear=0
shrinkage=0.0510168


Tree=233
num_leaves=7
num_cat=0
split_feature=0 2 10 0 15 11
split_gain=7.84916 15.682 21.6558 18.1721 24.0193 30.8616
threshold=2977.5000000000005 14893.500000000002 6.1510416666666687 2268.5000000000005 17.329401481565885 56.500000000000007
decision_type=2 2 2 2 2 2
left_child=1 2 3 4 -1 -6
right_child=-2 -3 -4 -5 5 -7
leaf_value=0.036964786371530722 -0.038943599435334098 0.056951289675226974 -0.045490338366249473 0.054021207316646738 -0.097662545655399294 0.01803757064400963
leaf_weight=19 11.999999999999998 12.999999999999998 23 19 12.000000000000002 11.999999999999998
leaf_count=19 12 13 23 19 12 12
internal_value=0 0.00476884 -0.0032123 0.0124717 -0.0058878 -0.0398133
internal_weight=110 98 85 62 43 24
internal_count=110 98 85 62 43 24
is_linear=0
shrinkage=0.0510168


Tree=234
num_leaves=7
num_cat=0
split_feature=12 17 13 17 3 17
split_gain=7.14547 23.2309 37.1844 36.1594 20.2001 11.5756
threshold=9.9770833333333346 54.500000000000007 9.8242215268119306 55.500000000000007 14.500000000000002 57.500000000000007
decision_type=2 2 2 2 2 2
left_child=1 2 -1 -3 -2 -5
right_child=4 3 -4 5 -6 -7
leaf_value=0.10785444636894441 -0.062590145667369618 -0.09163795385030564 -0.0029746670645708056 0.035179826199542498 0.024293849795456908 -0.022417854865722751
leaf_weight=12.999999999999998 15 11.999999999999998 20 21 13 15.999999999999998
leaf_count=13 15 12 20 21 13 16
internal_value=0 0.00759808 0.0406864 -0.014686 -0.0222512 0.0102725
internal_weight=110 82 33 49 28 37
internal_count=110 82 33 49 28 37
is_linear=0
shrinkage=0.0510168


Tree=235
num_leaves=8
num_cat=0
split_feature=6 13 6 6 13 8 17
split_gain=7.88363 15.286 26.4067 21.9138 48.4842 17.9895 21.7978
threshold=21.196077457725799 8.467402292667547 16.528265317278613 13.681875034160567 10.514583333333336 45.500000000000007 55.500000000000007
decision_type=2 2 2 2 2 2 2
left_child=1 -1 3 5 -5 -3 -7
right_child=-2 2 -4 4 -6 6 -8
leaf_value=-0.056298758336072001 0.039028987998216753 0.043409490452235487 -0.053769056135839557 0.12394852551725528 -0.012871285891386261 -0.081184623638738768 0.009772375533453885
leaf_weight=12.999999999999998 11.999999999999998 12.999999999999998 17 13.000000000000002 13.999999999999998 12.000000000000002 15.999999999999998
leaf_count=13 12 13 17 13 14 12 16
internal_value=0 -0.00477934 0.0031004 0.0173183 0.0530061 -0.00618365 -0.0292099
internal_weight=110 98 85 68 27 41 28
internal_count=110 98 85 68 27 41 28
is_linear=0
shrinkage=0.0510168


Tree=236
num_leaves=7
num_cat=0
split_feature=10 7 2 7 10 8
split_gain=7.71385 26.2002 20.352 21.2806 15.3892 12.89
threshold=16.015625000000004 1320.0000000000002 2300.5000000000005 3240.0000000000005 -4.140076754385964 54.500000000000007
decision_type=2 2 2 2 2 2
left_child=1 -1 -3 -4 5 -5
right_child=-2 2 3 4 -6 -7
leaf_value=0.057249590399698784 -0.033998258258259591 0.052423516797171756 -0.081190067543504704 -0.016466779087273418 -0.042050929099985854 0.048289784205790005
leaf_weight=20 14.999999999999998 11.999999999999998 11.999999999999998 15.999999999999995 19.000000000000007 15.999999999999998
leaf_count=20 15 12 12 16 19 16
internal_value=0 0.00536835 -0.00846694 -0.0200658 -0.00568241 0.0159115
internal_weight=110 95 75 63 51 32
internal_count=110 95 75 63 51 32
is_linear=0
shrinkage=0.0510168


Tree=237
num_leaves=8
num_cat=0
split_feature=15 17 17 0 12 12 2
split_gain=8.11155 45.1067 34.6428 28.3897 28.0549 15.5973 9.63037
threshold=19.605549752746573 55.500000000000007 54.500000000000007 2755.5000000000005 6.491666666666668 1.0000000180025095e-35 5117.0000000000009
decision_type=2 2 2 2 2 2 2
left_child=2 3 4 -2 -1 -4 -3
right_child=1 6 5 -5 -6 -7 -8
leaf_value=0.11350927853088451 -0.12138962821985806 -0.010416192594039021 -0.063590569694238458 -0.012571629458906103 0.007205808675183837 0.015669940457723155 0.046873910466775658
leaf_weight=12.000000000000002 12.000000000000002 11.999999999999998 14.000000000000002 12.999999999999998 13.999999999999998 11.999999999999998 21
leaf_count=12 12 12 14 13 14 12 21
internal_value=0 -0.0131176 0.0146311 -0.0648067 0.0562711 -0.027009 0.0260411
internal_weight=110 58 52 25 26 26 33
internal_count=110 58 52 25 26 26 33
is_linear=0
shrinkage=0.0510168


Tree=238
num_leaves=7
num_cat=0
split_feature=15 16 13 1 12 10
split_gain=7.30508 36.3264 22.5214 20.5773 19.7625 33.7218
threshold=19.605549752746573 118.50000000000001 10.853663141993961 359.50000000000006 -5.3666666666666671 -12.515624999999998
decision_type=2 2 2 2 2 2
left_child=2 -2 3 -1 -3 -6
right_child=1 4 -4 -5 5 -7
leaf_value=0.0076773412719065553 -0.091495021608837268 0.064457746519524795 -0.023814844023745681 0.094932054175440969 0.049032378020947592 -0.054200595715757471
leaf_weight=17.000000000000004 11.999999999999998 11.999999999999998 23 11.999999999999998 13.999999999999995 20.000000000000004
leaf_count=17 12 12 23 12 14 20
internal_value=0 -0.0124485 0.0138847 0.0437846 0.0081733 -0.0116925
internal_weight=110 58 52 29 46 34
internal_count=110 58 52 29 46 34
is_linear=0
shrinkage=0.0510168


Tree=239
num_leaves=8
num_cat=0
split_feature=9 1 1 12 2 1 15
split_gain=9.01343 14.1989 22.8555 27.7454 18.2369 6.50526 6.2343
threshold=10.500000000000002 394.50000000000006 669.50000000000011 6.7104166666666671 2493.0000000000005 394.50000000000006 21.873710377563643
decision_type=2 2 2 2 2 2 2
left_child=1 4 -3 6 -1 -2 -4
right_child=5 2 3 -5 -6 -7 -8
leaf_value=-0.0015904886130451467 0.048001358354987173 0.056297367418058186 -0.073146294162090258 0.047861028882280943 -0.081859899904313471 -0.0023925594684561556 -0.021140436282991639
leaf_weight=17.000000000000004 15.000000000000002 17 12.000000000000002 11.999999999999998 12.999999999999998 11.999999999999998 11.999999999999998
leaf_count=17 15 17 12 12 13 12 12
internal_value=0 -0.00832925 0.00754601 -0.0154759 -0.0363754 0.0256042 -0.0471452
internal_weight=110 83 53 36 30 27 24
internal_count=110 83 53 36 30 27 24
is_linear=0
shrinkage=0.0510168


Tree=240
num_leaves=7
num_cat=0
split_feature=2 7 8 17 6 13
split_gain=8.12173 17.5668 27.9453 23.8173 36.9319 34.4649
threshold=1272.5000000000002 5790.0000000000009 55.500000000000007 54.500000000000007 14.556266526910191 9.6661145978614602
decision_type=2 2 2 2 2 2
left_child=-1 2 3 4 -2 -5
right_child=1 -3 -4 5 -6 -7
leaf_value=-0.039614021330663288 -0.033220571685158816 -0.04229596087273664 0.062330912092755479 -0.1026753419789546 0.084259518839329861 0.008939978147316327
leaf_weight=11.999999999999998 13.000000000000002 17 23 12.000000000000002 14.999999999999998 18
leaf_count=12 13 17 23 12 15 18
internal_value=0 0.00485092 0.0147464 -0.00412374 0.0297154 -0.0357072
internal_weight=110 98 81 58 28 30
internal_count=110 98 81 58 28 30
is_linear=0
shrinkage=0.0510168


Tree=241
num_leaves=7
num_cat=0
split_feature=9 13 13 7 16 10
split_gain=8.01351 14.6089 27.3472 50.0961 11.6413 3.5614
threshold=10.500000000000002 9.2743055555555571 10.853663141993961 1980.0000000000002 121.50000000000001 1.682346491228069
decision_type=2 2 2 2 2 2
left_child=1 -1 3 -3 -4 -2
right_child=5 2 4 -5 -6 -7
leaf_value=-0.045840194473471187 0.040714086912231315 0.12057794378030527 -0.057919050575151704 -0.017311826245519517 0.0011420295769936657 0.0034253187153557236
leaf_weight=20 15.000000000000002 12.000000000000002 15.999999999999998 15.999999999999998 19 11.999999999999998
leaf_count=20 15 12 16 16 19 12
internal_value=0 -0.00785371 0.00420572 0.041785 -0.0258577 0.0241422
internal_weight=110 83 63 28 35 27
internal_count=110 83 63 28 35 27
is_linear=0
shrinkage=0.0510168


Tree=242
num_leaves=7
num_cat=0
split_feature=15 15 15 17 13 4
split_gain=7.87576 14.8989 26.4408 31.763 24.2559 11.8728
threshold=25.840779035040516 21.873710377563643 19.605549752746573 54.500000000000007 10.853663141993961 38.500000000000007
decision_type=2 2 2 2 2 2
left_child=1 2 3 4 -1 -5
right_child=-2 -3 -4 5 -6 -7
leaf_value=0.10339563185384376 -0.033086891197853373 0.043499736784477258 -0.05357559421386475 -0.060095321266890822 0.0048440911862107621 0.0088524873499037336
leaf_weight=13.000000000000002 15.999999999999998 21 21 13 12.999999999999998 13
leaf_count=13 16 21 21 13 13 13
internal_value=0 0.00563199 -0.00526166 0.01425 0.0541218 -0.0256217
internal_weight=110 94 73 52 26 26
internal_count=110 94 73 52 26 26
is_linear=0
shrinkage=0.0510168


Tree=243
num_leaves=8
num_cat=0
split_feature=2 16 7 15 16 2 1
split_gain=7.59425 20.7579 15.7793 26.7886 28.2578 23.8898 18.3601
threshold=1272.5000000000002 110.50000000000001 5790.0000000000009 21.873710377563643 135.50000000000003 10538.500000000002 394.50000000000006
decision_type=2 2 2 2 2 2 2
left_child=-1 -2 3 5 -5 6 -3
right_child=1 2 -4 4 -6 -7 -8
leaf_value=-0.038306028728773089 0.064727354180237742 -0.040211264419791046 -0.051974735605163816 -0.0011724357082038158 0.098743956041375369 -0.081870788122317587 0.042621145100659188
leaf_weight=11.999999999999998 12.999999999999998 13.000000000000002 14.999999999999998 17.000000000000004 12.999999999999998 11.999999999999998 14.999999999999998
leaf_count=12 13 13 15 17 13 12 15
internal_value=0 0.00469076 -0.00449166 0.00568357 0.0421257 -0.021648 0.00416283
internal_weight=110 98 85 70 30 40 28
internal_count=110 98 85 70 30 40 28
is_linear=0
shrinkage=0.0510168


Tree=244
num_leaves=7
num_cat=0
split_feature=0 2 10 0 2 11
split_gain=7.27675 13.6226 17.0485 13.1741 16.2878 19.2387
threshold=2977.5000000000005 14893.500000000002 6.1510416666666687 2268.5000000000005 2300.5000000000005 56.500000000000007
decision_type=2 2 2 2 2 2
left_child=1 2 3 4 -1 -6
right_child=-2 -3 -4 -5 5 -7
leaf_value=0.043132852006066556 -0.037496741588807898 0.053227230577382413 -0.040359102016380259 0.046446148732539022 -0.066085530670686315 0.015621403248866152
leaf_weight=12.999999999999998 11.999999999999998 12.999999999999998 23 19 15.000000000000002 14.999999999999998
leaf_count=13 12 13 23 19 15 15
internal_value=0 0.00459165 -0.00284701 0.0110689 -0.00456317 -0.0252323
internal_weight=110 98 85 62 43 30
internal_count=110 98 85 62 43 30
is_linear=0
shrinkage=0.0510168


Tree=245
num_leaves=7
num_cat=0
split_feature=15 15 15 17 1 17
split_gain=8.11761 11.8421 23.0218 27.5626 14.5936 28.8082
threshold=25.840779035040516 21.873710377563643 19.605549752746573 56.500000000000007 415.50000000000006 48.500000000000007
decision_type=2 2 2 2 2 2
left_child=1 2 3 4 5 -1
right_child=-2 -3 -4 -5 -6 -7
leaf_value=0.072661040633311316 -0.033591057722057789 0.039478069318693451 -0.04907634666094015 -0.044120591197540235 0.084105668319041274 -0.036952821646840148
leaf_weight=12.000000000000002 15.999999999999998 21 21 14.999999999999998 11.999999999999998 12.999999999999998
leaf_count=12 16 21 21 15 12 13
internal_value=0 0.00571782 -0.00399419 0.0142123 0.0378614 0.015662
internal_weight=110 94 73 52 37 25
internal_count=110 94 73 52 37 25
is_linear=0
shrinkage=0.0510168


Tree=246
num_leaves=7
num_cat=0
split_feature=9 13 13 12 12 11
split_gain=7.85536 12.8239 24.3123 36.9208 23.3391 7.6068
threshold=10.500000000000002 9.2743055555555571 10.853663141993961 2.5250000000000008 8.8791666666666682 57.500000000000007
decision_type=2 2 2 2 2 2
left_child=1 -1 3 -3 -4 -2
right_child=5 2 4 -5 -6 -7
leaf_value=-0.043365938747759229 0.048122181998878258 0.10188119695147664 -0.079016503751024619 -0.015581327291582132 0.0072010355195026602 -0.0063715501178872817
leaf_weight=20 15.000000000000002 13.000000000000002 12.999999999999998 14.999999999999998 22 11.999999999999998
leaf_count=20 15 13 13 15 22 12
internal_value=0 -0.00777579 0.00352288 0.0389557 -0.0248233 0.0239029
internal_weight=110 83 63 28 35 27
internal_count=110 83 63 28 35 27
is_linear=0
shrinkage=0.0510168


Tree=247
num_leaves=8
num_cat=0
split_feature=15 16 12 13 6 14 16
split_gain=7.02652 12.7536 13.4344 17.4004 22.8609 16.8892 23.3525
threshold=25.840779035040516 154.50000000000003 13.53541666666667 9.0631944444444468 15.703964017333062 22.500000000000004 112.50000000000001
decision_type=2 2 2 2 2 2 2
left_child=1 2 3 -1 5 6 -5
right_child=-2 -3 -4 4 -6 -7 -8
leaf_value=0.055702141203140938 -0.031252131362851439 0.054440749411496861 -0.049441477560692837 -0.067004195212092679 -0.068507040684274934 0.048689913868561259 0.033640369734624823
leaf_weight=14.999999999999998 15.999999999999998 11.999999999999998 12.999999999999998 12.000000000000002 11.999999999999998 18 11.999999999999998
leaf_count=15 16 12 13 12 12 18 12
internal_value=0 0.0053197 -0.00186905 0.00709416 -0.00640844 0.0113347 -0.016682
internal_weight=110 94 82 69 54 42 24
internal_count=110 94 82 69 54 42 24
is_linear=0
shrinkage=0.0510168


Tree=248
num_leaves=8
num_cat=0
split_feature=2 16 10 11 15 10 0
split_gain=7.37765 18.3517 29.9468 38.6698 27.1959 20.9101 10.5711
threshold=1272.5000000000002 110.50000000000001 -15.468749999999996 51.500000000000007 23.677455868939198 6.1510416666666687 1988.0000000000002
decision_type=2 2 2 2 2 2 2
left_child=-1 -2 -3 -4 5 6 -5
right_child=1 2 3 4 -6 -7 -8
leaf_value=-0.037755807804712972 0.061073162659005531 0.067251695819747173 -0.092975190376382202 0.024328043016325348 -0.05765490639804851 0.062107292701752914 -0.043386831039406638
leaf_weight=11.999999999999998 12.999999999999998 12.999999999999998 13.999999999999998 12.000000000000002 14.999999999999998 19 11.999999999999998
leaf_count=12 13 13 14 12 15 19 12
internal_value=0 0.00462339 -0.00401044 -0.0168779 0.00149117 0.0221244 -0.00952926
internal_weight=110 98 85 72 58 43 24
internal_count=110 98 85 72 58 43 24
is_linear=0
shrinkage=0.0510168


Tree=249
num_leaves=8
num_cat=0
split_feature=8 1 10 0 13 12 6
split_gain=6.69776 31.7914 21.4735 27.338 30.224 14.3485 12.4038
threshold=45.500000000000007 101.50000000000001 -14.22395833333333 2331.5000000000005 10.331250000000002 -2.5958333333333328 14.931102021737924
decision_type=2 2 2 2 2 2 2
left_child=-1 -2 -3 6 5 -5 -4
right_child=1 2 3 4 -6 -7 -8
leaf_value=0.032964008021054939 -0.082479912022462382 0.063965310459524666 0.0048912545731180515 0.03853328441856789 -0.097596188238430401 -0.03882573221466798 0.070499314466796567
leaf_weight=13.999999999999998 11.999999999999998 13.999999999999998 20 11.999999999999995 12.999999999999998 13.000000000000005 11.999999999999998
leaf_count=14 12 14 20 12 13 13 12
internal_value=0 -0.00480749 0.00628907 -0.00524658 -0.0345035 -0.00169296 0.0294956
internal_weight=110 96 84 70 38 25 32
internal_count=110 96 84 70 38 25 32
is_linear=0
shrinkage=0.0510168


Tree=250
num_leaves=6
num_cat=0
split_feature=14 12 10 13 10
split_gain=6.99644 21.1234 18.2924 40.4184 12.2605
threshold=21.500000000000004 -7.3916666666666666 -13.55208333333333 11.422222222222224 -3.0520833333333335
decision_type=2 2 2 2 2
left_child=4 -2 -3 -4 -1
right_child=1 2 3 -5 -6
leaf_value=-0.015242407548897399 -0.0628426295378329 -0.038447009873505952 0.073431461853478153 -0.025516741581864719 0.046456004151670893
leaf_weight=14.999999999999998 14.999999999999998 18 21 22 19
leaf_count=15 15 18 21 22 19
internal_value=0 -0.00860574 0.00473163 0.022807 0.0192361
internal_weight=110 76 61 43 34
internal_count=110 76 61 43 34
is_linear=0
shrinkage=0.0510168


Tree=251
num_leaves=6
num_cat=0
split_feature=14 10 10 6 10
split_gain=6.3008 16.2537 30.9666 29.6637 11.0415
threshold=21.500000000000004 -4.140076754385964 -13.55208333333333 15.703964017333062 -3.0520833333333335
decision_type=2 2 2 2 2
left_child=4 2 -2 -3 -1
right_child=1 3 -4 -5 -6
leaf_value=-0.014464828901562792 -0.036485646867958792 0.00022335701404001734 0.05285379003326942 -0.098721731639838939 0.04408605766205665
leaf_weight=14.999999999999998 18 23 23 11.999999999999998 19
leaf_count=15 18 23 23 12 19
internal_value=0 -0.00816673 0.0136314 -0.0337017 0.0182547
internal_weight=110 76 41 35 34
internal_count=110 76 41 35 34
is_linear=0
shrinkage=0.0510168


Tree=252
num_leaves=7
num_cat=0
split_feature=2 2 10 10 7 10
split_gain=6.33102 14.6317 17.9142 10.1089 18.0549 15.3265
threshold=1272.5000000000002 2850.5000000000005 -15.468749999999996 11.875000000000002 1320.0000000000002 -4.140076754385964
decision_type=2 2 2 2 2 2
left_child=-1 -2 -3 4 -4 -6
right_child=1 2 3 -5 5 -7
leaf_value=-0.034975335567648293 0.057053355628983442 0.052093643616318276 0.031018390268325178 0.019097710724334114 -0.010550736870913176 -0.07225801742677361
leaf_weight=11.999999999999998 11.999999999999998 12.999999999999998 11.999999999999998 19 21.999999999999993 20.000000000000007
leaf_count=12 12 13 12 19 22 20
internal_value=0 0.00428287 -0.00308076 -0.0129069 -0.0241681 -0.0399361
internal_weight=110 98 86 73 54 42
internal_count=110 98 86 73 54 42
is_linear=0
shrinkage=0.0510168


Tree=253
num_leaves=8
num_cat=0
split_feature=15 16 3 12 3 12 6
split_gain=7.318 28.9129 22.9994 17.4721 25.3834 14.2087 13.8609
threshold=19.605549752746573 118.50000000000001 14.500000000000002 -5.3666666666666671 14.500000000000002 2.5250000000000008 13.352324886633111
decision_type=2 2 2 2 2 2 2
left_child=2 -2 6 -3 -5 -4 -1
right_child=1 3 5 4 -6 -7 -8
leaf_value=0.013336676485437142 -0.082980242965505102 0.058860546848313128 -0.05774412851427662 -0.068764724692407825 0.02194105380343268 0.017681814071588382 0.088057983721095065
leaf_weight=14.000000000000002 11.999999999999998 11.999999999999998 13.000000000000002 12.999999999999998 21 12.999999999999998 11.999999999999998
leaf_count=14 12 12 13 13 21 13 12
internal_value=0 -0.0124594 0.013897 0.00593808 -0.012741 -0.0200313 0.0478253
internal_weight=110 58 52 46 34 26 26
internal_count=110 58 52 46 34 26 26
is_linear=0
shrinkage=0.0510168


Tree=254
num_leaves=7
num_cat=0
split_feature=9 13 13 7 11 11
split_gain=6.56884 12.1011 20.0843 37.5319 18.2249 6.21258
threshold=10.500000000000002 9.2743055555555571 10.853663141993961 1980.0000000000002 51.500000000000007 57.500000000000007
decision_type=2 2 2 2 2 2
left_child=1 -1 3 -3 -4 -2
right_child=5 2 4 -5 -6 -7
leaf_value=-0.041683210505642075 0.043745566001980082 0.1042700765448588 -0.064406436372186807 -0.015082037428978651 0.0099826458653340406 -0.0055015710857515138
leaf_weight=20 15.000000000000002 12.000000000000002 14.999999999999998 15.999999999999998 20 11.999999999999998
leaf_count=20 15 12 15 16 20 12
internal_value=0 -0.00711059 0.00386503 0.0360699 -0.0218988 0.021858
internal_weight=110 83 63 28 35 27
internal_count=110 83 63 28 35 27
is_linear=0
shrinkage=0.0510168


Tree=255
num_leaves=8
num_cat=0
split_feature=15 16 3 10 12 10 10
split_gain=6.83528 25.9733 20.6818 26.5308 15.9791 24.4157 10.8759
threshold=19.605549752746573 118.50000000000001 14.500000000000002 -4.5781249999999991 -5.3666666666666671 -12.515624999999998 -0.34374999999999906
decision_type=2 2 2 2 2 2 2
left_child=2 -2 6 -4 -3 -6 -1
right_child=1 4 3 -5 5 -7 -8
leaf_value=0.012606388028904481 -0.078881318035198725 0.056006712328148862 0.036919619268984238 -0.066453356078566256 0.039203409313345788 -0.048637699542592616 0.078598985626404674
leaf_weight=13.000000000000002 11.999999999999998 11.999999999999998 12.000000000000002 13.999999999999998 13.999999999999995 20.000000000000004 12.999999999999998
leaf_count=13 12 12 12 14 14 20 13
internal_value=0 -0.0120415 0.0134308 -0.0187427 0.00539575 -0.0124675 0.0456044
internal_weight=110 58 52 26 46 34 26
internal_count=110 58 52 26 46 34 26
is_linear=0
shrinkage=0.0510168


Tree=256
num_leaves=6
num_cat=0
split_feature=15 15 15 2 15
split_gain=6.82096 11.3999 20.1505 10.107 20.6195
threshold=25.840779035040516 21.873710377563643 19.605549752746573 2300.5000000000005 17.329401481565885
decision_type=2 2 2 2 2
left_child=1 2 3 -1 -5
right_child=-2 -3 -4 4 -6
leaf_value=0.048069243680045642 -0.030791584773674548 0.038365351561892025 -0.046464922907320308 -0.034817891181406033 0.042055139866979244
leaf_weight=14.999999999999998 15.999999999999998 21 21 21 15.999999999999998
leaf_count=15 16 21 21 21 16
internal_value=0 0.00524133 -0.00428765 0.0127457 -0.00157505
internal_weight=110 94 73 52 37
internal_count=110 94 73 52 37
is_linear=0
shrinkage=0.0510168


Tree=257
num_leaves=7
num_cat=0
split_feature=8 1 10 1 6 16
split_gain=6.01546 27.6712 17.7576 20.2019 16.1045 22.4511
threshold=45.500000000000007 101.50000000000001 -14.22395833333333 436.00000000000006 14.931102021737924 154.50000000000003
decision_type=2 2 2 2 2 2
left_child=-1 -2 -3 -4 -5 -6
right_child=1 2 3 4 5 -7
leaf_value=0.03123992333760426 -0.077020533385803155 0.058245614206316805 0.034483723173536561 0.017700893157165821 -0.079822722270421503 0.0093096443594097474
leaf_weight=13.999999999999998 11.999999999999998 13.999999999999998 23 15.999999999999998 19.000000000000004 11.999999999999998
leaf_count=14 12 14 23 16 19 12
internal_value=0 -0.00455601 0.00579652 -0.00469365 -0.023866 -0.0453201
internal_weight=110 96 84 70 47 31
internal_count=110 96 84 70 47 31
is_linear=0
shrinkage=0.0510168


Tree=258
num_leaves=8
num_cat=0
split_feature=9 0 0 7 11 11 12
split_gain=6.22472 8.92621 22.9555 12.1293 10.2945 5.70641 5.26836
threshold=10.500000000000002 2755.5000000000005 2977.5000000000005 4290.0000000000009 51.500000000000007 57.500000000000007 9.5291666666666686
decision_type=2 2 2 2 2 2 2
left_child=1 3 -3 4 -1 -2 -5
right_child=5 2 -4 6 -6 -7 -8
leaf_value=-0.0714846239293426 0.042254785636444706 0.062229237011267854 -0.033926634189805412 -0.014527449642898383 -0.013829707371745359 -0.0049435047764433398 0.033276071100089309
leaf_weight=13.999999999999998 15.000000000000002 14.000000000000002 11.999999999999998 12.000000000000002 19 11.999999999999998 11.999999999999998
leaf_count=14 15 14 12 12 19 12 12
internal_value=0 -0.0069218 0.0178495 -0.0182212 -0.0382907 0.0212778 0.00937417
internal_weight=110 83 26 57 33 27 24
internal_count=110 83 26 57 33 27 24
is_linear=0
shrinkage=0.0510168


Tree=259
num_leaves=7
num_cat=0
split_feature=15 15 8 2 1 15
split_gain=6.43828 10.1214 18.2708 19.3006 19.4939 6.48262
threshold=25.840779035040516 21.873710377563643 45.500000000000007 3551.5000000000005 669.50000000000011 18.462444407165659
decision_type=2 2 2 2 2 2
left_child=1 2 -1 -4 5 -5
right_child=-2 -3 3 4 -6 -7
leaf_value=0.053655889844668223 -0.029915349854096544 0.036303508103739904 -0.063331600627301504 0.049362233353895682 -0.045580643312667125 0.0019314968841849551
leaf_weight=11.999999999999998 15.999999999999998 21 15.999999999999998 15.000000000000002 14.999999999999998 14.999999999999998
leaf_count=12 16 21 16 15 15 15
internal_value=0 0.00509218 -0.00388655 -0.015207 0.00190442 0.0256478
internal_weight=110 94 73 61 45 30
internal_count=110 94 73 61 45 30
is_linear=0
shrinkage=0.0510168


Tree=260
num_leaves=7
num_cat=0
split_feature=16 1 7 16 7 3
split_gain=6.27448 14.1502 11.0322 13.5344 11.6184 16.9333
threshold=101.50000000000001 216.00000000000003 5790.0000000000009 150.00000000000003 1110.0000000000002 14.500000000000002
decision_type=2 2 2 2 2 2
left_child=-1 -2 3 4 -3 -6
right_child=1 2 -4 -5 5 -7
leaf_value=0.033281771510596116 -0.050017950925439689 -0.038012638645576899 -0.041320636380936797 0.056485538984478847 0.049739194228203824 -0.016008293212483038
leaf_weight=12.999999999999998 14.999999999999998 14.999999999999998 11.999999999999998 13.999999999999998 19 22
leaf_count=13 15 15 12 14 19 22
internal_value=0 -0.00446064 0.00387326 0.0116213 0.000404444 0.0144601
internal_weight=110 97 82 70 56 41
internal_count=110 97 82 70 56 41
is_linear=0
shrinkage=0.0510168


Tree=261
num_leaves=7
num_cat=0
split_feature=5 2 2 11 14 13
split_gain=5.81463 27.883 22.9709 15.7083 16.6155 6.68879
threshold=1.0000000180025095e-35 5117.0000000000009 2300.5000000000005 56.500000000000007 21.500000000000004 10.402083333333335
decision_type=2 2 2 2 2 2
left_child=1 -1 -2 4 -3 -5
right_child=2 3 -4 5 -6 -7
leaf_value=-0.069725855362097966 0.063089075030502359 0.017732086112714946 -0.029562232243994367 0.010290432173282345 -0.047395470855900665 0.062197838655250838
leaf_weight=14.999999999999998 15.000000000000002 22 12.999999999999998 12.000000000000002 19 13.999999999999998
leaf_count=15 15 22 13 12 19 14
internal_value=0 -0.00685409 0.0200724 0.00722213 -0.012449 0.0382419
internal_weight=110 82 28 67 41 26
internal_count=110 82 28 67 41 26
is_linear=0
shrinkage=0.0510168


Tree=262
num_leaves=7
num_cat=0
split_feature=2 2 10 12 4 4
split_gain=5.75102 12.1953 13.819 12.7923 12.6003 5.30184
threshold=1272.5000000000002 2850.5000000000005 -15.468749999999996 -5.3666666666666671 38.500000000000007 11.500000000000002
decision_type=2 2 2 2 2 2
left_child=-1 -2 -3 -4 5 -5
right_child=1 2 3 4 -6 -7
leaf_value=-0.033334704408476495 0.052259122535403331 0.045818722887849932 0.020216518890958785 -0.02031202286607341 0.0099260576378103968 -0.061689936642967305
leaf_weight=11.999999999999998 11.999999999999998 12.999999999999998 22.999999999999993 14.000000000000005 17 19
leaf_count=12 12 13 23 14 17 19
internal_value=0 0.00408204 -0.00264062 -0.0112709 -0.0257554 -0.0441368
internal_weight=110 98 86 73 50 33
internal_count=110 98 86 73 50 33
is_linear=0
shrinkage=0.0510168


Tree=263
num_leaves=7
num_cat=0
split_feature=15 15 15 17 13 12
split_gain=5.91 8.21067 16.7117 21.9038 18.5034 10.0543
threshold=25.840779035040516 21.873710377563643 19.605549752746573 54.500000000000007 10.853663141993961 1.0000000180025095e-35
decision_type=2 2 2 2 2 2
left_child=1 2 3 4 -1 -5
right_child=-2 -3 -4 5 -6 -7
leaf_value=0.08845043795278347 -0.028661735297132371 0.032990139314515221 -0.041618229820627427 -0.050177275644097116 0.0023746944615572474 0.013459424677289788
leaf_weight=13.000000000000002 15.999999999999998 21 21 14.000000000000002 12.999999999999998 11.999999999999998
leaf_count=13 16 21 21 14 13 12
internal_value=0 0.00487881 -0.00320812 0.0123038 0.0454142 -0.0208065
internal_weight=110 94 73 52 26 26
internal_count=110 94 73 52 26 26
is_linear=0
shrinkage=0.0510168


Tree=264
num_leaves=8
num_cat=0
split_feature=10 12 15 10 1 2 10
split_gain=5.81195 14.1812 15.4154 17.563 19.8763 13.8177 10.4295
threshold=16.015625000000004 -5.3666666666666671 16.867492208256046 -4.140076754385964 359.50000000000006 3167.5000000000005 -15.468749999999996
decision_type=2 2 2 2 2 2 2
left_child=1 -1 5 4 -4 -3 -6
right_child=-2 2 3 -5 6 -7 -8
leaf_value=0.052070163074283977 -0.029510812445102209 0.069471838540304601 -0.055503667984552932 -0.063307407535986793 0.058977532458297253 -0.0079462697281022024 -0.0031403570184024756
leaf_weight=13.999999999999998 14.999999999999998 12.000000000000002 11.999999999999998 15.999999999999998 11.999999999999995 11.999999999999998 17.000000000000007
leaf_count=14 15 12 12 16 12 12 17
internal_value=0 0.00465983 -0.00353482 -0.0179765 -0.000285347 0.0307633 0.0225641
internal_weight=110 95 81 57 41 24 29
internal_count=110 95 81 57 41 24 29
is_linear=0
shrinkage=0.0510168


Tree=265
num_leaves=7
num_cat=0
split_feature=11 15 16 11 15 8
split_gain=5.76341 18.7159 23.3171 18.3526 12.7125 8.33606
threshold=56.500000000000007 19.605549752746573 110.50000000000001 59.500000000000007 21.873710377563643 47.500000000000007
decision_type=2 2 2 2 2 2
left_child=1 2 -1 -2 -3 -4
right_child=3 4 5 -5 -6 -7
leaf_value=0.055339605928957702 0.048689650003296163 -0.082167160840239839 -0.051537160472653137 -0.017985940624706678 -0.0093491315245369817 0.008594534830312613
leaf_weight=18 21 12.000000000000002 12.000000000000002 22 12.999999999999998 11.999999999999998
leaf_count=18 21 12 12 22 13 12
internal_value=0 -0.00935514 0.0114477 0.0145766 -0.0443036 -0.0214715
internal_weight=110 67 42 43 25 24
internal_count=110 67 42 43 25 24
is_linear=0
shrinkage=0.0510168


Tree=266
num_leaves=7
num_cat=0
split_feature=2 13 12 7 11 6
split_gain=6.6576 10.9707 28.1311 16.8028 18.4783 11.8569
threshold=1272.5000000000002 9.5118055555555561 -8.5541666666666636 5790.0000000000009 52.500000000000007 14.288825189510218
decision_type=2 2 2 2 2 2
left_child=-1 2 -2 4 -3 -6
right_child=1 3 -4 -5 5 -7
leaf_value=-0.035866015095483317 -0.02452026483701714 -0.033448184784284067 0.08192490564381949 -0.056027356152254751 -0.0013633703464726928 0.05563045835105259
leaf_weight=11.999999999999998 12.000000000000002 20 13.999999999999998 13.999999999999998 19 19
leaf_count=12 12 20 14 14 19 19
internal_value=0 0.004392 0.0327967 -0.00586533 0.00624312 0.0271338
internal_weight=110 98 26 72 58 38
internal_count=110 98 26 72 58 38
is_linear=0
shrinkage=0.0510168


Tree=267
num_leaves=7
num_cat=0
split_feature=15 7 16 0 15 16
split_gain=5.7604 8.32885 17.8426 12.7067 16.0157 23.0893
threshold=25.840779035040516 1500.0000000000002 127.50000000000001 2268.5000000000005 17.329401481565885 110.50000000000001
decision_type=2 2 2 2 2 2
left_child=1 2 -1 4 5 -3
right_child=-2 3 -4 -5 -6 -7
leaf_value=-0.062002831734642563 -0.028296710865805548 0.078656246292676479 0.022519637101224683 0.047198588545796706 -0.030955484630708241 -0.021419630655472872
leaf_weight=13.000000000000002 15.999999999999998 12.000000000000002 12.999999999999998 21 23 11.999999999999998
leaf_count=13 16 12 13 21 23 12
internal_value=0 0.00481663 -0.0197418 0.0142069 -0.000534409 0.0286188
internal_weight=110 94 26 68 47 24
internal_count=110 94 26 68 47 24
is_linear=0
shrinkage=0.0510168


Tree=268
num_leaves=7
num_cat=0
split_feature=15 15 8 1 1 16
split_gain=5.18767 7.67709 13.9498 19.6918 15.8486 8.87021
threshold=25.840779035040516 21.873710377563643 45.500000000000007 101.50000000000001 669.50000000000011 123.50000000000001
decision_type=2 2 2 2 2 2
left_child=1 2 -1 -4 5 -5
right_child=-2 -3 3 4 -6 -7
leaf_value=0.047030943058941822 -0.026853169734259299 0.031753479531869216 -0.071711572692236561 0.043628246887605346 -0.042476707376226303 -0.0088508196299797899
leaf_weight=11.999999999999998 15.999999999999998 21 11.999999999999998 19 14.999999999999998 14.999999999999998
leaf_count=12 16 21 12 19 15 15
internal_value=0 0.00457091 -0.00324884 -0.0131406 0.00120402 0.0204757
internal_weight=110 94 73 61 49 34
internal_count=110 94 73 61 49 34
is_linear=0
shrinkage=0.0510168


Tree=269
num_leaves=7
num_cat=0
split_feature=2 8 13 3 7 10
split_gain=6.29153 10.8281 20.8432 13.011 25.7516 35.6102
threshold=1272.5000000000002 54.500000000000007 11.306250000000002 14.500000000000002 1110.0000000000002 -1.8878472222222225
decision_type=2 2 2 2 2 2
left_child=-1 3 -3 4 -2 -6
right_child=1 2 -4 -5 5 -7
leaf_value=-0.034866070296157521 -0.047792345434781232 0.081776229717475682 -0.0032697134416886969 -0.038509662579878284 -0.018156342883013498 0.094973939409115776
leaf_weight=11.999999999999998 13.999999999999998 11.999999999999998 20 23 14.999999999999998 14.000000000000002
leaf_count=12 14 12 20 23 15 14
internal_value=0 0.00426951 0.0286233 -0.00753843 0.00902771 0.0364589
internal_weight=110 98 32 66 43 29
internal_count=110 98 32 66 43 29
is_linear=0
shrinkage=0.0510168


Tree=270
num_leaves=8
num_cat=0
split_feature=13 13 5 1 17 8 7
split_gain=5.00101 12.6156 10.1086 21.5347 10.8802 33.0545 4.4276
threshold=12.111805555555557 11.422222222222224 1.0000000180025095e-35 359.50000000000006 54.500000000000007 52.500000000000007 4290.0000000000009
decision_type=2 2 2 2 2 2 2
left_child=1 2 3 -1 -5 -6 -2
right_child=6 -3 -4 4 5 -7 -8
leaf_value=-0.067949148198824402 0.042290604071426229 -0.054478994460990304 0.042741888408957755 0.035932414697272652 -0.070960355865528735 0.044082271741692443 5.9815003941214287e-05
leaf_weight=11.999999999999998 12.000000000000002 11.999999999999998 12.999999999999998 21 13.000000000000002 12.999999999999998 13.999999999999998
leaf_count=12 12 12 13 21 13 13 14
internal_value=0 -0.00605196 0.00201954 -0.00695342 0.00862055 -0.013439 0.019552
internal_weight=110 84 72 59 47 26 26
internal_count=110 84 72 59 47 26 26
is_linear=0
shrinkage=0.0510168


Tree=271
num_leaves=7
num_cat=0
split_feature=15 16 7 10 6 7
split_gain=5.2143 7.96076 12.3753 12.328 7.56136 8.68039
threshold=25.840779035040516 150.00000000000003 1500.0000000000002 1.0000000180025095e-35 13.12041281803076 4290.0000000000009
decision_type=2 2 2 2 2 2
left_child=1 2 -1 4 5 -4
right_child=-2 -3 3 -5 -6 -7
leaf_value=-0.036190085142211489 -0.026922021655918584 0.041640737563982518 -0.05479926472864647 0.044151247548386896 0.019621748705202259 0.0065617977961959046
leaf_weight=20 15.999999999999998 12.999999999999998 12.000000000000002 19 18 11.999999999999998
leaf_count=20 16 13 12 19 18 12
internal_value=0 0.00458261 -0.00136518 0.0100529 -0.00537273 -0.024119
internal_weight=110 94 81 61 42 24
internal_count=110 94 81 61 42 24
is_linear=0
shrinkage=0.0510168


Tree=272
num_leaves=7
num_cat=0
split_feature=2 16 11 12 11 2
split_gain=5.88102 13.291 15.0889 16.1514 12.6433 7.91013
threshold=1272.5000000000002 110.50000000000001 56.500000000000007 3.995833333333334 59.500000000000007 8134.0000000000009
decision_type=2 2 2 2 2 2
left_child=-1 -2 3 -3 -4 -5
right_child=1 2 4 5 -6 -7
leaf_value=-0.033709395416541409 0.052167930448338493 -0.056158667904912911 0.049731901544723442 -0.024182583677498114 -0.0077033087204636495 0.034392754773274754
leaf_weight=11.999999999999998 12.999999999999998 21 19 12.000000000000002 21 11.999999999999998
leaf_count=12 13 21 19 12 21 12
internal_value=0 0.00412787 -0.00321969 -0.023485 0.0195786 0.00510482
internal_weight=110 98 85 45 40 24
internal_count=110 98 85 45 40 24
is_linear=0
shrinkage=0.0510168


Tree=273
num_leaves=7
num_cat=0
split_feature=0 2 0 2 5 2
split_gain=5.37229 8.55365 8.50482 10.9792 10.3246 19.5133
threshold=2977.5000000000005 14893.500000000002 2435.0000000000005 8134.0000000000009 1.0000000180025095e-35 2300.5000000000005
decision_type=2 2 2 2 2 2
left_child=1 2 3 4 -1 -6
right_child=-2 -3 -4 -5 5 -7
leaf_value=-0.030744179499418309 -0.032218435720747098 0.042484258554386194 -0.033082588696081362 0.041832186928640658 0.054560529065500928 -0.032718843503563612
leaf_weight=23 11.999999999999998 12.999999999999998 18 17 15.000000000000002 11.999999999999998
leaf_count=23 12 13 18 17 15 12
internal_value=0 0.0039453 -0.00194909 0.00641525 -0.00562673 0.0157695
internal_weight=110 98 85 67 50 27
internal_count=110 98 85 67 50 27
is_linear=0
shrinkage=0.0510168


Tree=274
num_leaves=8
num_cat=0
split_feature=10 14 10 11 4 16 14
split_gain=5.33496 11.3926 23.1285 19.6027 18.1655 11.3666 7.62975
threshold=16.015625000000004 22.500000000000004 -11.432499148791281 52.500000000000007 20.500000000000004 139.00000000000003 21.500000000000004
decision_type=2 2 2 2 2 2 2
left_child=1 2 -1 -3 -4 -5 -6
right_child=-2 3 4 5 6 -7 -8
leaf_value=0.082646574071108175 -0.028273957866217978 -0.067288452121122833 -0.040211977802949099 0.035172085564814527 0.058728243390956045 -0.028197396411389509 0.0011984401173031776
leaf_weight=11.999999999999998 14.999999999999998 12.999999999999998 15.999999999999998 17.000000000000004 12 12.999999999999998 12
leaf_count=12 15 13 16 17 12 13 12
internal_value=0 0.00446447 0.0205299 -0.0149633 0.00189354 0.00771162 0.0299647
internal_weight=110 95 52 43 40 30 24
internal_count=110 95 52 43 40 30 24
is_linear=0
shrinkage=0.0510168


Tree=275
num_leaves=8
num_cat=0
split_feature=0 12 13 0 8 1 10
split_gain=4.97995 5.82294 17.3578 19.8938 16.1107 12.5915 5.47276
threshold=2977.5000000000005 5.7250000000000014 8.7798611111111118 2435.0000000000005 51.500000000000007 216.00000000000003 -11.432499148791281
decision_type=2 2 2 2 2 2 2
left_child=1 2 -1 4 -4 -3 -7
right_child=-2 5 3 -5 -6 6 -8
leaf_value=0.059597970954696849 -0.031019651884924559 -0.044370981845860615 0.062219617128663973 -0.054932405328691924 -0.019752193944377407 0.032220592523154151 -0.014001285023789096
leaf_weight=15.999999999999998 11.999999999999998 17 13.000000000000002 12.999999999999998 11.999999999999998 15.000000000000002 11.999999999999998
leaf_count=16 12 17 13 13 12 15 12
internal_value=0 0.00379851 0.0150239 -0.00374471 0.0228733 -0.00997784 0.0116773
internal_weight=110 98 54 38 25 44 27
internal_count=110 98 54 38 25 44 27
is_linear=0
shrinkage=0.0510168


Tree=276
num_leaves=7
num_cat=0
split_feature=2 2 10 0 17 1
split_gain=5.06109 9.51786 11.8154 14.3401 24.1486 12.9733
threshold=1272.5000000000002 2850.5000000000005 -15.468749999999996 2435.0000000000005 54.500000000000007 359.50000000000006
decision_type=2 2 2 2 2 2
left_child=-1 -2 -3 5 -5 -4
right_child=1 2 3 4 -6 -7
leaf_value=-0.03127136276709859 0.046390488295314301 0.042698976559493493 -0.021519485890385638 0.0099544623825419173 -0.074831408079076595 0.038430194299692834
leaf_weight=11.999999999999998 11.999999999999998 12.999999999999998 17 17 18 21
leaf_count=12 12 13 17 17 18 21
internal_value=0 0.00382932 -0.00210967 -0.0100898 -0.0336501 0.0116104
internal_weight=110 98 86 73 35 38
internal_count=110 98 86 73 35 38
is_linear=0
shrinkage=0.0510168


Tree=277
num_leaves=8
num_cat=0
split_feature=6 6 7 12 12 11 16
split_gain=4.63315 8.75501 11.5609 12.6909 15.3546 9.91412 4.67318
threshold=21.196077457725799 17.302105666060005 5070.0000000000009 13.53541666666667 3.995833333333334 56.500000000000007 115.00000000000001
decision_type=2 2 2 2 2 2 2
left_child=1 2 3 4 5 -1 -4
right_child=-2 -3 6 -5 -6 -7 -8
leaf_value=-0.051149758671394568 0.029920037030412731 -0.044483833024874755 0.0070832741834714105 -0.057205269789911903 0.042255985749850504 0.006090734251730047 0.050470509950518064
leaf_weight=13.999999999999998 11.999999999999998 11.999999999999998 12.000000000000002 11.999999999999998 15.999999999999998 18 13.999999999999998
leaf_count=14 12 12 12 12 16 18 14
internal_value=0 -0.00366389 0.00203212 -0.0102809 0.00145061 -0.0189523 0.0304468
internal_weight=110 98 86 60 48 32 26
internal_count=110 98 86 60 48 32 26
is_linear=0
shrinkage=0.0510168


Tree=278
num_leaves=8
num_cat=0
split_feature=13 13 12 7 2 12 7
split_gain=4.65205 11.5511 12.287 10.6999 19.3265 7.77964 4.18735
threshold=12.111805555555557 11.422222222222224 -9.2270833333333311 1320.0000000000002 6130.0000000000009 4.6812500000000012 4290.0000000000009
decision_type=2 2 2 2 2 2 2
left_child=1 2 -1 -4 -5 -6 -2
right_child=6 -3 3 4 5 -7 -8
leaf_value=-0.037540145131929145 0.040970605508266929 -0.052175892644385366 0.053707914975054311 0.047617765692966024 -0.05519367948676162 -0.0008537505838066054 -9.7002863177058954e-05
leaf_weight=15.999999999999998 12.000000000000002 11.999999999999998 12.999999999999998 14.999999999999998 12.000000000000002 15.999999999999998 13.999999999999998
leaf_count=16 12 12 13 15 12 16 14
internal_value=0 -0.00583698 0.00188648 0.0131518 0.000889655 -0.0241435 0.0188575
internal_weight=110 84 72 56 43 28 26
internal_count=110 84 72 56 43 28 26
is_linear=0
shrinkage=0.0510168


Tree=279
num_leaves=6
num_cat=0
split_feature=14 12 10 13 10
split_gain=4.4911 15.8585 12.1451 27.4084 8.37092
threshold=21.500000000000004 -7.3916666666666666 -13.55208333333333 11.422222222222224 -3.0520833333333335
decision_type=2 2 2 2 2
left_child=4 -2 -3 -4 -1
right_child=1 2 3 -5 -6
leaf_value=-0.013077281498617135 -0.053889040765485272 -0.030521759006922198 0.06107796117391609 -0.020403798078022093 0.037903391002026561
leaf_weight=14.999999999999998 14.999999999999998 18 21 22 19
leaf_count=15 15 18 21 22 19
internal_value=0 -0.00689488 0.0046614 0.0193897 0.0154118
internal_weight=110 76 61 43 34
internal_count=110 76 61 43 34
is_linear=0
shrinkage=0.0510168


Tree=280
num_leaves=7
num_cat=0
split_feature=13 0 14 7 12 7
split_gain=4.74852 10.9494 55.7159 11.984 18.5583 3.75339
threshold=12.111805555555557 2082.0000000000005 22.500000000000004 1980.0000000000002 6.491666666666668 4290.0000000000009
decision_type=2 2 2 2 2 2
left_child=1 -1 3 -3 -5 -2
right_child=5 2 -4 4 -6 -7
leaf_value=0.024098558621627263 0.039987948581149631 -0.016561993698093382 -0.10258779296178466 0.080425510527231819 -0.0092954008118916118 0.0011050171373227211
leaf_weight=23 12.000000000000002 22 14.999999999999998 12.000000000000002 11.999999999999998 13.999999999999998
leaf_count=23 12 22 15 12 12 14
internal_value=0 -0.00589721 -0.0172074 0.010635 0.0355657 0.019052
internal_weight=110 84 61 46 24 26
internal_count=110 84 61 46 24 26
is_linear=0
shrinkage=0.0510168


Tree=281
num_leaves=8
num_cat=0
split_feature=2 16 8 16 6 6 2
split_gain=4.78099 11.4408 8.8657 10.5677 18.9184 20.1285 9.86631
threshold=1272.5000000000002 110.50000000000001 54.500000000000007 150.00000000000003 15.703964017333062 14.288825189510218 5117.0000000000009
decision_type=2 2 2 2 2 2 2
left_child=-1 -2 3 4 5 -3 -4
right_child=1 2 6 -5 -6 -7 -8
leaf_value=-0.0303937228158494 0.048292873984254372 -0.043427817998490346 -0.0098706366053311952 0.023853492418938669 -0.081564210220916658 0.039176086984785995 0.050695359866618959
leaf_weight=11.999999999999998 12.999999999999998 17.000000000000004 14.000000000000002 13.999999999999998 11.999999999999998 13.999999999999998 13.999999999999998
leaf_count=12 13 17 14 14 12 14 14
internal_value=0 0.00372185 -0.00309513 -0.014643 -0.0271772 -0.00612246 0.0204125
internal_weight=110 98 85 57 43 31 28
internal_count=110 98 85 57 43 31 28
is_linear=0
shrinkage=0.0510168


Tree=282
num_leaves=8
num_cat=0
split_feature=13 13 6 5 17 8 5
split_gain=4.25602 9.78384 8.7185 36.5476 14.1322 25.232 3.58332
threshold=12.111805555555557 11.422222222222224 13.681875034160567 1.0000000180025095e-35 54.500000000000007 52.500000000000007 1.0000000180025095e-35
decision_type=2 2 2 2 2 2 2
left_child=1 2 3 -1 -4 -6 -2
right_child=6 -3 4 -5 5 -7 -8
leaf_value=-0.087016171507242571 0.035570886231370169 -0.048230022661379261 0.049980221902341797 0.036446887188774424 -0.056822927178144529 0.038405581043380259 -0.0024193605860977391
leaf_weight=12 14 11.999999999999998 18 13 14.000000000000002 14.999999999999998 12
leaf_count=12 14 12 18 13 14 15 12
internal_value=0 -0.00558301 0.0015251 -0.0228158 0.0144727 -0.00756672 0.018037
internal_weight=110 84 72 25 47 29 26
internal_count=110 84 72 25 47 29 26
is_linear=0
shrinkage=0.0510168


Tree=283
num_leaves=8
num_cat=0
split_feature=0 2 10 1 10 8 11
split_gain=4.89818 8.4562 10.8578 19.6211 11.1697 10.9993 6.44871
threshold=2977.5000000000005 14893.500000000002 -4.140076754385964 503.50000000000006 -17.788377192982455 51.500000000000007 54.500000000000007
decision_type=2 2 2 2 2 2 2
left_child=1 2 4 5 -1 -4 -6
right_child=-2 -3 3 -5 6 -7 -8
leaf_value=-0.022118869726524798 -0.030763967379229443 0.042085962518424863 0.035808218149699596 -0.069992477957333765 0.053750074624995155 -0.029359091277655042 0.0060167274315014148
leaf_weight=13.999999999999995 11.999999999999998 12.999999999999998 14.000000000000002 13.999999999999998 17.000000000000007 12.999999999999998 12.999999999999998
leaf_count=14 12 13 14 14 17 13 13
internal_value=0 0.00376718 -0.00209353 -0.0209824 0.0155073 0.00443104 0.0330666
internal_weight=110 98 85 41 44 27 30
internal_count=110 98 85 41 44 27 30
is_linear=0
shrinkage=0.0510168


Tree=284
num_leaves=7
num_cat=0
split_feature=15 15 15 3 1 12
split_gain=4.48572 6.8879 10.488 16.1158 12.5149 9.71971
threshold=25.840779035040516 21.873710377563643 19.605549752746573 14.500000000000002 415.50000000000006 2.5250000000000008
decision_type=2 2 2 2 2 2
left_child=1 2 3 4 -1 -5
right_child=-2 -3 -4 5 -6 -7
leaf_value=0.0047621289016472881 -0.024970435163875308 0.029997941737962483 -0.033585125632356272 -0.05046021604024805 0.075762003490178254 0.011923263947444689
leaf_weight=14.000000000000002 15.999999999999998 21 21 13.000000000000002 11.999999999999998 12.999999999999998
leaf_count=14 16 21 21 13 12 13
internal_value=0 0.0042504 -0.00315651 0.00913207 0.0375329 -0.0192686
internal_weight=110 94 73 52 26 26
internal_count=110 94 73 52 26 26
is_linear=0
shrinkage=0.0510168


Tree=285
num_leaves=8
num_cat=0
split_feature=2 16 15 16 15 15 9
split_gain=4.64897 9.91859 8.95221 8.15891 10.048 14.4926 4.54143
threshold=1272.5000000000002 110.50000000000001 17.329401481565885 119.50000000000001 25.840779035040516 21.873710377563643 9.5000000000000018
decision_type=2 2 2 2 2 2 2
left_child=-1 -2 -3 -4 5 6 -5
right_child=1 2 3 4 -6 -7 -8
leaf_value=-0.029971125851264602 0.045170204524509136 -0.03578943584302427 -0.02625580624984198 -0.016009111314307826 -0.019816780891274567 0.07306385729334465 0.028374056445803261
leaf_weight=11.999999999999998 12.999999999999998 17 15.999999999999998 12.000000000000002 14.999999999999998 12.999999999999998 11.999999999999998
leaf_count=12 13 17 16 12 15 13 12
internal_value=0 0.0036701 -0.00267719 0.00560102 0.0154035 0.0296824 0.00618224
internal_weight=110 98 85 68 52 37 24
internal_count=110 98 85 68 52 37 24
is_linear=0
shrinkage=0.0510168


Tree=286
num_leaves=7
num_cat=0
split_feature=9 13 7 2 8 11
split_gain=4.44291 10.228 12.9094 12.6343 22.251 4.0791
threshold=10.500000000000002 9.2743055555555571 1320.0000000000002 2493.0000000000005 52.500000000000007 57.500000000000007
decision_type=2 2 2 2 2 2
left_child=1 -1 -3 -4 -5 -2
right_child=5 2 3 4 -6 -7
leaf_value=-0.037632280971349297 0.03571180212723496 0.04744589596949389 0.037385150219630375 -0.057387178531902686 0.022469172229531285 -0.0041930915996886463
leaf_weight=20 15.000000000000002 13.999999999999998 11.999999999999998 21 15.999999999999998 11.999999999999998
leaf_count=20 15 14 12 21 16 12
internal_value=0 -0.00584785 0.0042426 -0.00810151 -0.0228547 0.0179763
internal_weight=110 83 63 49 37 27
internal_count=110 83 63 49 37 27
is_linear=0
shrinkage=0.0510168


Tree=287
num_leaves=8
num_cat=0
split_feature=2 8 7 7 13 2 13
split_gain=4.46907 8.55069 13.8268 7.21368 26.741 19.7471 15.6753
threshold=1272.5000000000002 55.500000000000007 3780.0000000000005 1980.0000000000002 9.5118055555555561 11968.000000000002 10.656250000000002
decision_type=2 2 2 2 2 2 2
left_child=-1 3 -3 5 -5 -2 -6
right_child=1 2 -4 4 6 -7 -8
leaf_value=-0.029385501112282025 0.021085992452642633 0.065877590674977449 -0.0085278280284435074 0.07215516294183183 -0.057827262667557909 -0.068097446632702924 0.0125562244984993
leaf_weight=11.999999999999998 12.000000000000002 13.000000000000002 12.999999999999998 11.999999999999998 13.999999999999998 13.999999999999998 20
leaf_count=12 12 13 13 12 14 14 20
internal_value=0 0.00359841 0.0286753 -0.00545719 0.00668303 -0.026936 -0.0164255
internal_weight=110 98 26 72 46 26 34
internal_count=110 98 26 72 46 26 34
is_linear=0
shrinkage=0.0510168


Tree=288
num_leaves=6
num_cat=0
split_feature=8 6 10 12 17
split_gain=4.27365 11.7416 11.7603 7.34849 5.64051
threshold=45.500000000000007 12.101124940320577 -14.22395833333333 -5.3666666666666671 55.500000000000007
decision_type=2 2 2 2 2
left_child=-1 -2 -3 -4 -5
right_child=1 2 3 4 -6
leaf_value=0.026331468320416933 -0.039757155762377795 0.04731580304940481 0.019409270012260907 -0.038528663995739301 -0.00039891311592236636
leaf_weight=13.999999999999998 19 13.999999999999998 22 18 23
leaf_count=14 19 14 22 18 23
internal_value=0 -0.00384018 0.00502261 -0.00437616 -0.0171394
internal_weight=110 96 77 63 41
internal_count=110 96 77 63 41
is_linear=0
shrinkage=0.0510168


Tree=289
num_leaves=8
num_cat=0
split_feature=13 6 12 9 13 13 13
split_gain=3.98876 8.56992 12.4136 11.8647 5.42591 3.84724 3.20658
threshold=8.467402292667547 16.528265317278613 -5.3666666666666671 9.5000000000000018 11.306250000000002 12.608015569463763 10.331250000000002
decision_type=2 2 2 2 2 2 2
left_child=-1 2 -2 -3 6 -6 -4
right_child=1 3 4 -5 5 -7 -8
leaf_value=-0.02444778837195263 0.056323988360874322 0.017353289780112635 0.0018475681149701369 -0.050703978475486404 -0.031577773388380186 0.0050415605530723445 0.0391437007218991
leaf_weight=14.999999999999998 13.999999999999998 12.000000000000002 12.000000000000002 14.999999999999998 14.000000000000002 15.999999999999998 11.999999999999998
leaf_count=15 14 12 12 15 14 16 12
internal_value=0 0.00386034 0.0135157 -0.0204563 0.00241649 -0.0120475 0.0204967
internal_weight=110 95 68 27 54 30 24
internal_count=110 95 68 27 54 30 24
is_linear=0
shrinkage=0.0510168


Tree=290
num_leaves=6
num_cat=0
split_feature=10 7 7 10 10
split_gain=3.81675 11.6998 7.85722 12.5369 11.1677
threshold=16.015625000000004 1320.0000000000002 3240.0000000000005 -4.140076754385964 -13.55208333333333
decision_type=2 2 2 2 2
left_child=1 -1 -3 4 -4
right_child=-2 2 3 -5 -6
leaf_value=0.038445700788429495 -0.023914850705449079 -0.039936238305088877 -0.012154505335660093 -0.029477725624628043 0.042374552196111415
leaf_weight=20 14.999999999999998 13.999999999999998 16.999999999999996 21 23.000000000000004
leaf_count=20 15 14 17 21 23
internal_value=0 0.0037762 -0.00546915 0.00244155 0.0191996
internal_weight=110 95 75 61 40
internal_count=110 95 75 61 40
is_linear=0
shrinkage=0.0510168


Tree=291
num_leaves=6
num_cat=0
split_feature=14 7 12 13 0
split_gain=3.9616 13.3387 9.64847 12.6355 9.43464
threshold=21.500000000000004 1500.0000000000002 9.9770833333333346 9.8242215268119306 2859.5000000000005
decision_type=2 2 2 2 2
left_child=4 -2 3 -3 -1
right_child=1 2 -4 -5 -6
leaf_value=-0.0066694135717469414 -0.044840307439805251 0.057211259144185844 -0.022188166559548052 -0.0035103381307435635 0.048630170659375006
leaf_weight=21 18 14.999999999999998 21 22 12.999999999999998
leaf_count=21 18 15 21 22 13
internal_value=0 -0.00647567 0.00543084 0.0211069 0.0144748
internal_weight=110 76 58 37 34
internal_count=110 76 58 37 34
is_linear=0
shrinkage=0.0510168


Tree=292
num_leaves=8
num_cat=0
split_feature=0 2 8 11 16 16 8
split_gain=4.18963 7.71783 6.60101 9.88661 7.84559 8.75339 1.23419
threshold=2977.5000000000005 14893.500000000002 45.500000000000007 51.500000000000007 115.00000000000001 139.00000000000003 54.500000000000007
decision_type=2 2 2 2 2 2 2
left_child=1 2 -1 -4 -5 6 -6
right_child=-2 -3 3 4 5 -7 -8
leaf_value=0.031342143728762484 -0.028451978057740159 0.040091738197131029 -0.040899285970592718 -0.033620081328241125 0.021464350108799306 -0.015089972905217221 0.04415751040560404
leaf_weight=12.999999999999998 11.999999999999998 12.999999999999998 18 11.999999999999998 13.000000000000002 17 11.999999999999998
leaf_count=13 12 13 18 12 13 17 12
internal_value=0 0.0034841 -0.00211489 -0.00815615 0.00275845 0.013153 0.0323584
internal_weight=110 98 85 72 54 42 25
internal_count=110 98 85 72 54 42 25
is_linear=0
shrinkage=0.0510168


Tree=293
num_leaves=7
num_cat=0
split_feature=6 13 6 6 13 14
split_gain=4.25611 10.2569 12.939 11.3156 28.206 13.2351
threshold=21.196077457725799 8.467402292667547 16.528265317278613 13.681875034160567 10.656250000000002 22.500000000000004
decision_type=2 2 2 2 2 2
left_child=1 -1 3 5 -5 -3
right_child=-2 2 -4 4 -6 -7
leaf_value=-0.045713591135699207 0.028676816557024847 -0.033693806532598299 -0.036865131680462002 0.088785351032301854 -0.015571001482264106 0.02429379051664269
leaf_weight=12.999999999999998 11.999999999999998 20 17 14.000000000000002 12.999999999999998 21
leaf_count=13 12 20 17 14 13 21
internal_value=0 -0.00351163 0.002943 0.0128955 0.0385403 -0.00399269
internal_weight=110 98 85 68 27 41
internal_count=110 98 85 68 27 41
is_linear=0
shrinkage=0.0510168


Tree=294
num_leaves=7
num_cat=0
split_feature=9 13 13 10 11 11
split_gain=4.17234 9.22173 11.2527 11.1458 10.6703 3.1246
threshold=10.500000000000002 9.2743055555555571 10.853663141993961 -0.34374999999999906 51.500000000000007 57.500000000000007
decision_type=2 2 2 2 2 2
left_child=1 -1 3 -3 -4 -2
right_child=5 2 4 -5 -6 -7
leaf_value=-0.035847448937927191 0.032942685566374599 0.00014364234907815376 -0.047895699405208429 0.065185641271620159 0.0090241684322993759 -0.0019825814571282109
leaf_weight=20 15.000000000000002 16.000000000000004 14.999999999999998 11.999999999999998 20 11.999999999999998
leaf_count=20 15 16 15 12 20 12
internal_value=0 -0.00566696 0.00391429 0.0280201 -0.0153703 0.0174203
internal_weight=110 83 63 28 35 27
internal_count=110 83 63 28 35 27
is_linear=0
shrinkage=0.0510168


Tree=295
num_leaves=8
num_cat=0
split_feature=0 2 8 1 1 2 1
split_gain=3.93081 6.37898 6.2082 14.7914 8.33742 8.43565 5.74212
threshold=2977.5000000000005 14893.500000000002 45.500000000000007 101.50000000000001 491.00000000000006 9870.5000000000018 394.50000000000006
decision_type=2 2 2 2 2 2 2
left_child=1 2 -1 -4 6 -6 -5
right_child=-2 -3 3 4 5 -7 -8
leaf_value=0.030730850089977425 -0.027559108247943897 0.036656046683245853 -0.059277819887135791 0.0038153163493212833 0.0066870802270263055 -0.049896092916777539 0.048454631528198962
leaf_weight=12.999999999999998 11.999999999999998 12.999999999999998 11.999999999999998 20 16.000000000000004 11.999999999999998 11.999999999999998
leaf_count=13 12 13 12 20 16 12 12
internal_value=0 0.00337478 -0.00171545 -0.0075742 0.00276695 -0.0175632 0.0205561
internal_weight=110 98 85 72 60 28 32
internal_count=110 98 85 72 60 28 32
is_linear=0
shrinkage=0.0510168


Tree=296
num_leaves=7
num_cat=0
split_feature=15 13 1 3 13 10
split_gain=3.75324 6.08886 13.8651 11.6919 11.7876 7.41957
threshold=25.840779035040516 8.6250000000000018 750.50000000000011 14.500000000000002 11.502083333333337 -1.8878472222222225
decision_type=2 2 2 2 2 2
left_child=1 -1 3 5 -5 -3
right_child=-2 2 -4 4 -6 -7
leaf_value=-0.024779594289791582 -0.022840829560714031 -0.0030474226826564419 0.053848616041344097 -0.057201091555638989 0.004491175080777181 0.047693686972309149
leaf_weight=15.999999999999998 15.999999999999998 15.000000000000002 14.999999999999998 13.999999999999998 19 14.999999999999998
leaf_count=16 16 15 15 14 19 15
internal_value=0 0.00388797 0.0097688 -0.000726733 -0.0216817 0.0223233
internal_weight=110 94 78 63 33 30
internal_count=110 94 78 63 33 30
is_linear=0
shrinkage=0.0510168


Tree=297
num_leaves=7
num_cat=0
split_feature=9 1 1 12 11 1
split_gain=4.06791 6.68409 8.65697 10.2129 4.67526 3.23972
threshold=10.500000000000002 216.00000000000003 443.50000000000006 6.7104166666666671 54.500000000000007 345.00000000000006
decision_type=2 2 2 2 2 2
left_child=1 -1 -3 4 -4 -2
right_child=5 2 3 -5 -6 -7
leaf_value=-0.029702426563437211 0.036957988921804193 0.038311833650106902 -0.048850622831983374 0.022794395194251839 -0.0076607757486275019 0.0013936464152999567
leaf_weight=22 12.000000000000002 13.999999999999998 13.000000000000002 18 15.999999999999998 14.999999999999998
leaf_count=22 12 14 13 18 16 15
internal_value=0 -0.00559558 0.00309877 -0.00739044 -0.0261263 0.017201
internal_weight=110 83 61 47 29 27
internal_count=110 83 61 47 29 27
is_linear=0
shrinkage=0.0510168


Tree=298
num_leaves=7
num_cat=0
split_feature=9 13 13 7 11 1
split_gain=3.66347 7.02786 10.1568 19.6966 8.77146 2.91761
threshold=10.500000000000002 9.2743055555555571 10.853663141993961 1980.0000000000002 51.500000000000007 345.00000000000006
decision_type=2 2 2 2 2 2
left_child=1 -1 3 -3 -4 -2
right_child=5 2 4 -5 -6 -7
leaf_value=-0.03165714461660081 0.035072626503803245 0.075362269660256165 -0.044757024944291797 -0.011099724610871059 0.0068503118039785482 0.0013225487559238873
leaf_weight=20 12.000000000000002 12.000000000000002 14.999999999999998 15.999999999999998 20 14.999999999999998
leaf_count=20 12 12 15 16 20 15
internal_value=0 -0.00531013 0.00305412 0.025956 -0.0152673 0.0163235
internal_weight=110 83 63 28 35 27
internal_count=110 83 63 28 35 27
is_linear=0
shrinkage=0.0510168


Tree=299
num_leaves=7
num_cat=0
split_feature=14 12 12 13 13 4
split_gain=3.63368 12.8003 8.32875 9.10762 6.48597 4.21454
threshold=21.500000000000004 -7.3916666666666666 9.9770833333333346 11.502083333333337 9.5118055555555561 38.500000000000007
decision_type=2 2 2 2 2 2
left_child=4 -2 3 5 -1 -3
right_child=1 2 -4 -5 -6 -7
leaf_value=0.042182189442568678 -0.04842237990378246 0.05920753727628944 -0.02091793347197278 -0.012844848304833597 -0.0036685366824284931 0.016447831170177687
leaf_weight=12.999999999999998 14.999999999999998 12 22 14.999999999999998 21 12
leaf_count=13 15 12 22 15 21 12
internal_value=0 -0.00620183 0.00418057 0.0183391 0.0138629 0.0378293
internal_weight=110 76 61 39 34 24
internal_count=110 76 61 39 34 24
is_linear=0
shrinkage=0.0510168


end of trees

feature_importances:
Column_10=187
Column_13=173
Column_15=153
Column_16=138
Column_1=127
Column_7=127
Column_6=125
Column_12=125
Column_2=118
Column_0=111
Column_8=106
Column_11=97
Column_17=82
Column_14=66
Column_3=57
Column_9=30
Column_5=24
Column_4=22

parameters:
[boosting: gbdt]
[objective: regression]
[metric: l1]
[tree_learner: serial]
[device_type: cpu]
[data_sample_strategy: bagging]
[data: ]
[valid: ]
[num_iterations: 300]
[learning_rate: 0.0510168]
[num_leaves: 42]
[num_threads: -1]
[seed: 0]
[deterministic: 0]
[force_col_wise: 0]
[force_row_wise: 0]
[histogram_pool_size: -1]
[max_depth: 9]
[min_data_in_leaf: 12]
[min_sum_hessian_in_leaf: 0.001]
[bagging_fraction: 0.56948]
[pos_bagging_fraction: 1]
[neg_bagging_fraction: 1]
[bagging_freq: 0]
[bagging_seed: 3]
[bagging_by_query: 0]
[feature_fraction: 0.556154]
[feature_fraction_bynode: 1]
[feature_fraction_seed: 2]
[extra_trees: 0]
[extra_seed: 6]
[early_stopping_round: 0]
[early_stopping_min_delta: 0]
[first_metric_only: 0]
[max_delta_step: 0]
[lambda_l1: 0.000199556]
[lambda_l2: 0.000728897]
[linear_lambda: 0]
[min_gain_to_split: 0]
[drop_rate: 0.1]
[max_drop: 50]
[skip_drop: 0.5]
[xgboost_dart_mode: 0]
[uniform_drop: 0]
[drop_seed: 4]
[top_rate: 0.2]
[other_rate: 0.1]
[min_data_per_group: 100]
[max_cat_threshold: 32]
[cat_l2: 10]
[cat_smooth: 10]
[max_cat_to_onehot: 4]
[top_k: 20]
[monotone_constraints: ]
[monotone_constraints_method: basic]
[monotone_penalty: 0]
[feature_contri: ]
[forcedsplits_filename: ]
[refit_decay_rate: 0.9]
[cegb_tradeoff: 1]
[cegb_penalty_split: 0]
[cegb_penalty_feature_lazy: ]
[cegb_penalty_feature_coupled: ]
[path_smooth: 0]
[interaction_constraints: ]
[verbosity: -1]
[saved_feature_importance_type: 0]
[use_quantized_grad: 0]
[num_grad_quant_bins: 4]
[quant_train_renew_leaf: 0]
[stochastic_rounding: 1]
[linear_tree: 0]
[max_bin: 255]
[max_bin_by_feature: ]
[min_data_in_bin: 3]
[bin_construct_sample_cnt: 200000]
[data_random_seed: 1]
[is_enable_sparse: 1]
[enable_bundle: 1]
[use_missing: 1]
[zero_as_missing: 0]
[feature_pre_filter: 1]
[pre_partition: 0]
[two_round: 0]
[header: 0]
[label_column: ]
[weight_column: ]
[group_column: ]
[ignore_column: ]
[categorical_feature: ]
[forcedbins_filename: ]
[precise_float_parser: 0]
[parser_config_file: ]
[objective_seed: 5]
[num_class: 1]
[is_unbalance: 0]
[scale_pos_weight: 1]
[sigmoid: 1]
[boost_from_average: 1]
[reg_sqrt: 0]
[alpha: 0.9]
[fair_c: 1]
[poisson_max_delta_step: 0.7]
[tweedie_variance_power: 1.5]
[lambdarank_truncation_level: 30]
[lambdarank_norm: 1]
[label_gain: ]
[lambdarank_position_bias_regularization: 0]
[eval_at: ]
[multi_error_top_k: 1]
[auc_mu_weights: ]
[num_machines: 1]
[local_listen_port: 12400]
[time_out: 120]
[machine_list_filename: ]
[machines: ]
[gpu_platform_id: -1]
[gpu_device_id: -1]
[gpu_use_dp: 0]
[num_gpu: 1]

end of parameters

pandas_categorical:null
