tree
version=v4
num_class=1
num_tree_per_iteration=1
label_index=0
max_feature_idx=43
objective=regression
feature_names=Column_0 Column_1 Column_2 Column_3 Column_4 Column_5 Column_6 Column_7 Column_8 Column_9 Column_10 Column_11 Column_12 Column_13 Column_14 Column_15 Column_16 Column_17 Column_18 Column_19 Column_20 Column_21 Column_22 Column_23 Column_24 Column_25 Column_26 Column_27 Column_28 Column_29 Column_30 Column_31 Column_32 Column_33 Column_34 Column_35 Column_36 Column_37 Column_38 Column_39 Column_40 Column_41 Column_42 Column_43
feature_infos=[12:20] [7.8356020641508097:30.125832137953889] [4:2426] [57.115277777777777:96.856944444444451] [19:26] [1886:4880] [12:20] [7.6483927936782177:36.081265277052793] [12:20] [15:65] [0:1] [40:74] [15:25] [2.5550841201633872:8.6142726051264535] [-46.569444444444443:27.924528301886781] [59.226427858492428:748.0249889514148] [-24.450330371383004:39.908684240008952] [-196755.90277777778:103245.7222222222] [-52.135416666666664:42.583333333333329] [0:6480] [7:17] [44:64] [5:41] [7.7212765957446807:43.494780793319414] [42:69] [0.1170570465575623:0.71170863053062305] [13:18] [2.6693028695500884:6.515414481770355] [47:86] [-114.66666666666667:141.02484138686722] [0:1] [157:28808] [63:100] [0.97021276595744688:32.684615384615384] [0:6360] [46.263138018053965:305.26053950797973] [370.05008920632309:12293.096309769267] [-8.9777777777777779:6.2528409090909092] [0:5] [4.5110284431079721:27.805008573772099] [300:37740] [-31.528089887640451:26.787500000000001] [0:11520] [83:184]
tree_sizes=762 766 760 780 776 610 611 776 587 777 689 778 778 764 597 701 781 781 791 786 781 782 802 614 699 802 784 802 800 803 892 785 708 803 533 799 800 710 534 799 795 804 801 530 782 710 706 693 525 696 519 608 771 714 508 699 888 523 759 519 521 706 589 519 628 617 769 534 807 524 520 523 626 615 760 615 793 595 615 791 694 600 602 596 521 777 778 601 588 522 604 626 598 525 589 607 714 522 511 509 524 526 605 513 750 590 627 528 590 529 523 529 586 512 522 593 589 589 606 592 789 511 627 810 796 606 608 513 523 528 912 620 530 719 512 510 522 530 719 525 511 592 525 529 513 523 513 800 812 814 610 510 671 712 911 676 528 874 715 606 528 529 696 526 679 610 783 612 530 714 703 609 716 610 606 529 604 674 530 699 591 783 513 529 591 800 899 766 515 893 701 514 512 703 608 629 722 782 512 511 513 721 512 702 723 799 782 512 629 718 514 518 687 606 719 611 688 529 629 607 799 610 628 809 608 529 529 704 607 592 724 529 701 623 628 672 627 686 899 722 708 529 897 804 590 591 704 599 896 687 625 625 606 593 530 516 686 608 893 901 610 905 609 516 787 608 608 817 607 627 703 617 532 800 783 627 625 609 703 805 598 720 885 610 529 691 693 531 528 653 612 775 615 518 609 515 778 629 720 686

Tree=0
num_leaves=7
num_cat=0
split_feature=0 15 1 18 20 11
split_gain=9877.86 4162.19 2066.87 1170.77 752.975 703.879
threshold=16.500000000000004 336.79399318977431 19.629202555590982 -17.875438596491225 11.500000000000002 47.500000000000007
decision_type=2 2 2 2 2 2
left_child=2 -2 5 -4 -3 -1
right_child=1 4 3 -5 -6 -7
leaf_value=74.634376216960206 73.91963254509551 71.968268435674048 73.328427508435496 74.0337545658426 72.735499111598685 74.238467480528868
leaf_weight=14.999999999999998 7.0000000000000027 4.9999999999999991 8.0000000000000018 19 7.9999999999999991 38
leaf_count=15 7 5 8 19 8 38
internal_value=73.93 72.9577 74.1731 73.8248 72.4399 74.3506
internal_weight=100 20 80 27 13 53
internal_count=100 20 80 27 13 53
is_linear=0
shrinkage=1


Tree=1
num_leaves=7
num_cat=0
split_feature=1 18 25 4 34 29
split_gain=7138.61 3029.93 2326.66 2094.34 1846.73 661.41
threshold=24.109580248357407 -19.072222222222219 0.23385133780439418 24.500000000000004 2130.0000000000005 0.97707684008320572
decision_type=2 2 2 2 2 2
left_child=1 2 -1 5 -3 -2
right_child=3 4 -4 -5 -6 -7
leaf_value=-1.1069366849429705 -0.91069459180760537 0.38874235024479309 0.15401624726917959 -1.6693930162489961 -0.50856518941500617 -0.11471959892075703
leaf_weight=6.9999999999999982 4.9999999999999982 64 7 5.9999999999999991 5.9999999999999991 5
leaf_count=7 5 64 7 6 6 5
internal_value=0 0.18039 -0.476468 -0.946938 0.311794 -0.512982
internal_weight=100 84 14 16 70 10
internal_count=100 84 14 16 70 10
is_linear=0
shrinkage=0.048919


Tree=2
num_leaves=7
num_cat=0
split_feature=0 7 1 14 13 0
split_gain=8232.16 4261 1742.95 1286.99 1007.4 617.534
threshold=16.500000000000004 20.348802837548917 19.629202555590982 -12.766608391608385 6.7843041406079987 13.500000000000002
decision_type=2 2 2 2 2 2
left_child=2 -2 5 -3 -4 -1
right_child=1 3 4 -5 -6 -7
leaf_value=0.5311179466040431 0.34875684830451137 -1.6699256589391822 0.06173741121021159 -0.74395416379590562 -0.65682947030957162 0.1940616099679208
leaf_weight=30 5.0000000000000027 9 21.000000000000004 5.9999999999999973 5.9999999999999991 23
leaf_count=30 5 9 21 6 6 23
internal_value=0 -0.887634 0.221918 -1.29984 -0.0979505 0.384891
internal_weight=100 20 80 15 27 53
internal_count=100 20 80 15 27 53
is_linear=0
shrinkage=0.048919


Tree=3
num_leaves=7
num_cat=0
split_feature=0 14 18 27 33 0
split_gain=7446.67 3786.84 1517.67 1452.95 1070.53 891.965
threshold=16.500000000000004 -12.766608391608385 -17.875438596491225 4.9427172906304087 3.2632185612597073 15.500000000000002
decision_type=2 2 2 2 2 2
left_child=2 -2 4 -3 -1 -4
right_child=1 3 5 -5 -6 -7
leaf_value=0.17613527053316813 -1.5882608277344616 0.38049899937980231 0.39826778734100093 -0.74824304302557976 -0.67915816105638149 -0.053818125769156386
leaf_weight=6.9999999999999982 9.0000000000000018 4.9999999999999982 53 6 7 12.999999999999998
leaf_count=7 9 5 53 6 7 13
internal_value=-2.44671e-07 -0.844226 0.211063 -0.235098 -0.251473 0.309203
internal_weight=100 20 80 11 14 66
internal_count=100 20 80 11 14 66
is_linear=0
shrinkage=0.048919


Tree=4
num_leaves=7
num_cat=0
split_feature=0 7 1 14 37 11
split_gain=6736.09 3541 1532.7 1034.85 927.776 573.498
threshold=16.500000000000004 20.348802837548917 19.629202555590982 -12.766608391608385 -4.5027777777777764 47.500000000000007
decision_type=2 2 2 2 2 2
left_child=2 -2 5 -3 -4 -1
right_child=1 3 4 -5 -6 -7
leaf_value=0.60973488233514328 0.32414000875964094 -1.5105896945598671 -0.70053497385147834 -0.68019093958912336 0.037463083976564573 0.25237320923562617
leaf_weight=14.999999999999998 5.0000000000000027 9 5.0000000000000027 5.9999999999999973 22 38
leaf_count=15 5 9 5 6 22 38
internal_value=-3.22465e-06 -0.802941 0.200737 -1.17871 -0.0992167 0.353565
internal_weight=100 20 80 15 27 53
internal_count=100 20 80 15 27 53
is_linear=0
shrinkage=0.048919


Tree=5
num_leaves=5
num_cat=0
split_feature=4 25 31 9
split_gain=4002.24 2544.9 1839.85 628.596
threshold=25.500000000000004 0.24690867846160872 13220.000000000002 30.500000000000004
decision_type=2 2 2 2
left_child=1 2 -1 -3
right_child=-2 3 -4 -5
leaf_value=-0.028037065225687864 -1.2246517122633478 0.47230366526982798 -0.87686573536459089 -0.039278874929964673
leaf_weight=48 5.9999999999999991 32 6.9999999999999991 6.9999999999999991
leaf_count=48 6 32 7 7
internal_value=-4.18113e-06 0.0781866 -0.136133 0.380453
internal_weight=100 94 55 39
internal_count=100 94 55 39
is_linear=0
shrinkage=0.048919


Tree=6
num_leaves=5
num_cat=0
split_feature=18 3 23 37
split_gain=3879.67 3498.32 1641.56 932.154
threshold=-24.584239130434778 86.482278250042953 26.969724251913714 1.0000000180025095e-35
decision_type=2 2 2 2
left_child=2 3 -1 -2
right_child=1 -3 -4 -5
leaf_value=-0.25242809334418764 0.12653413374873732 -0.86264020044991707 -1.3970559650176426 0.54402512703013894
leaf_weight=5.9999999999999982 64 7.9999999999999991 6 15.999999999999998
leaf_count=6 64 8 6 16
internal_value=-7.61015e-06 0.112507 -0.825046 0.210065
internal_weight=100 88 12 80
internal_count=100 88 12 80
is_linear=0
shrinkage=0.048919


Tree=7
num_leaves=7
num_cat=0
split_feature=0 7 1 14 16 7
split_gain=5514.36 2968.21 1185.19 880.027 774.933 521.409
threshold=16.500000000000004 20.348802837548917 19.629202555590982 -12.766608391608385 5.5905237924723474 12.70399355540232
decision_type=2 2 2 2 2 2
left_child=2 -2 5 -3 -4 -1
right_child=1 3 4 -5 -6 -7
leaf_value=-0.11322571807023851 0.30539285201458094 -1.3765839033478418 0.40795266131468411 -0.61080528113698229 -0.22227299534323178 0.37083168215860174
leaf_weight=5.9999999999999991 5.0000000000000027 9 6.0000000000000027 5.9999999999999973 21 47
leaf_count=6 5 9 6 6 21 47
internal_value=-9.84283e-06 -0.726494 0.181615 -1.07053 -0.0821473 0.316006
internal_weight=100 20 80 15 27 53
internal_count=100 20 80 15 27 53
is_linear=0
shrinkage=0.048919


Tree=8
num_leaves=5
num_cat=0
split_feature=18 3 36 6
split_gain=3250.12 2993.2 1151.21 879.055
threshold=-24.584239130434778 86.482278250042953 4080.0189646654399 15.500000000000002
decision_type=2 2 2 2
left_child=2 3 -1 -2
right_child=1 -3 -4 -5
leaf_value=-0.34971827550509155 0.3089485075426181 -0.79903116410991004 -1.321975048395285 -0.033939014368282713
leaf_weight=6.9999999999999982 53 7.9999999999999991 5 27
leaf_count=7 53 8 5 27
internal_value=-1.1112e-05 0.10297 -0.755151 0.193211
internal_weight=100 88 12 80
internal_count=100 88 12 80
is_linear=0
shrinkage=0.048919


Tree=9
num_leaves=7
num_cat=0
split_feature=0 7 0 21 17 2
split_gain=4734.97 2597.72 1065.45 1413.78 786.029 580.021
threshold=16.500000000000004 20.348802837548917 13.500000000000002 54.500000000000007 -40955.229662698395 214.50000000000003
decision_type=2 2 2 2 2 2
left_child=2 -2 5 -4 -3 -1
right_child=1 4 3 -5 -6 -7
leaf_value=-0.10178666250530498 0.29212127796934562 -1.2843023201092916 -0.51624874027423928 0.15819641126854725 -0.56057548475610819 0.4185769764361556
leaf_weight=5.9999999999999991 5.0000000000000027 9 9.9999999999999982 29 5.9999999999999973 35
leaf_count=6 5 9 10 29 6 35
internal_value=-1.49096e-05 -0.673205 0.168285 -0.0147312 -0.99506 0.342394
internal_weight=100 20 80 39 15 41
internal_count=100 20 80 39 15 41
is_linear=0
shrinkage=0.048919


Tree=10
num_leaves=6
num_cat=0
split_feature=7 13 16 21 5
split_gain=2545.88 2955.37 1813.85 503.724 479.034
threshold=21.277463439832868 7.1032829818369567 11.381944444444445 48.000000000000007 2692.0000000000005
decision_type=2 2 2 2 2
left_child=3 2 -2 -1 -5
right_child=1 -3 -4 4 -6
leaf_value=0.57403114197026373 0.28378183860185374 -1.1117385116355167 -0.37180303108228746 0.28749024741722423 -0.062889456591070439
leaf_weight=8.9999999999999982 18 7.9999999999999991 23 28 13.999999999999998
leaf_count=9 18 8 23 28 14
internal_value=-1.64343e-05 -0.251838 -0.0839547 0.241905 0.170671
internal_weight=100 49 41 51 42
internal_count=100 49 41 51 42
is_linear=0
shrinkage=0.048919


Tree=11
num_leaves=7
num_cat=0
split_feature=0 17 7 0 32 2
split_gain=3991.98 2260.03 1003.29 913.339 866.709 540.863
threshold=16.500000000000004 -40955.229662698395 24.997077865627283 13.500000000000002 89.000000000000014 214.50000000000003
decision_type=2 2 2 2 2 2
left_child=3 -2 -3 5 -5 -1
right_child=1 2 -4 4 -6 -7
leaf_value=-0.11320180352077919 -1.1929301220545461 0.2787397477888347 -0.65921358722687784 0.43889940163134966 -0.13211911587893951 0.38928608417037847
leaf_weight=5.9999999999999991 9.0000000000000018 5.9999999999999982 5 7.9999999999999991 31 35
leaf_count=6 9 6 5 8 31 35
internal_value=-1.55818e-05 -0.618138 -0.147549 0.154516 -0.0149308 0.315718
internal_weight=100 20 11 80 39 41
internal_count=100 20 11 80 39 41
is_linear=0
shrinkage=0.048919


Tree=12
num_leaves=7
num_cat=0
split_feature=0 14 18 43 33 0
split_gain=3611.08 2044.37 863.786 839.875 780.826 640.296
threshold=16.500000000000004 -12.766608391608385 -17.875438596491225 131.50000000000003 3.2632185612597073 15.500000000000002
decision_type=2 2 2 2 2 2
left_child=2 -2 4 -3 -1 -4
right_child=1 3 5 -5 -6 -7
leaf_value=0.16319240044413902 -1.1345919535703259 0.32766275048971427 0.29646357534327544 -0.53050503280342509 -0.56724863176373841 -0.086563705473269512
leaf_weight=6.9999999999999982 9.0000000000000018 4.9999999999999982 53 6 7 12.999999999999998
leaf_count=7 9 5 53 6 7 13
internal_value=-1.6222e-05 -0.58791 0.146957 -0.14033 -0.201979 0.220999
internal_weight=100 20 80 11 14 66
internal_count=100 20 80 11 14 66
is_linear=0
shrinkage=0.048919


Tree=13
num_leaves=7
num_cat=0
split_feature=0 7 25 14 42 5
split_gain=3266.5 1943.51 785.043 826.327 463.171 239.102
threshold=16.500000000000004 21.879604831824892 0.24690867846160872 -11.162488970465821 2100.0000000000005 2692.0000000000005
decision_type=2 2 2 2 2 2
left_child=2 -2 3 -1 -3 -4
right_child=1 4 5 -5 -6 -7
leaf_value=-0.22069416026349142 0.031315026954347687 -0.59219267682668653 0.42197274886209502 0.20370766075742403 -1.2098935771698178 0.16804470324880744
leaf_weight=21 8.0000000000000018 4.9999999999999982 20 23 7 15.999999999999998
leaf_count=21 8 5 20 23 7 16
internal_value=-1.7591e-05 -0.55916 0.139767 0.00112229 -0.952828 0.309174
internal_weight=100 20 80 44 12 36
internal_count=100 20 80 44 12 36
is_linear=0
shrinkage=0.048919


Tree=14
num_leaves=5
num_cat=0
split_feature=18 5 23 25
split_gain=2064.95 1399.51 1088.03 775.021
threshold=-24.584239130434778 3785.5000000000005 26.969724251913714 0.24690867846160872
decision_type=2 2 2 2
left_child=2 3 -1 -2
right_child=1 -3 -4 -5
leaf_value=-0.13575509275923511 -0.0040728734199618928 -0.71249662339609432 -1.0676058908593455 0.29663525923726214
leaf_weight=5.9999999999999982 46 4.9999999999999991 6 37
leaf_count=6 46 5 6 37
internal_value=-1.71866e-05 0.0820646 -0.601931 0.129968
internal_weight=100 88 12 83
internal_count=100 88 12 83
is_linear=0
shrinkage=0.048919


Tree=15
num_leaves=6
num_cat=0
split_feature=1 14 13 38 4
split_gain=2407.27 1062.76 818.25 798.612 227.754
threshold=24.109580248357407 -21.605291471048513 6.7843041406079987 2.5000000000000004 24.500000000000004
decision_type=2 2 2 2 2
left_child=1 -1 -2 -3 -4
right_child=2 3 4 -5 -6
leaf_value=-0.52245067821654634 -0.097975507900827305 0.19820301372270832 -0.58624165527996108 -0.38903920035948669 -1.0547441371324846
leaf_weight=5.9999999999999991 5.9999999999999991 72 4.9999999999999982 5.9999999999999991 5
leaf_count=6 6 72 5 6 5
internal_value=-1.9874e-05 0.104724 -0.549922 0.153002 -0.820856
internal_weight=100 84 16 78 10
internal_count=100 84 16 78 10
is_linear=0
shrinkage=0.048919


Tree=16
num_leaves=7
num_cat=0
split_feature=0 14 0 21 43 7
split_gain=2631.27 1630.7 743.027 1014.36 758.713 673.614
threshold=16.500000000000004 -12.766608391608385 13.500000000000002 54.500000000000007 105.50000000000001 24.997077865627283
decision_type=2 2 2 2 2 2
left_child=2 -2 4 -4 -1 -3
right_child=1 5 3 -5 -6 -7
leaf_value=-0.29356635207833959 -0.99011123845022242 0.24715194744835445 -0.45220491955858699 0.11907409653658181 0.34927337519283985 -0.52139744574730762
leaf_weight=4.9999999999999991 9.0000000000000018 5.9999999999999982 9.9999999999999982 29 36 5
leaf_count=5 9 6 10 29 36 5
internal_value=-2.42264e-05 -0.501864 0.125433 -0.0273979 0.270832 -0.102119
internal_weight=100 20 80 39 41 11
internal_count=100 20 80 39 41 11
is_linear=0
shrinkage=0.048919


Tree=17
num_leaves=7
num_cat=0
split_feature=0 17 0 21 43 27
split_gain=2380.19 1475.1 672.107 917.568 686.332 610.969
threshold=16.500000000000004 -40955.229662698395 13.500000000000002 54.500000000000007 105.50000000000001 4.9427172906304087
decision_type=2 2 2 2 2 2
left_child=2 -2 4 -4 -1 -3
right_child=1 5 3 -5 -6 -7
leaf_value=-0.27921367325211277 -0.94169156352325378 0.30201061836550408 -0.43008991512587469 0.11324969418827198 0.3321886448890915 -0.4299271272842512
leaf_weight=4.9999999999999991 9.0000000000000018 4.9999999999999982 9.9999999999999982 29 36 6
leaf_count=5 9 5 10 29 36 6
internal_value=-2.52225e-05 -0.477322 0.119296 -0.0260572 0.257582 -0.0971212
internal_weight=100 20 80 39 41 11
internal_count=100 20 80 39 41 11
is_linear=0
shrinkage=0.048919


Tree=18
num_leaves=7
num_cat=0
split_feature=0 31 21 1 13 7
split_gain=2153.06 1372.57 709.985 636.647 540.419 381.835
threshold=16.500000000000004 7417.0000000000009 60.500000000000007 19.629202555590982 6.7843041406079987 12.70399355540232
decision_type=2 2 2 2 2 2
left_child=3 2 -2 5 -5 -1
right_child=1 -3 -4 4 -6 -7
leaf_value=-0.15534376183684398 -0.56801795498484564 -0.95021707033901848 0.194963440937724 0.037096637497656057 -0.48918787434858663 0.25888269110545309
leaf_weight=5.9999999999999991 5.0000000000000018 7.9999999999999991 7 21.000000000000004 5.9999999999999991 47
leaf_count=6 5 8 7 21 6 47
internal_value=-2.58729e-05 -0.45398 -0.1229 0.113459 -0.0798484 0.211959
internal_weight=100 20 12 80 27 53
internal_count=100 20 12 80 27 53
is_linear=0
shrinkage=0.048919


Tree=19
num_leaves=7
num_cat=0
split_feature=0 14 37 23 26 14
split_gain=1947.62 1288.41 599.521 868.485 514.962 193.671
threshold=16.500000000000004 -12.766608391608385 1.0000000180025095e-35 24.693750000000005 16.500000000000004 -2.9413104501132703
decision_type=2 2 2 2 2 2
left_child=2 -2 3 -1 -3 -4
right_child=1 4 5 -5 -6 -7
leaf_value=0.16208055091538717 -0.86576968060526771 -0.44306108706081015 0.24268769010940358 -0.22955275125852842 0.22891477051285533 0.58347726076897577
leaf_weight=42 9.0000000000000018 4.9999999999999982 12.000000000000002 20 6 5.9999999999999991
leaf_count=42 9 5 12 20 6 6
internal_value=-2.69698e-05 -0.431781 0.107907 0.035722 -0.0764499 0.35643
internal_weight=100 20 80 62 11 18
internal_count=100 20 80 62 11 18
is_linear=0
shrinkage=0.048919


Tree=20
num_leaves=7
num_cat=0
split_feature=0 31 21 0 21 43
split_gain=1761.8 1171.75 608.623 583.657 786.032 610.529
threshold=16.500000000000004 7417.0000000000009 60.500000000000007 13.500000000000002 54.500000000000007 105.50000000000001
decision_type=2 2 2 2 2 2
left_child=3 2 -2 5 -5 -1
right_child=1 -3 -4 4 -6 -7
leaf_value=-0.27478100470509736 -0.51688963385950848 -0.86916456328865876 0.18953024049806791 -0.40677196092206447 0.096113635422668681 0.30186590266018432
leaf_weight=4.9999999999999991 5.0000000000000018 7.9999999999999991 7 9.9999999999999982 29 36
leaf_count=5 5 8 7 10 29 36
internal_value=-2.48675e-05 -0.410666 -0.10476 0.102631 -0.0328195 0.231498
internal_weight=100 20 12 80 39 41
internal_count=100 20 12 80 39 41
is_linear=0
shrinkage=0.048919


Tree=21
num_leaves=7
num_cat=0
split_feature=0 14 0 21 27 17
split_gain=1593.69 1125.79 527.947 711.029 434.65 426.9
threshold=16.500000000000004 -12.766608391608385 13.500000000000002 54.500000000000007 4.9427172906304087 -9644.9192533539863
decision_type=2 2 2 2 2 2
left_child=2 -2 5 -4 -3 -1
right_child=1 4 3 -5 -6 -7
leaf_value=0.1547380072921602 -0.79625928062921214 0.27819380915735553 -0.38687884216209184 0.091412321318658188 -0.33916545797823516 0.60139972196157998
leaf_weight=35 9.0000000000000018 4.9999999999999982 9.9999999999999982 29 6 5.9999999999999991
leaf_count=35 9 5 10 29 6 6
internal_value=-2.57445e-05 -0.390585 0.0976089 -0.0312136 -0.0584332 0.220172
internal_weight=100 20 80 39 11 41
internal_count=100 20 80 39 11 41
is_linear=0
shrinkage=0.048919


Tree=22
num_leaves=7
num_cat=0
split_feature=0 17 37 7 43 17
split_gain=1441.63 1018.37 529.983 839.18 393.189 165.315
threshold=16.500000000000004 -40955.229662698395 1.0000000180025095e-35 27.500836776934573 131.50000000000003 -7387.5937951855331
decision_type=2 2 2 2 2 2
left_child=2 -2 3 -1 -3 -4
right_child=1 4 5 -5 -6 -7
leaf_value=0.08919824036477661 -0.75731959322121245 0.26459271352441899 0.22140144451400248 -0.47937040039879392 -0.32258182685528475 0.53627638871973971
leaf_weight=55 9.0000000000000018 4.9999999999999982 12.000000000000002 6.9999999999999991 6 5.9999999999999991
leaf_count=55 9 5 12 7 6 6
internal_value=-2.38044e-05 -0.371484 0.0928356 0.0249652 -0.0555699 0.326499
internal_weight=100 20 80 62 11 18
internal_count=100 20 80 62 11 18
is_linear=0
shrinkage=0.048919


Tree=23
num_leaves=5
num_cat=0
split_feature=18 3 9 37
split_gain=1103.36 994.431 708.57 453.301
threshold=-24.584239130434778 86.482278250042953 34.500000000000007 1.0000000180025095e-35
decision_type=2 2 2 2
left_child=2 3 -1 -2
right_child=1 -3 -4 -5
leaf_value=0.0045496116270053299 0.053741147552367315 -0.45991984333264685 -0.75760603493164702 0.34487734846744322
leaf_weight=4.9999999999999982 64 7.9999999999999991 7 15.999999999999998
leaf_count=5 64 8 7 16
internal_value=-2.20397e-05 0.0599746 -0.440011 0.111995
internal_weight=100 88 12 80
internal_count=100 88 12 80
is_linear=0
shrinkage=0.048919


Tree=24
num_leaves=6
num_cat=0
split_feature=1 14 38 4 33
split_gain=1123.54 648.276 506.766 303.45 237.428
threshold=24.109580248357407 -21.605291471048513 2.5000000000000004 24.500000000000004 3.607591831140351
decision_type=2 2 2 2 2
left_child=1 -1 -3 4 -2
right_child=3 2 -4 -5 -6
leaf_value=-0.41829464918791465 -0.44867517875950169 0.145253027767584 -0.32253177795925381 -0.65077181788218919 0.02774872543892273
leaf_weight=5.9999999999999991 4.9999999999999982 72 5.9999999999999991 5.9999999999999991 5
leaf_count=6 5 72 6 6 5
internal_value=-2.08728e-05 0.0715333 0.109243 -0.375705 -0.210398
internal_weight=100 84 78 16 10
internal_count=100 84 78 16 10
is_linear=0
shrinkage=0.048919


Tree=25
num_leaves=7
num_cat=0
split_feature=1 25 14 13 40 4
split_gain=1016.34 614.98 878.587 399.284 266.737 89.5656
threshold=24.109580248357407 0.24690867846160872 -11.162488970465821 6.7843041406079987 30060.000000000004 24.500000000000004
decision_type=2 2 2 2 2 2
left_child=1 2 -1 -2 -3 -5
right_child=3 4 -4 5 -6 -7
leaf_value=-0.28551611230277285 -0.041580836577523275 0.26412060317853531 0.14365291298081206 -0.39918502500931041 -0.11907263930571113 -0.69343484026507352
leaf_weight=20.999999999999996 5.9999999999999991 33 25.000000000000004 4.9999999999999982 4.9999999999999991 5
leaf_count=21 6 33 25 5 5 5
internal_value=-2.28265e-05 0.0680315 -0.0522502 -0.357335 0.213662 -0.546594
internal_weight=100 84 46 16 38 10
internal_count=100 84 46 16 38 10
is_linear=0
shrinkage=0.048919


Tree=26
num_leaves=7
num_cat=0
split_feature=0 14 0 43 43 43
split_gain=1085.74 818.089 437.638 548.161 466.06 292.988
threshold=16.500000000000004 -12.766608391608385 13.500000000000002 105.50000000000001 123.50000000000001 131.50000000000003
decision_type=2 2 2 2 2 2
left_child=2 -2 3 -1 -4 -3
right_child=1 5 4 -5 -6 -7
leaf_value=-0.28757032728797838 -0.66820988998536557 0.23712248847393688 0.18918906032584781 0.25883131128348008 -0.16329641368449244 -0.26974277311596728
leaf_weight=4.9999999999999991 9.0000000000000018 4.9999999999999982 13.999999999999998 36 25 6
leaf_count=5 9 5 14 36 25 6
internal_value=-2.45452e-05 -0.322391 0.0805601 0.192151 -0.0367261 -0.0392327
internal_weight=100 20 80 41 39 11
internal_count=100 20 80 41 39 11
is_linear=0
shrinkage=0.048919


Tree=27
num_leaves=7
num_cat=0
split_feature=0 31 21 37 27 7
split_gain=982.129 767.976 441.649 414.841 728.979 132.833
threshold=16.500000000000004 7417.0000000000009 60.500000000000007 1.0000000180025095e-35 4.1996341839288984 27.272816420371328
decision_type=2 2 2 2 2 2
left_child=3 2 -2 4 -1 -5
right_child=1 -3 -4 5 -6 -7
leaf_value=-0.36585182951586054 -0.4100611414854658 -0.67781052662348251 0.19171267375101816 0.18912649360222147 0.090152959576450808 0.47139336090148715
leaf_weight=9.9999999999999982 5.0000000000000018 7.9999999999999991 7 12.000000000000002 52 5.9999999999999991
leaf_count=10 5 8 7 12 52 6
internal_value=-2.43391e-05 -0.306625 -0.0589593 0.0766184 0.0165698 0.283346
internal_weight=100 20 12 80 62 18
internal_count=100 20 12 80 62 18
is_linear=0
shrinkage=0.048919


Tree=28
num_leaves=7
num_cat=0
split_feature=0 31 17 43 1 43
split_gain=926.123 896.22 490.59 469.697 283.733 275.125
threshold=13.500000000000002 5304.0000000000009 -40955.229662698395 105.50000000000001 21.234589342107281 124.50000000000001
decision_type=2 2 2 2 2 2
left_child=3 5 -3 -1 -5 -2
right_child=1 2 -4 4 -6 -7
leaf_value=-0.26550958409193987 0.21287777781928091 -0.50317592447673321 -0.11921232170134317 0.31367261856062884 -0.016508441738353898 -0.1048501138495994
leaf_weight=4.9999999999999991 16.000000000000004 14.999999999999998 17 28 7.9999999999999991 10.999999999999998
leaf_count=5 16 15 17 28 8 11
internal_value=-2.26329e-05 -0.124135 -0.299264 0.178543 0.240268 0.0833888
internal_weight=100 59 32 41 36 27
internal_count=100 59 32 41 36 27
is_linear=0
shrinkage=0.048919


Tree=29
num_leaves=7
num_cat=0
split_feature=0 17 39 2 17 32
split_gain=837.726 744.207 886.013 413.042 323.739 449.418
threshold=13.500000000000002 -43752.196386946373 17.952088009404644 850.50000000000011 -9644.9192533539863 93.500000000000014
decision_type=2 2 2 2 2 2
left_child=4 2 -2 -3 5 -1
right_child=1 3 -4 -5 -6 -7
leaf_value=-0.27238326598274909 -0.65190660719730142 0.055114809471741716 0.086857905065878135 -0.38318949143389536 0.50178578155340647 0.19258273630388684
leaf_weight=5.9999999999999991 11.000000000000002 36 5.9999999999999991 5.9999999999999991 5.9999999999999991 29
leaf_count=6 11 36 6 6 6 29
internal_value=-2.34484e-05 -0.118064 -0.391121 -0.00749201 0.169806 0.112822
internal_weight=100 59 17 42 41 35
internal_count=100 59 17 42 41 35
is_linear=0
shrinkage=0.048919


Tree=30
num_leaves=8
num_cat=0
split_feature=0 1 24 18 24 25 27
split_gain=762.64 883.404 562.74 448.128 540.055 172.362 99.7494
threshold=14.500000000000002 17.559448545698881 55.500000000000007 -4.5677083333333313 45.500000000000007 0.24690867846160872 5.3920247609156666
decision_type=2 2 2 2 2 2 2
left_child=3 5 -3 4 -1 -2 -5
right_child=1 2 -4 6 -6 -7 -8
leaf_value=0.36148869825039009 -0.055610837389054368 -0.78817930371601808 -0.21547548511375245 0.34680833120785493 -0.096056563325373254 0.28268184042954914 0.097798185816577468
leaf_weight=7.9999999999999991 5.9999999999999991 5.0000000000000027 23 17.000000000000004 27 8.9999999999999982 4.9999999999999991
leaf_count=8 6 5 23 17 27 9 5
internal_value=-2.17285e-05 -0.155568 -0.31786 0.1173 0.00851026 0.147296 0.290293
internal_weight=100 43 28 57 35 15 22
internal_count=100 43 28 57 35 15 22
is_linear=0
shrinkage=0.048919


Tree=31
num_leaves=7
num_cat=0
split_feature=0 31 25 16 16 7
split_gain=706.502 602.252 309.728 509.445 301.947 288.908
threshold=16.500000000000004 7417.0000000000009 0.29348022270641183 10.444537163096152 5.5905237924723474 22.725952909065885
decision_type=2 2 2 2 2 2
left_child=2 5 3 -1 -4 -2
right_child=1 -3 4 -5 -6 -7
leaf_value=0.15792931991710563 0.16198496373135959 -0.58876839243978629 -0.0073837957671028043 -0.12265282338734329 0.40340876011006671 -0.32472710071461569
leaf_weight=30 7.0000000000000018 7.9999999999999991 7.0000000000000027 32 10.999999999999998 5
leaf_count=30 7 8 7 32 11 5
internal_value=-2.01413e-05 -0.260065 0.0649824 0.0130934 0.24361 -0.0407356
internal_weight=100 20 80 62 18 12
internal_count=100 20 80 62 18 12
is_linear=0
shrinkage=0.048919


Tree=32
num_leaves=6
num_cat=0
split_feature=0 31 17 2 17
split_gain=646.187 672.293 438.848 277.608 192.506
threshold=13.500000000000002 10979.500000000002 -14577.691134751778 169.50000000000003 -52496.095190990054
decision_type=2 2 2 2 2
left_child=3 2 -2 -1 -5
right_child=1 -3 -4 4 -6
leaf_value=-0.19221569035157671 -0.12399307533097928 -0.49285120796915249 0.19874488953560826 -0.033487142287042568 0.25216924445406591
leaf_weight=4.9999999999999991 36 8.9999999999999982 13.999999999999998 6.9999999999999991 29
leaf_count=5 36 9 14 7 29
internal_value=-1.96075e-05 -0.103693 -0.0335949 0.149135 0.196592
internal_weight=100 59 50 41 36
internal_count=100 59 50 41 36
is_linear=0
shrinkage=0.048919


Tree=33
num_leaves=7
num_cat=0
split_feature=0 14 37 7 26 7
split_gain=592.878 549.025 290.881 485.872 171.275 130.31
threshold=16.500000000000004 -12.766608391608385 1.0000000180025095e-35 27.500836776934573 16.500000000000004 27.272816420371328
decision_type=2 2 2 2 2 2
left_child=2 -2 3 -1 -3 -4
right_child=1 4 5 -5 -6 -7
leaf_value=0.058121048470910021 -0.52153169378041786 -0.21776218497301761 0.13934643534772811 -0.37451084896498599 0.16979478870085202 0.41883702479684293
leaf_weight=55 9.0000000000000018 4.9999999999999982 12.000000000000002 6.9999999999999991 6 5.9999999999999991
leaf_count=55 9 5 12 7 6 6
internal_value=-1.98209e-05 -0.238239 0.0595257 0.00923992 -0.00626337 0.232633
internal_weight=100 20 80 62 11 18
internal_count=100 20 80 62 11 18
is_linear=0
shrinkage=0.048919


Tree=34
num_leaves=4
num_cat=0
split_feature=18 27 38
split_gain=530.182 517.86 491.029
threshold=-26.244791666666664 5.6522479755398409 2.5000000000000004
decision_type=2 2 2
left_child=-1 2 -2
right_child=1 -3 -4
leaf_value=-0.35813859231025347 0.10477825244921951 -0.36874015509111735 -0.32304400044102694
leaf_weight=8.9999999999999982 77 6.9999999999999991 6.9999999999999991
leaf_count=9 77 7 7
internal_value=-1.80776e-05 0.0353968 0.0691014
internal_weight=100 91 84
internal_count=100 91 84
is_linear=0
shrinkage=0.048919


Tree=35
num_leaves=7
num_cat=0
split_feature=0 31 21 31 16 1
split_gain=544.693 540.488 406.219 258.343 226.336 179.639
threshold=13.500000000000002 5304.0000000000009 54.500000000000007 3987.0000000000005 14.981944444444446 21.234589342107281
decision_type=2 2 2 2 2 2
left_child=3 4 -3 -1 -2 -5
right_child=1 2 -4 5 -6 -7
leaf_value=-0.1923708517628602 0.14168735027865445 -0.56057880701550722 -0.1388795087859509 0.24111178835124589 -0.19887800604571509 -0.021584811605442258
leaf_weight=4.9999999999999991 21.000000000000004 6.9999999999999991 25 28 5.9999999999999991 7.9999999999999991
leaf_count=5 21 7 25 28 6 8
internal_value=-1.91491e-05 -0.0952042 -0.231208 0.136921 0.0659461 0.182703
internal_weight=100 59 32 41 27 36
internal_count=100 59 32 41 27 36
is_linear=0
shrinkage=0.048919


Tree=36
num_leaves=7
num_cat=0
split_feature=0 1 24 14 31 21
split_gain=493.019 599.494 445.414 398.415 472.554 153.334
threshold=14.500000000000002 17.559448545698881 55.500000000000007 -2.9413104501132703 3987.0000000000005 57.500000000000007
decision_type=2 2 2 2 2 2
left_child=3 5 -3 4 -1 -2
right_child=1 2 -4 -5 -6 -7
leaf_value=-0.27816242522278734 0.013645122714293748 -0.67720499767554299 -0.16769320630881751 0.41434150996986696 0.11409463440214172 0.34551261193590216
leaf_weight=8.9999999999999982 9.9999999999999982 5.0000000000000027 23 7.9999999999999991 40 4.9999999999999991
leaf_count=9 10 5 23 8 40 5
internal_value=-2.04802e-05 -0.125087 -0.258783 0.0943071 0.0420094 0.124397
internal_weight=100 43 28 57 49 15
internal_count=100 43 28 57 49 15
is_linear=0
shrinkage=0.048919


Tree=37
num_leaves=6
num_cat=0
split_feature=0 31 14 2 14
split_gain=454.558 457.907 323.775 218.059 158.548
threshold=13.500000000000002 10979.500000000002 -21.605291471048513 214.50000000000003 -16.746990740740735
decision_type=2 2 2 2 2
left_child=3 2 -2 -1 -5
right_child=1 -3 -4 4 -6
leaf_value=-0.14723334383308756 -0.40245778822161776 -0.40814588838534238 0.012360719306586056 0.0070446854991399197 0.23764899861132496
leaf_weight=5.9999999999999991 4.9999999999999991 8.9999999999999982 45 9.9999999999999982 25
leaf_count=6 5 9 45 10 25
internal_value=-1.85726e-05 -0.0869733 -0.0291167 0.125078 0.171804
internal_weight=100 59 50 41 35
internal_count=100 59 50 41 35
is_linear=0
shrinkage=0.048919


Tree=38
num_leaves=4
num_cat=0
split_feature=18 27 38
split_gain=415.824 393.802 420.58
threshold=-26.244791666666664 5.6522479755398409 2.5000000000000004
decision_type=2 2 2
left_child=-1 2 -2
right_child=1 -3 -4
leaf_value=-0.31717448064311743 0.093757054324170863 -0.32107254222152948 -0.30218663785577643
leaf_weight=8.9999999999999982 77 6.9999999999999991 6.9999999999999991
leaf_count=9 77 7 7
internal_value=-1.80363e-05 0.0313443 0.0607374
internal_weight=100 91 84
internal_count=100 91 84
is_linear=0
shrinkage=0.048919


Tree=39
num_leaves=7
num_cat=0
split_feature=0 43 39 43 39 17
split_gain=402.914 421.682 388.776 306.387 188.67 185.123
threshold=13.500000000000002 124.50000000000001 17.952088009404644 105.50000000000001 11.833030540408052 -9644.9192533539863
decision_type=2 2 2 2 2 2
left_child=3 4 -3 -1 -2 -5
right_child=1 2 -4 5 -6 -7
leaf_value=-0.24087176428764079 0.19769201420261248 -0.27262671130420596 0.082598413499594833 0.12298361142134136 -0.11322747265891028 0.44385392419880432
leaf_weight=4.9999999999999991 14.000000000000002 28 9.9999999999999982 31 6.9999999999999991 4.9999999999999991
leaf_count=5 14 28 10 31 7 5
internal_value=-1.897e-05 -0.0818859 -0.179114 0.117756 0.0939906 0.167616
internal_weight=100 59 38 41 21 36
internal_count=100 59 38 41 21 36
is_linear=0
shrinkage=0.048919


Tree=40
num_leaves=7
num_cat=0
split_feature=17 42 39 34 17 13
split_gain=369.641 497.329 394.369 235.349 128.26 63.9948
threshold=-42361.320434544417 5970.0000000000009 17.952088009404644 1680.0000000000002 -39067.173611111117 5.6647959533865988
decision_type=2 2 2 2 2 2
left_child=1 2 -1 4 -2 -3
right_child=3 5 -4 -5 -6 -7
leaf_value=-0.42672688605851 0.33340878510585431 0.0138342908755424 0.047084644282319538 -0.17189271621257604 0.07477568929317073 0.26159114066488676
leaf_weight=14.000000000000005 4.9999999999999991 4.9999999999999982 5.9999999999999991 8.9999999999999982 56 5
leaf_count=14 5 5 6 9 56 5
internal_value=-1.64923e-05 -0.143688 -0.284534 0.0615422 0.0960107 0.137879
internal_weight=100 30 20 70 61 10
internal_count=100 30 20 70 61 10
is_linear=0
shrinkage=0.048919


Tree=41
num_leaves=7
num_cat=0
split_feature=14 25 42 21 38 17
split_gain=348.94 468.645 383.932 334.947 269.961 128.764
threshold=-12.766608391608385 0.25091619620460087 7290.0000000000009 48.000000000000007 2.5000000000000004 -9644.9192533539863
decision_type=2 2 2 2 2 2
left_child=1 2 -1 -3 5 -2
right_child=4 3 -4 -5 -6 -7
leaf_value=-0.30923473484296299 0.057397267081166083 0.44330298882051627 0.12998057326773618 -0.039392699242535578 -0.22694465600970201 0.22023373435148305
leaf_weight=23.000000000000004 30 4.9999999999999991 5.9999999999999991 10.999999999999998 5.9999999999999991 19
leaf_count=23 30 5 6 11 6 19
internal_value=-1.30229e-05 -0.101047 -0.218315 0.111423 0.0826291 0.120573
internal_weight=100 45 29 16 55 49
internal_count=100 45 29 16 55 49
is_linear=0
shrinkage=0.048919


Tree=42
num_leaves=7
num_cat=0
split_feature=0 43 39 43 29 17
split_gain=345.442 355.366 346.359 269.927 233.279 156.876
threshold=13.500000000000002 124.50000000000001 17.952088009404644 105.50000000000001 0.86427538202239906 -9644.9192533539863
decision_type=2 2 2 2 2 2
left_child=3 4 -3 -1 -2 -5
right_child=1 2 -4 5 -6 -7
leaf_value=-0.22756771574509285 0.21355669659602111 -0.25333736715952204 0.081946169412643155 0.1147500338267602 -0.12207648628706008 0.41014232636716769
leaf_weight=4.9999999999999991 13.000000000000002 28 9.9999999999999982 31 7.9999999999999991 4.9999999999999991
leaf_count=5 13 28 10 31 8 5
internal_value=-1.07584e-05 -0.0758154 -0.165072 0.109041 0.085637 0.155842
internal_weight=100 59 38 41 21 36
internal_count=100 59 38 41 21 36
is_linear=0
shrinkage=0.048919


Tree=43
num_leaves=4
num_cat=0
split_feature=18 3 23
split_gain=302.482 336.775 235.775
threshold=-26.244791666666664 88.0722713864307 16.469791666666669
decision_type=2 2 2
left_child=-1 2 -2
right_child=1 -3 -4
leaf_value=-0.27051114686084737 0.30448813700999461 -0.32735361213920344 0.025473467762511023
leaf_weight=8.9999999999999982 7.9999999999999991 5.9999999999999991 77
leaf_count=9 8 6 77
internal_value=-8.68442e-06 0.0267381 0.051758
internal_weight=100 91 85
internal_count=100 91 85
is_linear=0
shrinkage=0.048919


Tree=44
num_leaves=7
num_cat=0
split_feature=0 9 17 31 21 25
split_gain=304.063 433.633 334.739 393.608 325.696 28.0415
threshold=14.500000000000002 24.500000000000004 -9644.9192533539863 3987.0000000000005 61.500000000000007 0.23737474268928074
decision_type=2 2 2 2 2 2
left_child=2 -2 3 -1 -3 -4
right_child=1 4 5 -5 -6 -7
leaf_value=-0.29312360050281588 0.25392377872772826 -0.22586410099534757 0.41341020902153125 0.083495184545278947 0.1994039927850339 0.24821968128629082
leaf_weight=7.9999999999999991 6.9999999999999991 31 4.9999999999999982 39 4.9999999999999991 5
leaf_count=8 7 31 5 39 5 5
internal_value=-8.02002e-06 -0.0982286 0.0740672 0.0193489 -0.166753 0.331037
internal_weight=100 43 57 47 36 10
internal_count=100 43 57 47 36 10
is_linear=0
shrinkage=0.048919


Tree=45
num_leaves=6
num_cat=0
split_feature=14 40 24 38 34
split_gain=270.724 543.025 329.175 226.886 105.884
threshold=-12.766608391608385 21600.000000000004 45.500000000000007 2.5000000000000004 990.00000000000011
decision_type=2 2 2 2 2
left_child=1 -1 -3 4 -2
right_child=3 2 -4 -5 -6
leaf_value=-0.52213904396005872 0.068827604843833518 0.3481485631648561 -0.076834684483510732 -0.21101149657010793 0.24125858355340182
leaf_weight=5.9999999999999991 38 4.9999999999999991 34 5.9999999999999991 10.999999999999998
leaf_count=6 38 5 34 6 11
internal_value=-4.19217e-06 -0.0889986 -0.0222954 0.0727873 0.107574
internal_weight=100 45 39 55 49
internal_count=100 45 39 55 49
is_linear=0
shrinkage=0.048919


Tree=46
num_leaves=6
num_cat=0
split_feature=0 21 20 15 23
split_gain=269.636 332.024 270.695 173.144 322.454
threshold=16.500000000000004 61.500000000000007 12.500000000000002 584.29421116867559 24.693750000000005
decision_type=2 2 2 2 2
left_child=3 2 -2 4 -1
right_child=1 -3 -4 -5 -6
leaf_value=0.081793324517511298 -0.56961961958657481 0.1843421542716176 -0.12857662014860261 0.29283982715804324 -0.14812591587531082
leaf_weight=54 5.0000000000000027 4.9999999999999991 9.9999999999999982 5.9999999999999991 20
leaf_count=54 5 5 10 6 20
internal_value=-3.58122e-06 -0.160659 -0.275757 0.0401487 0.0196325
internal_weight=100 20 15 80 74
internal_count=100 20 15 80 74
is_linear=0
shrinkage=0.048919


Tree=47
num_leaves=6
num_cat=0
split_feature=0 32 14 2 24
split_gain=247.983 277.244 208.319 159.998 127.525
threshold=13.500000000000002 85.500000000000014 -12.766608391608385 169.50000000000003 45.500000000000007
decision_type=2 2 2 2 2
left_child=3 -2 -3 -1 -5
right_child=1 2 -4 4 -6
leaf_value=-0.16673492094623635 0.2508008071971724 -0.20256477369183792 -0.0082391588802153606 0.28792050460230528 0.075190108912861958
leaf_weight=4.9999999999999991 5.9999999999999991 25 28 8.9999999999999982 27
leaf_count=5 6 25 28 9 27
internal_value=-3.19413e-06 -0.0642324 -0.0999321 0.0923913 0.128427
internal_weight=100 59 53 41 36
internal_count=100 59 53 41 36
is_linear=0
shrinkage=0.048919


Tree=48
num_leaves=4
num_cat=0
split_feature=3 18 23
split_gain=243.88 258.5 186.8
threshold=88.0722713864307 -26.244791666666664 16.469791666666669
decision_type=2 2 2
left_child=1 -1 -3
right_child=-2 2 -4
leaf_value=-0.2448229404431477 -0.27841019991279808 0.27094086788345123 0.022585946429183056
leaf_weight=7.9999999999999991 6.9999999999999991 7.9999999999999991 77
leaf_count=8 7 8 77
internal_value=-2.08305e-06 0.0209478 0.0459838
internal_weight=100 93 85
internal_count=100 93 85
is_linear=0
shrinkage=0.048919


Tree=49
num_leaves=6
num_cat=0
split_feature=25 15 14 1 23
split_gain=222.483 320.663 240.518 110.421 188.649
threshold=0.24690867846160872 584.29421116867559 -12.766608391608385 20.141979496981001 21.904166666666672
decision_type=2 2 2 2 2
left_child=1 2 -1 4 -2
right_child=3 -3 -4 -5 -6
leaf_value=-0.20443878670048954 0.072860042174998696 0.27954294324394191 0.0021354278315495394 -0.073086525229402025 0.37723531263882232
leaf_weight=26 26 5.9999999999999991 28 7.9999999999999991 5.9999999999999991
leaf_count=26 26 6 28 8 6
internal_value=-1.68605e-06 -0.0595905 -0.0973084 0.0893478 0.129999
internal_weight=100 60 54 40 32
internal_count=100 60 54 40 32
is_linear=0
shrinkage=0.048919


Tree=50
num_leaves=4
num_cat=0
split_feature=3 18 7
split_gain=223.585 224.143 155.349
threshold=88.0722713864307 -26.244791666666664 12.70399355540232
decision_type=2 2 2
left_child=1 -1 -3
right_child=-2 2 -4
leaf_value=-0.22741769734535247 -0.26657199752363653 -0.19648985116577417 0.061613377507368949
leaf_weight=7.9999999999999991 6.9999999999999991 5.9999999999999991 79
leaf_count=8 7 6 79
internal_value=0 0.0200596 0.0433734
internal_weight=100 93 85
internal_count=100 93 85
is_linear=0
shrinkage=0.048919


Tree=51
num_leaves=5
num_cat=0
split_feature=3 17 36 31
split_gain=202.25 208.778 181.758 153.976
threshold=88.0722713864307 -9644.9192533539863 3571.7061997809851 3987.0000000000005
decision_type=2 2 2 2
left_child=1 2 -1 -3
right_child=-2 3 -4 -5
leaf_value=0.0453416899030398 -0.25353694994569892 0.025433254019362746 -0.11009345317108526 0.31173725864890217
leaf_weight=45 6.9999999999999991 9.0000000000000018 30 8.9999999999999982
leaf_count=45 7 9 30 9
internal_value=-6.58411e-07 0.0190764 -0.0168173 0.168683
internal_weight=100 93 75 18
internal_count=100 93 75 18
is_linear=0
shrinkage=0.048919


Tree=52
num_leaves=7
num_cat=0
split_feature=0 9 17 31 21 41
split_gain=205.307 310.091 255.36 285.074 252.98 20.9176
threshold=14.500000000000002 24.500000000000004 -9644.9192533539863 3987.0000000000005 56.500000000000007 1.5318399705014747
decision_type=2 2 2 2 2 2
left_child=2 -2 3 -1 -3 -4
right_child=1 4 5 -5 -6 -7
leaf_value=-0.25284921685449208 0.21707202849468479 -0.29208769323538269 0.35650336965251511 0.067666960804670648 -0.028984975848319067 0.21369634887090203
leaf_weight=7.9999999999999991 6.9999999999999991 14.999999999999998 4.9999999999999982 39 21 5
leaf_count=8 7 15 5 39 21 5
internal_value=0 -0.0807108 0.060867 0.0130719 -0.138661 0.285309
internal_weight=100 43 57 47 36 10
internal_count=100 43 57 47 36 10
is_linear=0
shrinkage=0.048919


Tree=53
num_leaves=6
num_cat=0
split_feature=0 1 29 25 37
split_gain=186.911 250.855 206.095 148.514 161.336
threshold=16.500000000000004 17.559448545698881 0.69031150492197602 0.33995918382616169 1.0000000180025095e-35
decision_type=2 2 2 2 2
left_child=3 -2 -3 4 -1
right_child=1 2 -4 -5 -6
leaf_value=-0.021975209450059527 0.16610280709729708 -0.1053707866207878 -0.49022536528775651 0.2674576566520967 0.15767645708851691
leaf_weight=59 5.0000000000000027 9.9999999999999982 4.9999999999999991 5.9999999999999991 14.999999999999998
leaf_count=59 5 10 5 6 15
internal_value=0 -0.133759 -0.23381 0.0334303 0.0144283
internal_weight=100 20 15 80 74
internal_count=100 20 15 80 74
is_linear=0
shrinkage=0.048919


Tree=54
num_leaves=4
num_cat=0
split_feature=27 17 11
split_gain=173.51 153.753 140.163
threshold=5.6522479755398409 -74609.507540164181 51.500000000000007
decision_type=2 2 2
left_child=1 -1 -3
right_child=-2 2 -4
leaf_value=-0.18729113190514587 -0.23483051944445879 0.11027093048457229 -0.016839261044502663
leaf_weight=7.9999999999999991 6.9999999999999991 36 49
leaf_count=8 7 36 49
internal_value=0 0.0176715 0.0369827
internal_weight=100 93 85
internal_count=100 93 85
is_linear=0
shrinkage=0.048919


Tree=55
num_leaves=6
num_cat=0
split_feature=25 15 13 40 2
split_gain=162.715 246.656 168.908 131.958 166.241
threshold=0.24690867846160872 584.29421116867559 6.7843041406079987 30060.000000000004 781.00000000000011
decision_type=2 2 2 2 2
left_child=1 2 -1 4 -2
right_child=3 -3 -4 -5 -6
leaf_value=-0.042755002176707343 0.17275154111276766 0.24646859577922831 -0.26551869124796995 -0.15850126932640285 -0.071075555137138077
leaf_weight=44 26 5.9999999999999991 9.9999999999999982 4.9999999999999991 8.9999999999999982
leaf_count=44 26 6 10 5 9
internal_value=0 -0.0509604 -0.084043 0.0764109 0.110016
internal_weight=100 60 54 40 35
internal_count=100 60 54 40 35
is_linear=0
shrinkage=0.048919


Tree=56
num_leaves=8
num_cat=0
split_feature=0 17 31 43 16 33 41
split_gain=151.265 216.657 244.584 214.998 236.514 216.099 22.1418
threshold=14.500000000000002 -9644.9192533539863 3987.0000000000005 129.50000000000003 13.965116160944737 3.2632185612597073 1.5318399705014747
decision_type=2 2 2 2 2 2 2
left_child=1 2 -1 4 -2 -5 -3
right_child=3 6 -4 5 -6 -7 -8
leaf_value=-0.23809454179391587 -0.049087783159728109 0.33212720793951689 0.058789740316127423 0.0079821254930245705 0.33623593251281764 -0.30369993344181861 0.18542396093515282
leaf_weight=7.9999999999999991 16.000000000000004 4.9999999999999982 39 9.0000000000000018 4.9999999999999991 12.999999999999998 5
leaf_count=8 16 5 39 9 5 13 5
internal_value=0 0.0522437 0.00821779 -0.0692801 0.0426293 -0.176152 0.258977
internal_weight=100 57 47 43 21 22 10
internal_count=100 57 47 43 21 22 10
is_linear=0
shrinkage=0.048919


Tree=57
num_leaves=4
num_cat=0
split_feature=18 23 15
split_gain=140.963 153.282 207.219
threshold=-26.244791666666664 16.469791666666669 168.2098466948438
decision_type=2 2 2
left_child=-1 -2 -3
right_child=1 2 -4
leaf_value=-0.1846619247504809 0.22272040831436446 -0.30665404611989933 0.018118148460706186
leaf_weight=8.9999999999999982 7.9999999999999991 4.9999999999999991 78
leaf_count=9 8 5 78
internal_value=0 0.0182579 -0.00144119
internal_weight=100 91 83
internal_count=100 91 83
is_linear=0
shrinkage=0.048919


Tree=58
num_leaves=7
num_cat=0
split_feature=0 14 39 15 41 0
split_gain=135.518 195.079 252.542 152.401 134.438 129.304
threshold=12.500000000000002 -12.766608391608385 17.952088009404644 256.07738871473117 4.7166666666666677 15.500000000000002
decision_type=2 2 2 2 2 2
left_child=3 2 -2 -1 -5 -3
right_child=1 5 -4 4 -6 -7
leaf_value=-0.079596023026863055 -0.20241551550742906 0.11065706923154341 0.090089893807103749 0.41591533518712509 0.083516905870063579 -0.050450803765791856
leaf_weight=6.0000000000000027 24 26 9.9999999999999982 4.9999999999999982 7 22
leaf_count=6 24 26 10 5 7 22
internal_value=0 -0.0266916 -0.116347 0.121527 0.222188 0.036791
internal_weight=100 82 34 18 12 48
internal_count=100 82 34 18 12 48
is_linear=0
shrinkage=0.048919


Tree=59
num_leaves=4
num_cat=0
split_feature=3 18 15
split_gain=148.606 141.62 151.07
threshold=88.0722713864307 -26.244791666666664 470.03550035542247
decision_type=2 2 2
left_child=1 -1 -3
right_child=-2 2 -4
leaf_value=-0.1803528730557406 -0.21732460104287432 0.0071566949971584616 0.18835368875296024
leaf_weight=7.9999999999999991 6.9999999999999991 72 12.999999999999998
leaf_count=8 7 72 13
internal_value=0 0.0163554 0.0348895
internal_weight=100 93 85
internal_count=100 93 85
is_linear=0
shrinkage=0.048919


Tree=60
num_leaves=4
num_cat=0
split_feature=27 14 7
split_gain=133.351 145.072 126.851
threshold=5.6522479755398409 -25.009665409715975 12.70399355540232
decision_type=2 2 2
left_child=1 -1 -3
right_child=-2 2 -4
leaf_value=-0.18359982128778157 -0.2058685120375699 -0.18249580135281482 0.050735461164224498
leaf_weight=7.9999999999999991 6.9999999999999991 5.9999999999999991 79
leaf_count=8 7 6 79
internal_value=0 0.0154929 0.0342515
internal_weight=100 93 85
internal_count=100 93 85
is_linear=0
shrinkage=0.048919


Tree=61
num_leaves=6
num_cat=0
split_feature=25 25 13 40 10
split_gain=126.18 185.683 234.268 115.205 157.688
threshold=0.24690867846160872 0.23737474268928074 6.7843041406079987 30060.000000000004 1.0000000180025095e-35
decision_type=2 2 2 2 2
left_child=1 2 -1 4 -2
right_child=3 -3 -4 -5 -6
leaf_value=0.03239514039561818 -0.021131580347799196 -0.30299147908646801 -0.22986674334645407 -0.15220265810303146 0.18861012886034401
leaf_weight=44 14.999999999999998 5.9999999999999991 9.9999999999999982 4.9999999999999991 20
leaf_count=44 15 6 10 5 20
internal_value=0 -0.0448758 -0.0161581 0.0672884 0.0986903
internal_weight=100 60 54 40 35
internal_count=100 60 54 40 35
is_linear=0
shrinkage=0.048919


Tree=62
num_leaves=5
num_cat=0
split_feature=38 14 40 0
split_gain=135.061 149.263 249.025 103.22
threshold=2.5000000000000004 -12.766608391608385 22260.000000000004 15.500000000000002
decision_type=2 2 2 2
left_child=1 2 -1 -3
right_child=-2 3 -4 -5
leaf_value=-0.37418318118814092 -0.19276638383906181 0.13163869242210258 -0.006991913286202793 -0.014021031777697946
leaf_weight=4.9999999999999991 7.9999999999999991 30 38 19
leaf_count=5 8 30 38 19
internal_value=0 0.0167559 -0.0497403 0.0751351
internal_weight=100 92 43 49
internal_count=100 92 43 49
is_linear=0
shrinkage=0.048919


Tree=63
num_leaves=4
num_cat=0
split_feature=38 27 13
split_gain=122.171 152.081 176.564
threshold=2.5000000000000004 5.6522479755398409 5.6647959533865988
decision_type=2 2 2
left_child=1 2 -1
right_child=-2 -3 -4
leaf_value=-0.04258127027612163 -0.18333985953161427 -0.22209836714585346 0.097930698681157696
leaf_weight=40 7.9999999999999991 5.9999999999999991 46
leaf_count=40 8 6 46
internal_value=-2.50109e-07 0.0159338 0.0325623
internal_weight=100 92 86
internal_count=100 92 86
is_linear=0
shrinkage=0.048919


Tree=64
num_leaves=5
num_cat=0
split_feature=23 37 42 34
split_gain=116.713 155.8 204.296 113.957
threshold=16.469791666666669 -3.879166666666666 1650.0000000000002 330.00000000000006
decision_type=2 2 2 2
left_child=-1 3 -3 -2
right_child=1 2 -4 -5
leaf_value=0.16800631863199295 0.020274929016069435 0.20580663605750854 -0.021871715927772237 -0.27074787739368561
leaf_weight=8.9999999999999982 4.9999999999999991 10.999999999999998 66 8.9999999999999982
leaf_count=9 5 11 66 9
internal_value=-1.35237e-06 -0.0166362 0.0106438 -0.166738
internal_weight=100 91 77 14
internal_count=100 91 77 14
is_linear=0
shrinkage=0.048919


Tree=65
num_leaves=5
num_cat=0
split_feature=38 17 39 7
split_gain=106.931 148.349 193.128 142.329
threshold=2.5000000000000004 -42361.320434544417 17.952088009404644 12.70399355540232
decision_type=2 2 2 2
left_child=1 2 -1 -3
right_child=-2 3 -4 -5
leaf_value=-0.1545682903154284 -0.17152429734931351 -0.16944418510459866 0.12778735392989479 0.080935670016213532
leaf_weight=21.000000000000004 7.9999999999999991 5.9999999999999991 7.9999999999999991 57
leaf_count=21 8 6 8 57
internal_value=0 0.0149064 -0.0766285 0.0570632
internal_weight=100 92 29 63
internal_count=100 92 29 63
is_linear=0
shrinkage=0.048919


Tree=66
num_leaves=7
num_cat=0
split_feature=0 43 16 37 5 13
split_gain=107.481 160.686 147.268 226.109 133.523 77.8925
threshold=12.500000000000002 123.50000000000001 9.9642253244986403 -1.5736111111111108 2588.5000000000005 5.8906623850737967
decision_type=2 2 2 2 2 2
left_child=1 -1 4 -4 -2 -3
right_child=2 5 3 -5 -6 -7
leaf_value=-0.12724698754222477 0.14734017554464007 0.1039414704070515 -0.015921291933368782 -0.26720514969948422 -0.033415789167282481 0.35041923138326575
leaf_weight=5.0000000000000027 17 7.9999999999999982 30 11.999999999999998 23 5
leaf_count=5 17 8 30 12 23 5
internal_value=-3.14113e-07 0.108224 -0.0237752 -0.0877603 0.043379 0.198895
internal_weight=100 18 82 42 40 13
internal_count=100 18 82 42 40 13
is_linear=0
shrinkage=0.048919


Tree=67
num_leaves=4
num_cat=0
split_feature=23 15 27
split_gain=99.3451 142.507 115.051
threshold=16.469791666666669 168.2098466948438 5.476780988478481
decision_type=2 2 2
left_child=-1 -2 -3
right_child=1 2 -4
leaf_value=0.15500260084817613 -0.2691576146518036 0.022202957221927399 -0.1410711631378892
leaf_weight=8.9999999999999982 4.9999999999999991 74 11.999999999999998
leaf_count=9 5 74 12
internal_value=-7.58003e-08 -0.0153484 -0.000568737
internal_weight=100 91 86
internal_count=100 91 86
is_linear=0
shrinkage=0.048919


Tree=68
num_leaves=7
num_cat=0
split_feature=36 35 35 37 23 29
split_gain=98.2958 199.312 183.498 197.767 119.377 91.5688
threshold=3571.7061997809851 132.66777907598726 156.7998448719953 -3.879166666666666 16.469791666666669 1.3050513936759842
decision_type=2 2 2 2 2 2
left_child=1 4 -2 -4 -1 -3
right_child=2 5 3 -5 -6 -7
leaf_value=0.147422468037751 -0.25383044766537827 0.10830296295111015 -0.19609027222809236 0.07608061224678446 -0.051731442426060592 0.36498794862559686
leaf_weight=8.9999999999999982 8.9999999999999982 9.9999999999999982 8.9999999999999982 22.000000000000004 36 4.9999999999999991
leaf_count=9 9 10 9 22 36 5
internal_value=0 0.0395873 -0.0594105 -0.00290683 -0.0118656 0.194003
internal_weight=100 60 40 31 45 15
internal_count=100 60 40 31 45 15
is_linear=0
shrinkage=0.048919


Tree=69
num_leaves=4
num_cat=0
split_feature=18 38 27
split_gain=95.5017 107.971 137.553
threshold=-26.244791666666664 2.5000000000000004 5.6522479755398409
decision_type=2 2 2
left_child=-1 2 -2
right_child=1 -3 -4
leaf_value=-0.15199812802050744 0.049177309664289737 -0.15654980987310085 -0.19392060650031248
leaf_weight=8.9999999999999982 77 7.9999999999999991 5.9999999999999991
leaf_count=9 77 8 6
internal_value=0 0.0150251 0.0315826
internal_weight=100 91 83
internal_count=100 91 83
is_linear=0
shrinkage=0.048919


Tree=70
num_leaves=4
num_cat=0
split_feature=3 42 23
split_gain=101.708 101.565 112.198
threshold=88.0722713864307 570.00000000000011 16.469791666666669
decision_type=2 2 2
left_child=1 -1 -3
right_child=-2 2 -4
leaf_value=0.18013147556520634 -0.17979630046942902 0.17216823707793366 -0.020279108933158659
leaf_weight=7.9999999999999991 6.9999999999999991 7.9999999999999991 77
leaf_count=8 7 8 77
internal_value=0 0.013525 -0.00214629
internal_weight=100 93 85
internal_count=100 93 85
is_linear=0
shrinkage=0.048919


Tree=71
num_leaves=4
num_cat=0
split_feature=18 38 27
split_gain=84.1811 95.4077 119.882
threshold=-26.244791666666664 2.5000000000000004 5.6522479755398409
decision_type=2 2 2
left_child=-1 2 -2
right_child=1 -3 -4
leaf_value=-0.14270643606484409 0.046097069025698746 -0.1471775414533916 -0.18084733241541245
leaf_weight=8.9999999999999982 77 7.9999999999999991 5.9999999999999991
leaf_count=9 77 8 6
internal_value=0 0.0141053 0.0296705
internal_weight=100 91 83
internal_count=100 91 83
is_linear=0
shrinkage=0.048919


Tree=72
num_leaves=5
num_cat=0
split_feature=21 0 7 39
split_gain=88.024 178.948 123.567 103.565
threshold=61.500000000000007 16.500000000000004 12.70399355540232 11.833030540408052
decision_type=2 2 2 2
left_child=1 2 -1 -3
right_child=-2 3 -4 -5
leaf_value=-0.21747426206969367 0.18160397139051454 0.015045204276968942 0.033708731718237066 -0.25737578304112091
leaf_weight=4.9999999999999991 5.9999999999999991 4.9999999999999991 74 9.9999999999999982
leaf_count=5 6 5 74 10
internal_value=-8.48828e-08 -0.0116105 0.0177877 -0.166499
internal_weight=100 94 79 15
internal_count=100 94 79 15
is_linear=0
shrinkage=0.048919


Tree=73
num_leaves=5
num_cat=0
split_feature=3 17 7 0
split_gain=85.3274 91.0333 100.214 79.3682
threshold=88.0722713864307 -9644.9192533539863 15.625062086276127 15.500000000000002
decision_type=2 2 2 2
left_child=1 2 -1 -3
right_child=-2 3 -4 -5
leaf_value=-0.16441956904657656 -0.1646834347545594 0.19311494842156321 0.0095570220781977522 -0.017424404890697201
leaf_weight=8.9999999999999982 6.9999999999999991 11.000000000000002 66 6.9999999999999991
leaf_count=9 7 11 66 7
internal_value=0 0.0123875 -0.0113088 0.111179
internal_weight=100 93 75 18
internal_count=100 93 75 18
is_linear=0
shrinkage=0.048919


Tree=74
num_leaves=7
num_cat=0
split_feature=0 43 14 39 0 33
split_gain=80.0935 136.747 111.433 177.382 73.4774 38.1391
threshold=12.500000000000002 123.50000000000001 -12.766608391608385 17.952088009404644 15.500000000000002 2.7498355711813627
decision_type=2 2 2 2 2 2
left_child=1 -1 3 -2 -4 -3
right_child=2 5 4 -5 -6 -7
leaf_value=-0.12379181945069311 -0.16042509523361081 0.26768245361130732 0.083135976123586267 0.084713152394655503 -0.038305546235891309 0.099147775041255187
leaf_weight=5.0000000000000027 24 5.9999999999999982 26 9.9999999999999982 22 7
leaf_count=5 24 6 26 10 22 7
internal_value=0 0.0934224 -0.0205247 -0.0882873 0.02745 0.177073
internal_weight=100 18 82 34 48 13
internal_count=100 18 82 34 48 13
is_linear=0
shrinkage=0.048919


Tree=75
num_leaves=5
num_cat=0
split_feature=21 0 20 7
split_gain=81.0653 152.331 147.529 107.726
threshold=61.500000000000007 16.500000000000004 12.500000000000002 12.70399355540232
decision_type=2 2 2 2
left_child=1 3 -3 -1
right_child=-2 2 -4 -5
leaf_value=-0.2036813786936279 0.1742795103807947 -0.37096334032396683 -0.045386518572142695 0.030848900850351944
leaf_weight=4.9999999999999991 5.9999999999999991 4.9999999999999991 9.9999999999999982 74
leaf_count=5 6 5 10 74
internal_value=0 -0.0111405 -0.154047 0.0159823
internal_weight=100 94 15 79
internal_count=100 94 15 79
is_linear=0
shrinkage=0.048919


Tree=76
num_leaves=7
num_cat=0
split_feature=36 23 37 7 24 39
split_gain=74.6339 137.906 131.634 113.492 101.83 78.3833
threshold=3571.7061997809851 21.904166666666672 0.42249999999999949 27.500836776934573 58.500000000000007 12.847503693226388
decision_type=2 2 2 2 2 2
left_child=1 4 3 -2 -1 -3
right_child=2 5 -4 -5 -6 -7
leaf_value=0.013943567167401074 -0.041272508552439739 -0.016588778349579652 0.1408017737943415 -0.25303197283864437 -0.2211877418790725 0.21108048776532756
leaf_weight=37 25 5.0000000000000027 6.9999999999999991 7.9999999999999991 4.9999999999999991 12.999999999999998
leaf_count=37 25 5 7 8 5 13
internal_value=0 0.0344946 -0.0517688 -0.0926641 -0.0140314 0.147776
internal_weight=100 60 40 33 42 18
internal_count=100 60 40 33 42 18
is_linear=0
shrinkage=0.048919


Tree=77
num_leaves=5
num_cat=0
split_feature=3 28 36 1
split_gain=71.7399 86.3846 98.786 18.5222
threshold=88.0722713864307 71.500000000000014 1187.0805323668351 19.17466425442861
decision_type=2 2 2 2
left_child=1 2 -1 -3
right_child=-2 3 -4 -5
leaf_value=0.20570979312737342 -0.15100382940756729 0.21388381848006816 -0.018524391836068653 0.080116971135113221
leaf_weight=4.9999999999999991 6.9999999999999991 4.9999999999999982 78 5
leaf_count=5 7 5 78 5
internal_value=0 0.0113578 -0.00499437 0.147169
internal_weight=100 93 83 10
internal_count=100 93 83 10
is_linear=0
shrinkage=0.048919


Tree=78
num_leaves=5
num_cat=0
split_feature=21 0 29 7
split_gain=69.7924 134.473 114.091 97.0918
threshold=61.500000000000007 16.500000000000004 0.69031150492197602 12.70399355540232
decision_type=2 2 2 2
left_child=1 3 -3 -1
right_child=-2 2 -4 -5
leaf_value=-0.1933927312587842 0.16170843892014605 -0.049025504447010662 -0.3353755135767631 0.029259966110450928
leaf_weight=4.9999999999999991 5.9999999999999991 9.9999999999999982 4.9999999999999991 74
leaf_count=5 6 10 5 74
internal_value=0 -0.010337 -0.144606 0.0151454
internal_weight=100 94 15 79
internal_count=100 94 15 79
is_linear=0
shrinkage=0.048919


Tree=79
num_leaves=7
num_cat=0
split_feature=36 15 14 33 40 33
split_gain=65.6025 129.546 120.777 116.003 166.735 63.2528
threshold=3571.7061997809851 584.29421116867559 9.2916666666666661 2.990404360903185 23199.000000000004 3.2632185612597073
decision_type=2 2 2 2 2 2
left_child=3 2 -2 4 -1 -5
right_child=1 -3 -4 5 -6 -7
leaf_value=-0.2469369088532547 -0.11895981308258215 0.18423939345458867 0.14058148604870044 0.25755549595855681 0.030004236110528153 0.055940926544885673
leaf_weight=5.9999999999999991 30 4.9999999999999991 4.9999999999999991 6.9999999999999991 39 7.9999999999999991
leaf_count=6 30 5 5 7 39 8
internal_value=0 -0.0485356 -0.0818378 0.0323402 -0.00690661 0.150144
internal_weight=100 40 35 60 45 15
internal_count=100 40 35 60 45 15
is_linear=0
shrinkage=0.048919


Tree=80
num_leaves=6
num_cat=0
split_feature=0 13 4 21 0
split_gain=66.8649 117.856 129.95 75.9485 84.3718
threshold=12.500000000000002 5.8906623850737967 21.500000000000004 61.500000000000007 16.500000000000004
decision_type=2 2 2 2 2
left_child=1 2 -1 4 -2
right_child=3 -3 -4 -5 -6
leaf_value=-0.13919394418149544 -0.0064102696479526062 0.26233231901189846 0.18724814027969675 0.14872728787260553 -0.13592727270989871
leaf_weight=7.0000000000000018 61 5.9999999999999991 5 5.9999999999999991 14.999999999999998
leaf_count=7 61 6 5 6 15
internal_value=0 0.0853626 -0.00305863 -0.01875 -0.0319937
internal_weight=100 18 12 82 76
internal_count=100 18 12 82 76
is_linear=0
shrinkage=0.048919


Tree=81
num_leaves=5
num_cat=0
split_feature=3 13 29 3
split_gain=62.6785 83.0619 139.224 116.897
threshold=88.0722713864307 5.6647959533865988 1.0429367359508914 68.189781746031755
decision_type=2 2 2 2
left_child=1 2 -1 -3
right_child=-2 3 -4 -5
leaf_value=0.026040865726589705 -0.14114167052023174 0.27718217743433926 -0.15979612223300754 0.028127590381526624
leaf_weight=27 6.9999999999999991 4.9999999999999991 14.999999999999998 46
leaf_count=27 7 5 15 46
internal_value=0 0.0106201 -0.0403058 0.0525838
internal_weight=100 93 42 51
internal_count=100 93 42 51
is_linear=0
shrinkage=0.048919


Tree=82
num_leaves=5
num_cat=0
split_feature=23 27 24 16
split_gain=56.1686 88.6932 112.989 101.605
threshold=16.469791666666669 4.1996341839288984 45.500000000000007 10.444537163096152
decision_type=2 2 2 2
left_child=-1 3 -3 -2
right_child=1 2 -4 -5
leaf_value=0.11655368716789921 0.017701931133887239 0.19564440855487716 -0.010307746192039668 -0.25641429257230541
leaf_weight=8.9999999999999982 5.9999999999999982 6.9999999999999991 71 7
leaf_count=9 6 7 71 7
internal_value=0 -0.0115372 0.00816548 -0.129826
internal_weight=100 91 78 13
internal_count=100 91 78 13
is_linear=0
shrinkage=0.048919


Tree=83
num_leaves=5
num_cat=0
split_feature=3 28 36 1
split_gain=57.1892 70.1143 74.6072 15.1922
threshold=88.0722713864307 71.500000000000014 1187.0805323668351 19.17466425442861
decision_type=2 2 2 2
left_child=1 2 -1 -3
right_child=-2 3 -4 -5
leaf_value=0.17852418666647468 -0.13481782817203505 0.19293442740156025 -0.016344504610393482 0.071739489344448529
leaf_weight=4.9999999999999991 6.9999999999999991 4.9999999999999982 78 5
leaf_count=5 7 5 78 5
internal_value=0 0.0101461 -0.00458437 0.132502
internal_weight=100 93 83 10
internal_count=100 93 83 10
is_linear=0
shrinkage=0.048919


Tree=84
num_leaves=4
num_cat=0
split_feature=16 7 3
split_gain=54.439 98.4525 73.5548
threshold=-1.5263888888888884 12.70399355540232 86.482278250042953
decision_type=2 2 2
left_child=-1 -2 -3
right_child=1 2 -4
leaf_value=0.11474728828511149 -0.22231782009246423 0.014385218148433349 -0.15103309943500298
leaf_weight=8.9999999999999982 4.9999999999999991 79 6.9999999999999991
leaf_count=9 5 79 7
internal_value=0 -0.011356 0.000901598
internal_weight=100 91 86
internal_count=100 91 86
is_linear=0
shrinkage=0.048919


Tree=85
num_leaves=7
num_cat=0
split_feature=36 43 23 23 3 39
split_gain=53.8526 114.064 122.159 111.945 105.337 69.726
threshold=3571.7061997809851 152.50000000000003 32.864583333333343 21.904166666666672 69.982198941292225 12.847503693226388
decision_type=2 2 2 2 2 2
left_child=3 2 -2 4 -1 -5
right_child=1 -3 -4 5 -6 -7
leaf_value=0.052644002175921703 -0.14411182229840325 0.13528731528170618 0.060599234979575804 -0.023642281159741312 -0.10388251682625543 0.19108252353838631
leaf_weight=24 23 6.9999999999999991 9.9999999999999982 5.0000000000000027 18 12.999999999999998
leaf_count=24 23 7 10 5 18 13
internal_value=0 -0.043969 -0.0820399 0.029307 -0.0144112 0.131372
internal_weight=100 40 33 60 42 18
internal_count=100 40 33 60 42 18
is_linear=0
shrinkage=0.048919


Tree=86
num_leaves=7
num_cat=0
split_feature=0 43 16 37 5 17
split_gain=52.3975 99.7611 71.7528 179.21 96.3359 40.0876
threshold=12.500000000000002 123.50000000000001 9.9642253244986403 -1.5736111111111108 2588.5000000000005 -34092.133851575454
decision_type=2 2 2 2 2 2
left_child=1 -1 4 -4 -2 -3
right_child=2 5 3 -5 -6 -7
leaf_value=-0.10993986815170997 0.11858534576029353 0.23986764387987428 0.0026132700610644803 -0.22100918335076097 -0.034950752922558351 0.067199359806686898
leaf_weight=5.0000000000000027 17 6.0000000000000009 30 11.999999999999998 23 6.9999999999999973
leaf_count=5 17 6 30 12 23 7
internal_value=0 0.0755696 -0.016594 -0.0612595 0.0302743 0.147025
internal_weight=100 18 82 42 40 13
internal_count=100 18 82 42 40 13
is_linear=0
shrinkage=0.048919


Tree=87
num_leaves=5
num_cat=0
split_feature=3 13 29 3
split_gain=53.2587 69.3002 111.008 91.4248
threshold=88.0722713864307 5.6647959533865988 1.0429367359508914 68.189781746031755
decision_type=2 2 2 2
left_child=1 2 -1 -3
right_child=-2 3 -4 -5
leaf_value=0.022518298438627373 -0.13009969944078936 0.24675697343702788 -0.14341911427100734 0.026493033767111325
leaf_weight=27 6.9999999999999991 4.9999999999999991 14.999999999999998 46
leaf_count=27 7 5 15 46
internal_value=0 0.00979408 -0.0367207 0.0481251
internal_weight=100 93 42 51
internal_count=100 93 42 51
is_linear=0
shrinkage=0.048919


Tree=88
num_leaves=5
num_cat=0
split_feature=28 11 1 14
split_gain=48.4093 82.368 127.802 74.3873
threshold=50.500000000000007 44.500000000000007 18.626025839051675 -12.766608391608385
decision_type=2 2 2 2
left_child=-1 2 -2 -3
right_child=1 3 -4 -5
leaf_value=-0.13468629481520975 0.31613536685966187 -0.060353991421032496 -0.033357466824511108 0.032661834830579856
leaf_weight=5.9999999999999991 4.9999999999999982 36 5 48
leaf_count=6 5 36 5 48
internal_value=0 0.00859958 0.141303 -0.00718773
internal_weight=100 94 10 84
internal_count=100 94 10 84
is_linear=0
shrinkage=0.048919


Tree=89
num_leaves=4
num_cat=0
split_feature=21 6 5
split_gain=50.2214 79.3308 72.8573
threshold=61.500000000000007 18.500000000000004 3135.5000000000005
decision_type=2 2 2
left_child=1 2 -1
right_child=-2 -3 -4
leaf_value=-0.017202065148059047 0.13718118222762993 -0.18082879200933408 0.10115729826413389
leaf_weight=73 5.9999999999999991 5.9999999999999991 14.999999999999998
leaf_count=73 6 6 15
internal_value=0 -0.0087619 0.0029611
internal_weight=100 94 88
internal_count=100 94 88
is_linear=0
shrinkage=0.048919


Tree=90
num_leaves=5
num_cat=0
split_feature=29 25 25 43
split_gain=46.6134 56.7061 176.7 73.2691
threshold=5.0569553263313525 0.24690867846160872 0.23737474268928074 152.50000000000003
decision_type=2 2 2 2
left_child=1 2 -1 -3
right_child=-2 3 -4 -5
leaf_value=-0.013412875191058339 0.11323795781865523 0.069266960650151491 -0.31810342183521356 -0.11790815227022675
leaf_weight=51 7.9999999999999991 30 4.9999999999999991 5.9999999999999991
leaf_count=51 8 30 5 6
internal_value=0 -0.00985163 -0.040655 0.038029
internal_weight=100 92 56 36
internal_count=100 92 56 36
is_linear=0
shrinkage=0.048919


Tree=91
num_leaves=5
num_cat=0
split_feature=38 17 40 38
split_gain=47.0393 67.3834 81.7252 61.7121
threshold=2.5000000000000004 -9644.9192533539863 21239.500000000004 1.0000000180025095e-35
decision_type=2 2 2 2
left_child=1 2 -1 -3
right_child=-2 3 -4 -5
leaf_value=-0.13432472982571914 -0.11375787358869775 -0.02331573676193608 0.010333401108892281 0.15929122367394605
leaf_weight=10.999999999999998 7.9999999999999991 7.0000000000000027 62 11.999999999999998
leaf_count=11 8 7 62 12
internal_value=0 0.00989265 -0.0114515 0.0919551
internal_weight=100 92 73 19
internal_count=100 92 73 19
is_linear=0
shrinkage=0.048919


Tree=92
num_leaves=5
num_cat=0
split_feature=3 13 2 3
split_gain=46.3104 61.6564 105.933 79.142
threshold=88.0722713864307 5.6647959533865988 500.00000000000006 68.189781746031755
decision_type=2 2 2 2
left_child=1 2 -1 -3
right_child=-2 3 -4 -5
leaf_value=0.008654773993006586 -0.12131775187778426 0.23009831840566972 -0.17370054741873944 0.025158817151875842
leaf_weight=32 6.9999999999999991 4.9999999999999991 9.9999999999999982 46
leaf_count=32 7 5 10 46
internal_value=0 0.00913166 -0.034742 0.0452876
internal_weight=100 93 42 51
internal_count=100 93 42 51
is_linear=0
shrinkage=0.048919


Tree=93
num_leaves=4
num_cat=0
split_feature=36 15 37
split_gain=42.3114 81.297 66.6101
threshold=1187.0805323668351 168.2098466948438 -3.879166666666666
decision_type=2 2 2
left_child=-1 -2 -3
right_child=1 2 -4
leaf_value=0.12591451115197042 -0.19992604288361529 -0.091243788898114256 0.021797066566294546
leaf_weight=5.9999999999999991 4.9999999999999991 14.999999999999998 74
leaf_count=6 5 15 74
internal_value=0 -0.00804318 0.00272867
internal_weight=100 94 89
internal_count=100 94 89
is_linear=0
shrinkage=0.048919


Tree=94
num_leaves=5
num_cat=0
split_feature=28 11 23 17
split_gain=44.775 69.9785 106.908 58.5132
threshold=50.500000000000007 44.500000000000007 23.548970037453188 -16405.563473928672
decision_type=2 2 2 2
left_child=-1 2 -2 -3
right_child=1 3 -4 -5
leaf_value=-0.12953324091941454 0.29049044192192597 -0.037519209968747816 -0.029140376846427996 0.047083342478646019
leaf_weight=5.9999999999999991 4.9999999999999982 53 5 31
leaf_count=6 5 53 5 31
internal_value=0 0.00826925 0.130586 -0.00628123
internal_weight=100 94 10 84
internal_count=100 94 10 84
is_linear=0
shrinkage=0.048919


Tree=95
num_leaves=5
num_cat=0
split_feature=21 0 29 13
split_gain=42.9278 84.1172 82.3986 66.4547
threshold=61.500000000000007 16.500000000000004 0.69031150492197602 5.6647959533865988
decision_type=2 2 2 2
left_child=1 3 -3 -1
right_child=-2 2 -4 -5
leaf_value=-0.039544906324647328 0.12682808395412623 -0.033055376940022162 -0.27641751832061034 0.051059757182035544
leaf_weight=34 5.9999999999999991 9.9999999999999982 4.9999999999999991 45
leaf_count=34 6 10 5 45
internal_value=0 -0.00810194 -0.114298 0.0120493
internal_weight=100 94 15 79
internal_count=100 94 15 79
is_linear=0
shrinkage=0.048919


Tree=96
num_leaves=6
num_cat=0
split_feature=42 42 40 6 32
split_gain=42.7313 77.4336 66.1606 76.6205 25.6048
threshold=6330.0000000000009 8730.0000000000018 27660.000000000004 12.500000000000002 98.500000000000014
decision_type=2 2 2 2 2
left_child=2 4 3 -1 -2
right_child=1 -3 -4 -5 -6
leaf_value=-0.14722633647482997 0.053091024351685313 -0.11664496562474788 -0.17424167862633255 0.013756404865334236 0.16631265962061259
leaf_weight=7.9999999999999991 12.000000000000005 4.9999999999999991 5.9999999999999991 61 7.9999999999999991
leaf_count=8 12 5 6 61 8
internal_value=0 0.0553802 -0.0184661 -0.0048953 0.0984604
internal_weight=100 25 75 69 20
internal_count=100 25 75 69 20
is_linear=0
shrinkage=0.048919


Tree=97
num_leaves=4
num_cat=0
split_feature=3 2 17
split_gain=42.8909 58.7311 163.608
threshold=88.0722713864307 1328.0000000000002 -74609.507540164181
decision_type=2 2 2
left_child=1 2 -1
right_child=-2 -3 -4
leaf_value=-0.27301042137896558 -0.11675351792079251 0.15678277081587208 0.015145167654569615
leaf_weight=4.9999999999999991 6.9999999999999991 5.9999999999999991 82
leaf_count=5 7 6 82
internal_value=0 0.00878743 -0.00140947
internal_weight=100 93 87
internal_count=100 93 87
is_linear=0
shrinkage=0.048919


Tree=98
num_leaves=4
num_cat=0
split_feature=16 7 36
split_gain=40.6427 75.274 71.8085
threshold=-1.5263888888888884 12.70399355540232 3649.8907381669646
decision_type=2 2 2
left_child=-1 -2 -3
right_child=1 2 -4
leaf_value=0.099146337118743752 -0.19427750227897711 0.036189843792952404 -0.055728150279330473
leaf_weight=8.9999999999999982 4.9999999999999991 53 33
leaf_count=9 5 53 33
internal_value=0 -0.00981257 0.000903583
internal_weight=100 91 86
internal_count=100 91 86
is_linear=0
shrinkage=0.048919


Tree=99
num_leaves=4
num_cat=0
split_feature=38 27 2
split_gain=39.9771 55.7632 87.2621
threshold=2.5000000000000004 5.6522479755398409 647.50000000000011
decision_type=2 2 2
left_child=1 2 -1
right_child=-2 -3 -4
leaf_value=-0.016855614970960473 -0.10487283771844189 -0.13500756029535016 0.086519943209782804
leaf_weight=56 7.9999999999999991 5.9999999999999991 30
leaf_count=56 8 6 30
internal_value=0 0.00911839 0.0191926
internal_weight=100 92 86
internal_count=100 92 86
is_linear=0
shrinkage=0.048919


Tree=100
num_leaves=4
num_cat=0
split_feature=36 15 13
split_gain=39.3161 67.4634 53.194
threshold=1187.0805323668351 168.2098466948438 6.7843041406079987
decision_type=2 2 2
left_child=-1 -2 -3
right_child=1 2 -4
leaf_value=0.12137311227153393 -0.18255238494781309 0.019775532263903394 -0.078702540582928665
leaf_weight=5.9999999999999991 4.9999999999999991 73 15.999999999999998
leaf_count=6 5 73 16
internal_value=0 -0.007756 0.00205541
internal_weight=100 94 89
internal_count=100 94 89
is_linear=0
shrinkage=0.048919


Tree=101
num_leaves=4
num_cat=0
split_feature=28 24 18
split_gain=39.978 120.983 50.1802
threshold=50.500000000000007 45.500000000000007 -26.244791666666664
decision_type=2 2 2
left_child=-1 -2 -3
right_child=1 2 -4
leaf_value=-0.12240045659738419 0.2418907131556981 -0.12219888318019122 0.0061980287122933349
leaf_weight=5.9999999999999991 4.9999999999999991 7.9999999999999991 81
leaf_count=6 5 8 81
internal_value=0 0.00781111 -0.00533264
internal_weight=100 94 89
internal_count=100 94 89
is_linear=0
shrinkage=0.048919


Tree=102
num_leaves=5
num_cat=0
split_feature=21 0 20 27
split_gain=37.5897 68.2879 100.93 62.9237
threshold=61.500000000000007 16.500000000000004 12.500000000000002 4.7953947752971144
decision_type=2 2 2 2
left_child=1 3 -3 -1
right_child=-2 2 -4 -5
leaf_value=-0.029355617020111871 0.11867861810410342 -0.28266737962411687 -0.013385890233413638 0.058295687909924815
leaf_weight=43 5.9999999999999991 4.9999999999999991 9.9999999999999982 36
leaf_count=43 6 5 10 36
internal_value=0 -0.0075836 -0.103268 0.0105714
internal_weight=100 94 15 79
internal_count=100 94 15 79
is_linear=0
shrinkage=0.048919


Tree=103
num_leaves=4
num_cat=0
split_feature=16 7 36
split_gain=37.7972 65.3114 62.0132
threshold=-1.5263888888888884 12.70399355540232 3649.8907381669646
decision_type=2 2 2
left_child=-1 -2 -3
right_child=1 2 -4
leaf_value=0.095610837450052652 -0.18128889335510356 0.033308801755241431 -0.052110398910647671
leaf_weight=8.9999999999999982 4.9999999999999991 53 33
leaf_count=9 5 53 33
internal_value=0 -0.00946453 0.000516301
internal_weight=100 91 86
internal_count=100 91 86
is_linear=0
shrinkage=0.048919


Tree=104
num_leaves=7
num_cat=0
split_feature=0 43 27 34 5 13
split_gain=35.7511 63.151 52.53 118.869 85.5185 31.6614
threshold=12.500000000000002 123.50000000000001 4.7953947752971144 150.00000000000003 2588.5000000000005 5.8906623850737967
decision_type=2 2 2 2 2 2
left_child=1 -1 4 -4 -2 -3
right_child=2 5 3 -5 -6 -7
leaf_value=-0.0851457106048229 0.017479112154121509 0.058670387627272634 0.18119976803455462 -0.018088175192773521 -0.12923505754350151 0.215908118185
leaf_weight=5.0000000000000027 19 7.9999999999999982 8.9999999999999982 35 19 5
leaf_count=5 19 8 9 35 19 5
internal_value=0 0.062419 -0.0137097 0.0226557 -0.0558489 0.119278
internal_weight=100 18 82 44 38 13
internal_count=100 18 82 44 38 13
is_linear=0
shrinkage=0.048919


Tree=105
num_leaves=5
num_cat=0
split_feature=15 36 4 35
split_gain=38.4049 58.7274 118.283 84.035
threshold=584.29421116867559 3649.8907381669646 22.500000000000004 132.66777907598726
decision_type=2 2 2 2
left_child=1 3 -3 -1
right_child=-2 2 -4 -5
leaf_value=-0.015848041269881149 0.11047199340864275 -0.19193144583256877 0.0060148313337180974 0.11218969646904266
leaf_weight=44 6.9999999999999991 10.999999999999998 21 17
leaf_count=44 7 11 21 17
internal_value=0 -0.0083225 -0.0620008 0.0198175
internal_weight=100 93 32 61
internal_count=100 93 32 61
is_linear=0
shrinkage=0.048919


Tree=106
num_leaves=5
num_cat=0
split_feature=36 36 13 25
split_gain=37.0538 47.0881 69.5311 47.1297
threshold=1187.0805323668351 2152.3236843405903 6.7843041406079987 0.25822398924237527
decision_type=2 2 2 2
left_child=-1 3 -3 -2
right_child=1 2 -4 -5
leaf_value=0.11783114376826001 -0.19061064322520904 0.031558199436523278 -0.089124466959795132 -0.022565898446399817
leaf_weight=5.9999999999999991 6.0000000000000027 62 13.999999999999998 11.999999999999998
leaf_count=6 6 62 14 12
internal_value=0 -0.00752782 0.00930799 -0.0786727
internal_weight=100 94 76 18
internal_count=100 94 76 18
is_linear=0
shrinkage=0.048919


Tree=107
num_leaves=4
num_cat=0
split_feature=28 24 18
split_gain=35.8055 99.7865 40.0236
threshold=50.500000000000007 45.500000000000007 -26.244791666666664
decision_type=2 2 2
left_child=-1 -2 -3
right_child=1 2 -4
leaf_value=-0.11583611641411229 0.21998057952504596 -0.10891498966261295 0.0057537419876671535
leaf_weight=5.9999999999999991 4.9999999999999991 7.9999999999999991 81
leaf_count=6 5 8 81
internal_value=0 0.00739311 -0.00454254
internal_weight=100 94 89
internal_count=100 94 89
is_linear=0
shrinkage=0.048919


Tree=108
num_leaves=5
num_cat=0
split_feature=15 36 20 35
split_gain=35.1523 52.2042 88.8706 72.5641
threshold=584.29421116867559 3649.8907381669646 11.500000000000002 132.66777907598726
decision_type=2 2 2 2
left_child=1 3 -3 -1
right_child=-2 2 -4 -5
leaf_value=-0.01457210482825377 0.10569061755176747 -0.12601422131019582 0.039906093891651735 0.10440520055983497
leaf_weight=44 6.9999999999999991 19 12.999999999999998 17
leaf_count=44 7 19 13 17
internal_value=0 -0.00796211 -0.058572 0.0185681
internal_weight=100 93 32 61
internal_count=100 93 32 61
is_linear=0
shrinkage=0.048919


Tree=109
num_leaves=4
num_cat=0
split_feature=23 15 17
split_gain=33.5515 52.765 49.7344
threshold=16.469791666666669 168.2098466948438 -9644.9192533539863
decision_type=2 2 2
left_child=-1 -2 -3
right_child=1 2 -4
leaf_value=0.090083330595303213 -0.16335558800612593 -0.017030328727497115 0.080996266263209812
leaf_weight=8.9999999999999982 4.9999999999999991 71 14.999999999999998
leaf_count=9 5 71 15
internal_value=0 -0.00891482 5.47646e-05
internal_weight=100 91 86
internal_count=100 91 86
is_linear=0
shrinkage=0.048919


Tree=110
num_leaves=4
num_cat=0
split_feature=3 2 17
split_gain=34.1225 52.5311 114.121
threshold=88.0722713864307 1328.0000000000002 -74609.507540164181
decision_type=2 2 2
left_child=1 2 -1
right_child=-2 -3 -4
leaf_value=-0.22864167162188784 -0.10413701189512148 0.14780526854814427 0.012019305629208412
leaf_weight=4.9999999999999991 6.9999999999999991 5.9999999999999991 82
leaf_count=5 7 6 82
internal_value=0 0.00783855 -0.00180437
internal_weight=100 93 87
internal_count=100 93 87
is_linear=0
shrinkage=0.048919


Tree=111
num_leaves=4
num_cat=0
split_feature=38 16 16
split_gain=33.7549 56.0906 73.7057
threshold=2.5000000000000004 -1.5263888888888884 3.1454399698567319
decision_type=2 2 2
left_child=1 -1 -3
right_child=-2 2 -4
leaf_value=0.14145655002901131 -0.096365638998925127 -0.10977324192003796 0.016772988248171021
leaf_weight=6.9999999999999991 7.9999999999999991 12.999999999999998 72
leaf_count=7 8 13 72
internal_value=0 0.00837951 -0.00256933
internal_weight=100 92 85
internal_count=100 92 85
is_linear=0
shrinkage=0.048919


Tree=112
num_leaves=5
num_cat=0
split_feature=21 0 9 27
split_gain=32.4693 56.8877 55.1647 50.8132
threshold=61.500000000000007 16.500000000000004 36.500000000000007 4.7953947752971144
decision_type=2 2 2 2
left_child=1 3 -3 -1
right_child=-2 2 -4 -5
leaf_value=-0.02635494236124724 0.11030144624346831 -0.18211450318156699 0.0057410894871665593 0.052410381282134953
leaf_weight=43 5.9999999999999991 7.9999999999999982 7 36
leaf_count=43 6 8 7 36
internal_value=0 -0.00704644 -0.09438 0.0095227
internal_weight=100 94 15 79
internal_count=100 94 15 79
is_linear=0
shrinkage=0.048919


Tree=113
num_leaves=4
num_cat=0
split_feature=36 15 17
split_gain=31.7851 49.1976 44.7147
threshold=1187.0805323668351 168.2098466948438 -9644.9192533539863
decision_type=2 2 2
left_child=-1 -2 -3
right_child=1 2 -4
leaf_value=0.10913385627753135 -0.15624015124203544 -0.015429431941345469 0.072770443798274603
leaf_weight=5.9999999999999991 4.9999999999999991 72 17
leaf_count=6 5 72 17
internal_value=0 -0.00697115 0.00140533
internal_weight=100 94 89
internal_count=100 94 89
is_linear=0
shrinkage=0.048919


Tree=114
num_leaves=4
num_cat=0
split_feature=3 5 14
split_gain=32.1456 50.8759 85.6619
threshold=88.0722713864307 3373.5000000000005 -25.009665409715975
decision_type=2 2 2
left_child=1 2 -1
right_child=-2 -3 -4
leaf_value=-0.19916049117680171 -0.1010747286457918 0.13440542881623535 0.009416797594933822
leaf_weight=4.9999999999999991 6.9999999999999991 6.9999999999999991 81
leaf_count=5 7 7 81
internal_value=0 0.00760876 -0.00270136
internal_weight=100 93 86
internal_count=100 93 86
is_linear=0
shrinkage=0.048919


Tree=115
num_leaves=5
num_cat=0
split_feature=15 3 37 3
split_gain=29.9449 34.6671 81.0076 71.5448
threshold=584.29421116867559 69.982198941292225 -1.9472222222222209 73.753472222222243
decision_type=2 2 2 2
left_child=1 2 -1 -3
right_child=-2 3 -4 -5
leaf_value=0.13399153651496987 0.097549969969371111 -0.11176131236678528 -0.021629724692214192 0.0061105046088688209
leaf_weight=11.999999999999998 6.9999999999999991 18 24 39
leaf_count=12 7 18 24 39
internal_value=0 -0.00734734 0.0302155 -0.0310938
internal_weight=100 93 36 57
internal_count=100 93 36 57
is_linear=0
shrinkage=0.048919


Tree=116
num_leaves=5
num_cat=0
split_feature=28 11 1 31
split_gain=30.3672 46.4471 66.5459 44.2707
threshold=50.500000000000007 44.500000000000007 18.626025839051675 10061.500000000002
decision_type=2 2 2 2
left_child=-1 2 -2 -3
right_child=1 3 -4 -5
leaf_value=-0.10667473662113136 0.23262270496990653 0.014796371092495849 -0.019504345217389505 -0.068575193946664476
leaf_weight=5.9999999999999991 4.9999999999999982 64 5 20
leaf_count=6 5 64 5 20
internal_value=0 0.00681097 0.106463 -0.00504061
internal_weight=100 94 10 84
internal_count=100 94 10 84
is_linear=0
shrinkage=0.048919


Tree=117
num_leaves=5
num_cat=0
split_feature=29 32 35 20
split_gain=30.3812 38.0462 48.2074 22.897
threshold=5.0569553263313525 85.500000000000014 132.66777907598726 9.5000000000000018
decision_type=2 2 2 2
left_child=1 3 -3 -1
right_child=-2 2 -4 -5
leaf_value=0.0077872081780083627 0.091419094162135672 -0.069661282007273506 0.0087715070317647154 0.15609689660869761
leaf_weight=4.9999999999999982 7.9999999999999991 29 53 5
leaf_count=5 8 29 53 5
internal_value=0 -0.0079538 -0.018953 0.0820922
internal_weight=100 92 82 10
internal_count=100 92 82 10
is_linear=0
shrinkage=0.048919


Tree=118
num_leaves=5
num_cat=0
split_feature=21 0 20 27
split_gain=28.9429 50.7742 75.6824 43.5889
threshold=61.500000000000007 16.500000000000004 12.500000000000002 4.7953947752971144
decision_type=2 2 2 2
left_child=1 3 -3 -1
right_child=-2 2 -4 -5
leaf_value=-0.024224955045688286 0.10414265212435887 -0.24450779957696966 -0.011307796722851919 0.0487259060168393
leaf_weight=43 5.9999999999999991 4.9999999999999991 9.9999999999999982 36
leaf_count=43 6 5 10 36
internal_value=0 -0.0066497 -0.0891576 0.00900302
internal_weight=100 94 15 79
internal_count=100 94 15 79
is_linear=0
shrinkage=0.048919


Tree=119
num_leaves=5
num_cat=0
split_feature=15 36 26 23
split_gain=28.078 43.2369 106.124 62.3002
threshold=584.29421116867559 3649.8907381669646 14.500000000000002 21.904166666666672
decision_type=2 2 2 2
left_child=1 3 -3 -1
right_child=-2 2 -4 -5
leaf_value=-0.016196490251821773 0.094461907544550625 -0.18528754610116474 0.0068388841382856554 0.090535990313714593
leaf_weight=42 6.9999999999999991 9.9999999999999982 22 19
leaf_count=42 7 10 22 19
internal_value=0 -0.00711294 -0.0531724 0.01703
internal_weight=100 93 32 61
internal_count=100 93 32 61
is_linear=0
shrinkage=0.048919


Tree=120
num_leaves=7
num_cat=0
split_feature=0 7 27 3 21 1
split_gain=28.8825 49.6779 37.5363 53.9665 35.6206 34.8704
threshold=12.500000000000002 17.656856111112031 4.1996341839288984 69.982198941292225 54.500000000000007 19.17466425442861
decision_type=2 2 2 2 2 2
left_child=1 -1 4 -4 -2 -3
right_child=2 5 3 -5 -6 -7
leaf_value=-0.058664726423621423 -0.17534977900112353 0.19700025781042541 0.081256112482311002 -0.021471652801972205 -0.01748684197105416 0.029935986390979132
leaf_weight=6.0000000000000027 5.9999999999999991 5.9999999999999982 15.999999999999998 52 7.9999999999999991 6
leaf_count=6 6 6 16 52 8 6
internal_value=0 0.0561085 -0.0123175 0.0026834 -0.085255 0.113601
internal_weight=100 18 82 68 14 12
internal_count=100 18 82 68 14 12
is_linear=0
shrinkage=0.048919


Tree=121
num_leaves=4
num_cat=0
split_feature=38 27 13
split_gain=27.8459 43.2564 57.5666
threshold=2.5000000000000004 5.6522479755398409 5.6647959533865988
decision_type=2 2 2
left_child=1 2 -1
right_child=-2 -3 -4
leaf_value=-0.026410597674811149 -0.087523257584572675 -0.1193229848900267 0.053817004886983634
leaf_weight=40 7.9999999999999991 5.9999999999999991 46
leaf_count=40 8 6 46
internal_value=0 0.00761306 0.0164875
internal_weight=100 92 86
internal_count=100 92 86
is_linear=0
shrinkage=0.048919


Tree=122
num_leaves=5
num_cat=0
split_feature=36 36 0 14
split_gain=26.5606 35.1711 60.8292 34.3769
threshold=1187.0805323668351 2152.3236843405903 12.500000000000002 -12.766608391608385
decision_type=2 2 2 2
left_child=-1 3 -3 -2
right_child=1 2 -4 -5
leaf_value=0.09976244099398722 -0.14343307061924324 0.11455560961503379 -0.0098116948636665334 -0.0072515450246160885
leaf_weight=5.9999999999999991 8.0000000000000018 10.999999999999998 65 9.9999999999999982
leaf_count=6 8 11 65 10
internal_value=0 -0.00637243 0.00817586 -0.0678603
internal_weight=100 94 76 18
internal_count=100 94 76 18
is_linear=0
shrinkage=0.048919


Tree=123
num_leaves=7
num_cat=0
split_feature=42 2 42 9 29 35
split_gain=29.5124 49.5591 48.9026 55.4955 47.1096 40.6873
threshold=5970.0000000000009 402.00000000000006 5100.0000000000009 24.500000000000004 1.0429367359508914 118.40465607634439
decision_type=2 2 2 2 2 2
left_child=2 4 3 -1 -2 -3
right_child=1 5 -4 -5 -6 -7
leaf_value=0.10227826694574303 0.095693891645468085 0.0044667539365159962 -0.13972292400219852 -0.023159925775905511 -0.091489639785085633 0.16913735641426955
leaf_weight=9.9999999999999982 5.0000000000000027 5.9999999999999991 6.9999999999999991 54 8.9999999999999982 8.9999999999999982
leaf_count=10 5 6 7 54 9 9
internal_value=0 0.0415779 -0.0169865 -0.0035367 -0.024542 0.103367
internal_weight=100 29 71 64 14 15
internal_count=100 29 71 64 14 15
is_linear=0
shrinkage=0.048919


Tree=124
num_leaves=7
num_cat=0
split_feature=42 43 29 42 32 37
split_gain=26.6986 47.3073 91.7042 44.237 50.205 34.7467
threshold=5970.0000000000009 123.50000000000001 1.0429367359508914 5100.0000000000009 85.500000000000014 -2.9004603837821095
decision_type=2 2 2 2 2 2
left_child=3 2 -2 4 -1 -3
right_child=1 5 -4 -5 -6 -7
leaf_value=0.12022275986203748 0.11424770616798358 -0.0075137596571051759 -0.16927988757421378 -0.13289064223264813 -0.018567218364356715 0.13646257527846634
leaf_weight=6.9999999999999991 5.0000000000000018 6.0000000000000027 6 6.9999999999999991 57 11.999999999999998
leaf_count=7 5 6 6 7 57 12
internal_value=0 0.0395469 -0.0402925 -0.0161556 -0.00336255 0.0884067
internal_weight=100 29 11 71 64 18
internal_count=100 29 11 71 64 18
is_linear=0
shrinkage=0.048919


Tree=125
num_leaves=5
num_cat=0
split_feature=42 6 5 28
split_gain=26.6702 56.5443 53.3039 27.8769
threshold=570.00000000000011 18.500000000000004 3373.5000000000005 78.000000000000014
decision_type=2 2 2 2
left_child=3 2 -2 -1
right_child=1 -3 -4 -5
leaf_value=0.15742704068854771 -0.0087037142751691162 -0.16824929093508079 0.15589012653182258 -0.0056651132970104798
leaf_weight=4.9999999999999982 80 4.9999999999999991 4.9999999999999991 5
leaf_count=5 80 5 5 5
internal_value=0 -0.00842366 0.000968358 0.0757764
internal_weight=100 90 85 10
internal_count=100 90 85 10
is_linear=0
shrinkage=0.048919


Tree=126
num_leaves=5
num_cat=0
split_feature=16 16 7 1
split_gain=25.4792 47.7854 84.2617 51.3383
threshold=-1.5263888888888884 3.1454399698567319 19.073450862594886 17.237333056093206
decision_type=2 2 2 2
left_child=-1 2 -2 -3
right_child=1 3 -4 -5
leaf_value=0.078502329841510093 -0.22944366437588612 0.063284944432221463 0.012893640086719765 -0.021168850376124457
leaf_weight=8.9999999999999982 5.9999999999999991 26 7.9999999999999991 51
leaf_count=9 6 26 8 51
internal_value=0 -0.00776848 -0.0909007 0.00733288
internal_weight=100 91 14 77
internal_count=100 91 14 77
is_linear=0
shrinkage=0.048919


Tree=127
num_leaves=4
num_cat=0
split_feature=28 24 33
split_gain=25.5318 71.1257 27.7997
threshold=50.500000000000007 45.500000000000007 3.8609478730752422
decision_type=2 2 2
left_child=-1 -2 -3
right_child=1 2 -4
leaf_value=-0.097814289428187567 0.18572508215169881 -0.019036650600339006 0.045346411737998644
leaf_weight=5.9999999999999991 4.9999999999999991 68 21
leaf_count=6 5 68 21
internal_value=0 0.00624471 -0.00382994
internal_weight=100 94 89
internal_count=100 94 89
is_linear=0
shrinkage=0.048919


Tree=128
num_leaves=4
num_cat=0
split_feature=3 2 17
split_gain=24.4824 45.5614 76.5457
threshold=88.0722713864307 1328.0000000000002 -74609.507540164181
decision_type=2 2 2
left_child=1 2 -1
right_child=-2 -3 -4
leaf_value=-0.1881171541032603 -0.088207915544907381 0.13699285600066946 0.0089797097778503629
leaf_weight=4.9999999999999991 6.9999999999999991 5.9999999999999991 82
leaf_count=5 7 6 82
internal_value=0 0.0066405 -0.00233902
internal_weight=100 93 87
internal_count=100 93 87
is_linear=0
shrinkage=0.048919


Tree=129
num_leaves=4
num_cat=0
split_feature=38 42 16
split_gain=24.2174 43.3204 50.5033
threshold=2.5000000000000004 570.00000000000011 -1.5263888888888884
decision_type=2 2 2
left_child=1 -1 -3
right_child=-2 2 -4
leaf_value=0.11585534726522237 -0.081623187728068286 0.14745999020009098 -0.012807368867273383
leaf_weight=7.9999999999999991 7.9999999999999991 4.9999999999999991 79
leaf_count=8 8 5 79
internal_value=0 0.00709852 -0.00324783
internal_weight=100 92 84
internal_count=100 92 84
is_linear=0
shrinkage=0.048919


Tree=130
num_leaves=8
num_cat=0
split_feature=42 2 29 17 14 40 23
split_gain=24.565 42.9503 37.2296 36.9949 100.237 51.5076 34.1692
threshold=5970.0000000000009 402.00000000000006 1.0429367359508914 -42361.320434544417 -17.385175282234105 25462.500000000004 20.713541666666668
decision_type=2 2 2 2 2 2 2
left_child=3 2 -2 4 -1 -5 -3
right_child=1 6 -4 5 -6 -7 -8
leaf_value=-0.0085536617352440347 0.083255724084725286 -0.0087189486035855659 -0.083136021086910677 -0.016138521993003991 -0.26151163780972281 0.11279409750916614 0.1476598649454493
leaf_weight=15.000000000000002 5.0000000000000027 4.9999999999999991 8.9999999999999982 42 4.9999999999999991 8.9999999999999982 9.9999999999999982
leaf_count=15 5 5 9 42 5 9 10
internal_value=0 0.037934 -0.0236151 -0.0154966 -0.0718851 0.00659458 0.0954576
internal_weight=100 29 14 71 20 51 15
internal_count=100 29 14 71 20 51 15
is_linear=0
shrinkage=0.048919


Tree=131
num_leaves=5
num_cat=0
split_feature=29 5 5 36
split_gain=23.3284 28.4687 110.76 87.2364
threshold=5.0569553263313525 3135.5000000000005 3021.0000000000005 3210.0034212630762
decision_type=2 2 2 2
left_child=1 2 -1 -3
right_child=-2 3 -4 -5
leaf_value=-0.0028104361941469641 0.08010731108260781 -0.12888991388391263 -0.22217368481330202 0.10903173681837784
leaf_weight=67 7.9999999999999991 5.0000000000000027 5.9999999999999991 13.999999999999998
leaf_count=67 8 5 6 14
internal_value=0 -0.00697065 -0.0208657 0.0463441
internal_weight=100 92 73 19
internal_count=100 92 73 19
is_linear=0
shrinkage=0.048919


Tree=132
num_leaves=4
num_cat=0
split_feature=28 24 18
split_gain=22.3051 63.2131 25.1239
threshold=50.500000000000007 45.500000000000007 -26.244791666666664
decision_type=2 2 2
left_child=-1 -2 -3
right_child=1 2 -4
leaf_value=-0.091426422629614548 0.17503816859965127 -0.086356745722585004 0.0044927517179788878
leaf_weight=5.9999999999999991 4.9999999999999991 7.9999999999999991 81
leaf_count=6 5 8 81
internal_value=0 0.00583513 -0.00366181
internal_weight=100 94 89
internal_count=100 94 89
is_linear=0
shrinkage=0.048919


Tree=133
num_leaves=6
num_cat=0
split_feature=42 43 6 21 40
split_gain=21.2098 42.8233 38.2403 40.3338 21.8365
threshold=6330.0000000000009 123.50000000000001 12.500000000000002 52.500000000000007 29790.000000000004
decision_type=2 2 2 2 2
left_child=2 -2 -1 -4 -3
right_child=1 4 3 -5 -6
leaf_value=-0.11407935805683898 -0.054206206804521685 0.11874493046443162 0.1101580413655964 -0.013903773891060555 -0.0026838411019274189
leaf_weight=7.9999999999999991 8.0000000000000018 12.000000000000002 6.9999999999999991 60 4.9999999999999991
leaf_count=8 8 12 7 60 5
internal_value=0 0.0390162 -0.0130103 -0.000919011 0.0829618
internal_weight=100 25 75 67 17
internal_count=100 25 75 67 17
is_linear=0
shrinkage=0.048919


Tree=134
num_leaves=4
num_cat=0
split_feature=28 24 5
split_gain=21.3199 55.1496 24.1483
threshold=50.500000000000007 45.500000000000007 3135.5000000000005
decision_type=2 2 2
left_child=-1 -2 -3
right_child=1 2 -4
leaf_value=-0.089385442560846864 0.16374706132385067 -0.016454852801724543 0.045722392503809044
leaf_weight=5.9999999999999991 4.9999999999999991 70 19
leaf_count=6 5 70 19
internal_value=0 0.00570385 -0.00316579
internal_weight=100 94 89
internal_count=100 94 89
is_linear=0
shrinkage=0.048919


Tree=135
num_leaves=4
num_cat=0
split_feature=36 15 17
split_gain=21.0779 38.1435 28.95
threshold=1187.0805323668351 168.2098466948438 -9644.9192533539863
decision_type=2 2 2
left_child=-1 -2 -3
right_child=1 2 -4
leaf_value=0.088869204334317803 -0.13711403088736035 -0.011847769515189807 0.05911993242336603
leaf_weight=5.9999999999999991 4.9999999999999991 72 17
leaf_count=6 5 72 17
internal_value=0 -0.00567887 0.00169512
internal_weight=100 94 89
internal_count=100 94 89
is_linear=0
shrinkage=0.048919


Tree=136
num_leaves=4
num_cat=0
split_feature=3 2 42
split_gain=21.3348 40.8505 32.3406
threshold=88.0722713864307 1328.0000000000002 570.00000000000011
decision_type=2 2 2
left_child=1 2 -1
right_child=-2 -3 -4
leaf_value=0.098483784002541389 -0.08234489105204687 0.12962650615653543 -0.011143265131233145
leaf_weight=6.9999999999999991 6.9999999999999991 5.9999999999999991 80
leaf_count=7 7 6 80
internal_value=0 0.0061967 -0.00230517
internal_weight=100 93 87
internal_count=100 93 87
is_linear=0
shrinkage=0.048919


Tree=137
num_leaves=4
num_cat=0
split_feature=38 16 16
split_gain=20.5203 34.4112 50.6577
threshold=2.5000000000000004 -1.5263888888888884 3.1454399698567319
decision_type=2 2 2
left_child=1 -1 -3
right_child=-2 2 -4
leaf_value=0.11076686391117828 -0.075136561153828135 -0.090918087351258656 0.013992691054241958
leaf_weight=6.9999999999999991 7.9999999999999991 12.999999999999998 72
leaf_count=7 8 13 72
internal_value=0 0.00653245 -0.00204014
internal_weight=100 92 85
internal_count=100 92 85
is_linear=0
shrinkage=0.048919


Tree=138
num_leaves=6
num_cat=0
split_feature=42 42 6 3 2
split_gain=19.7073 37.6196 32.4985 38.0355 26.8514
threshold=6330.0000000000009 8730.0000000000018 12.500000000000002 69.982198941292225 402.00000000000006
decision_type=2 2 2 2 2
left_child=2 4 -1 -4 -2
right_child=1 -3 3 -5 -6
leaf_value=-0.10571502439132668 -0.0016208177692638552 -0.082261784019991943 0.064385121521802563 -0.022056498855657525 0.11392055170423018
leaf_weight=7.9999999999999991 8.0000000000000053 4.9999999999999991 15.999999999999998 51 11.999999999999998
leaf_count=8 8 5 16 51 12
internal_value=0 0.0376087 -0.0125412 -0.00139295 0.0676472
internal_weight=100 25 75 67 20
internal_count=100 25 75 67 20
is_linear=0
shrinkage=0.048919


Tree=139
num_leaves=4
num_cat=0
split_feature=3 2 17
split_gain=18.7993 38.1747 63.3073
threshold=88.0722713864307 1328.0000000000002 -74609.507540164181
decision_type=2 2 2
left_child=1 2 -1
right_child=-2 -3 -4
leaf_value=-0.17135407413192272 -0.077297963955906962 0.12513531792102239 0.0078898562345977499
leaf_weight=4.9999999999999991 6.9999999999999991 5.9999999999999991 82
leaf_count=5 7 6 82
internal_value=0 0.00581594 -0.00240232
internal_weight=100 93 87
internal_count=100 93 87
is_linear=0
shrinkage=0.048919


Tree=140
num_leaves=4
num_cat=0
split_feature=36 15 17
split_gain=19.5486 35.0683 26.1108
threshold=1187.0805323668351 168.2098466948438 -9644.9192533539863
decision_type=2 2 2
left_child=-1 -2 -3
right_child=1 2 -4
leaf_value=0.085583990218386793 -0.1314952573732921 -0.011260618939452167 0.05613726301135253
leaf_weight=5.9999999999999991 4.9999999999999991 72 17
leaf_count=6 5 72 17
internal_value=0 -0.00546959 0.00160032
internal_weight=100 94 89
internal_count=100 94 89
is_linear=0
shrinkage=0.048919


Tree=141
num_leaves=5
num_cat=0
split_feature=29 21 0 14
split_gain=18.5986 26.1977 67.0282 54.0203
threshold=5.0569553263313525 57.500000000000007 14.500000000000002 -14.605054909560726
decision_type=2 2 2 2
left_child=1 2 -1 -3
right_child=-2 3 -4 -5
leaf_value=0.013168024972117574 0.071525189610831097 0.14130068927053671 -0.089860191059535729 -0.01277790782060572
leaf_weight=44 7.9999999999999991 8.0000000000000018 23 17
leaf_count=44 8 8 23 17
internal_value=0 -0.00622584 -0.0221833 0.0364873
internal_weight=100 92 67 25
internal_count=100 92 67 25
is_linear=0
shrinkage=0.048919


Tree=142
num_leaves=4
num_cat=0
split_feature=16 7 32
split_gain=18.5597 41.7643 32.25
threshold=-1.5263888888888884 12.70399355540232 85.500000000000014
decision_type=2 2 2
left_child=-1 -2 -3
right_child=1 2 -4
leaf_value=0.066999051863828873 -0.14403513064149012 0.12189538552646542 -0.0060826326923445733
leaf_weight=8.9999999999999982 4.9999999999999991 4.9999999999999991 81
leaf_count=9 5 5 81
internal_value=0 -0.00663137 0.00134708
internal_weight=100 91 86
internal_count=100 91 86
is_linear=0
shrinkage=0.048919


Tree=143
num_leaves=4
num_cat=0
split_feature=38 42 24
split_gain=18.463 31.6103 33.6679
threshold=2.5000000000000004 570.00000000000011 58.500000000000007
decision_type=2 2 2
left_child=1 -1 -3
right_child=-2 2 -4
leaf_value=0.099098879503949494 -0.071270377184794287 0.011196131705268881 -0.071895081683521447
leaf_weight=7.9999999999999991 7.9999999999999991 70 13.999999999999998
leaf_count=8 8 70 14
internal_value=0 0.00619655 -0.00263933
internal_weight=100 92 84
internal_count=100 92 84
is_linear=0
shrinkage=0.048919


Tree=144
num_leaves=4
num_cat=0
split_feature=28 24 16
split_gain=18.3381 47.5106 22.5744
threshold=50.500000000000007 45.500000000000007 13.965116160944737
decision_type=2 2 2
left_child=-1 -2 -3
right_child=1 2 -4
leaf_value=-0.082898456721017394 0.15198113765587626 -0.020964970081359519 0.030740809622514687
leaf_weight=5.9999999999999991 4.9999999999999991 58 31
leaf_count=6 5 58 31
internal_value=0 0.00529101 -0.00294046
internal_weight=100 94 89
internal_count=100 94 89
is_linear=0
shrinkage=0.048919


Tree=145
num_leaves=4
num_cat=0
split_feature=3 5 17
split_gain=17.8036 34.4083 41.2799
threshold=88.0722713864307 3373.5000000000005 -70919.26736111108
decision_type=2 2 2
left_child=1 2 -1
right_child=-2 -3 -4
leaf_value=-0.12654949419490374 -0.07522148913494428 0.10993880824387443 0.0064535753531896681
leaf_weight=5.9999999999999991 6.9999999999999991 6.9999999999999991 80
leaf_count=6 7 7 80
internal_value=0 0.00566145 -0.00281493
internal_weight=100 93 86
internal_count=100 93 86
is_linear=0
shrinkage=0.048919


Tree=146
num_leaves=4
num_cat=0
split_feature=36 15 17
split_gain=17.4105 28.1557 22.8278
threshold=1187.0805323668351 168.2098466948438 -9644.9192533539863
decision_type=2 2 2
left_child=-1 -2 -3
right_child=1 2 -4
leaf_value=0.080769538260316381 -0.11808377030911735 -0.010851322998990233 0.052167552038302853
leaf_weight=5.9999999999999991 4.9999999999999991 72 17
leaf_count=6 5 72 17
internal_value=0 -0.00516035 0.00117307
internal_weight=100 94 89
internal_count=100 94 89
is_linear=0
shrinkage=0.048919


Tree=147
num_leaves=7
num_cat=0
split_feature=31 23 35 37 41 37
split_gain=17.0337 57.7807 35.2852 30.9966 27.8714 22.8604
threshold=13220.000000000002 26.969724251913714 176.78720137306524 -2.2902777777777774 -5.7854166666666673 -1.9472222222222209
decision_type=2 2 2 2 2 2
left_child=2 5 4 -4 -1 -2
right_child=1 -3 3 -5 -6 -7
leaf_value=0.10750182605352397 0.095397473543112732 -0.14172201933894443 -0.0055953556758138066 0.15362463230595916 -0.012381642195465914 -0.046096615578627417
leaf_weight=4.9999999999999991 6.0000000000000009 7.9999999999999991 5 6.9999999999999982 64 5.0000000000000009
leaf_count=5 6 8 5 7 64 5
internal_value=0 -0.0416853 0.0097764 0.0871922 -0.00367196 0.0309717
internal_weight=100 19 81 12 69 11
internal_count=100 19 81 12 69 11
is_linear=0
shrinkage=0.048919


Tree=148
num_leaves=7
num_cat=0
split_feature=42 42 5 5 36 2
split_gain=16.6187 30.9231 30.9056 77.4611 77.3324 30.7494
threshold=5970.0000000000009 8730.0000000000018 3135.5000000000005 3021.0000000000005 3210.0034212630762 402.00000000000006
decision_type=2 2 2 2 2 2
left_child=2 5 3 -1 -4 -2
right_child=1 -3 4 -5 -6 -7
leaf_value=-0.010406185605852833 -0.011115059429272281 -0.079339520518461451 -0.12073259492759437 -0.19705931509972674 0.10553023308537403 0.10108713011340437
leaf_weight=47 10.000000000000005 4.9999999999999991 5.0000000000000027 5.9999999999999991 12.999999999999998 13.999999999999998
leaf_count=47 10 5 5 6 13 14
internal_value=0 0.0311993 -0.0127477 -0.0315702 0.0425999 0.0542878
internal_weight=100 29 71 53 18 24
internal_count=100 29 71 53 18 24
is_linear=0
shrinkage=0.048919


Tree=149
num_leaves=7
num_cat=0
split_feature=3 3 23 34 42 31
split_gain=15.999 63.9406 59.5724 58.1338 42.2934 41.4377
threshold=69.982198941292225 73.753472222222243 23.975000000000005 330.00000000000006 8730.0000000000018 10979.500000000002
decision_type=2 2 2 2 2 2
left_child=2 3 4 -2 -1 -3
right_child=1 5 -4 -5 -6 -7
leaf_value=0.080255590358736459 -0.014067182728955756 0.045046740060374277 -0.11452627874052894 -0.19112562264225832 -0.075460553426639099 -0.058039093139890655
leaf_weight=25.000000000000004 10.000000000000002 33 5.9999999999999991 7.9999999999999991 4.9999999999999991 12.999999999999998
leaf_count=25 10 33 6 8 5 13
internal_value=0 -0.0146796 0.0260835 -0.0928482 0.0542559 0.0158845
internal_weight=100 64 36 18 30 46
internal_count=100 64 36 18 30 46
is_linear=0
shrinkage=0.048919


Tree=150
num_leaves=5
num_cat=0
split_feature=21 0 29 27
split_gain=15.6071 31.7358 32.7743 31.7773
threshold=61.500000000000007 16.500000000000004 0.69031150492197602 4.7953947752971144
decision_type=2 2 2 2
left_child=1 3 -3 -1
right_child=-2 2 -4 -5
leaf_value=-0.020886443749383036 0.076467699811384141 -0.018833725157648216 -0.1723767701625589 0.041400069291885847
leaf_weight=43 5.9999999999999991 9.9999999999999982 4.9999999999999991 36
leaf_count=43 6 10 5 36
internal_value=0 -0.00489022 -0.0701224 0.00748174
internal_weight=100 94 15 79
internal_count=100 94 15 79
is_linear=0
shrinkage=0.048919


Tree=151
num_leaves=4
num_cat=0
split_feature=28 24 16
split_gain=15.8386 40.1918 17.996
threshold=50.500000000000007 45.500000000000007 13.965116160944737
decision_type=2 2 2
left_child=-1 -2 -3
right_child=1 2 -4
leaf_value=-0.07704668057900696 0.13983228193799049 -0.018751916154090324 0.027413334907789702
leaf_weight=5.9999999999999991 4.9999999999999991 58 31
leaf_count=6 5 58 31
internal_value=0 0.00491254 -0.0026573
internal_weight=100 94 89
internal_count=100 94 89
is_linear=0
shrinkage=0.048919


Tree=152
num_leaves=6
num_cat=0
split_feature=16 16 1 1 38
split_gain=15.7376 41.667 48.1792 38.0896 20.7088
threshold=1.0000000180025095e-35 3.1454399698567319 15.525149487971095 17.237333056093206 1.5000000000000002
decision_type=2 2 2 2 2
left_child=4 2 -2 -3 -1
right_child=1 3 -4 -5 -6
leaf_value=0.11646524820300524 -0.20755582264357497 0.054565913457413802 -0.0085642660331002769 -0.018177877960681477 -0.01812063943281841
leaf_weight=5.9999999999999982 4.9999999999999982 26 7 51 5
leaf_count=6 5 26 7 51 5
internal_value=0 -0.0068298 -0.0916129 0.00636965 0.0551861
internal_weight=100 89 12 77 11
internal_count=100 89 12 77 11
is_linear=0
shrinkage=0.048919


Tree=153
num_leaves=6
num_cat=0
split_feature=5 5 36 17 13
split_gain=15.8163 82.2337 63.0404 48.7362 40.6185
threshold=3135.5000000000005 3021.0000000000005 3210.0034212630762 -70919.26736111108 6.9340342666460426
decision_type=2 2 2 2 2
left_child=1 3 -2 -1 -4
right_child=2 -3 4 -5 -6
leaf_value=-0.14298251423789338 -0.1087869365829538 -0.18365724097498012 0.15556015765154518 0.015055239208091426 -0.01810733242314827
leaf_weight=4.9999999999999991 5.0000000000000027 5.9999999999999991 8.9999999999999982 70 4.9999999999999991
leaf_count=5 5 6 9 70 5
internal_value=0 -0.0094304 0.0401582 0.00449741 0.0934547
internal_weight=100 81 19 75 14
internal_count=100 81 19 75 14
is_linear=0
shrinkage=0.048919


Tree=154
num_leaves=8
num_cat=0
split_feature=41 43 6 37 16 2 39
split_gain=14.625 46.2273 95.2771 41.3534 75.7127 41.4026 23.0276
threshold=3.2333333333333329 124.50000000000001 15.500000000000002 -1.5736111111111108 11.381944444444445 655.50000000000011 8.5271634423798854
decision_type=2 2 2 2 2 2 2
left_child=1 6 -3 5 -5 -2 -1
right_child=3 2 -4 4 -6 -7 -8
leaf_value=0.12974844920960119 -0.0051580521179556858 0.012651359426856515 -0.19125973021788745 0.034169167780179602 -0.11470158727222114 0.11402199340270876 -0.0010257557453046825
leaf_weight=4.9999999999999991 13.000000000000002 14.000000000000002 8.9999999999999982 22 12.999999999999998 14.999999999999998 8.9999999999999982
leaf_count=5 13 14 9 22 13 15 9
internal_value=0 -0.0244194 -0.0670989 0.0143278 -0.0210944 0.0586484 0.0456061
internal_weight=100 37 23 63 35 28 14
internal_count=100 37 23 63 35 28 14
is_linear=0
shrinkage=0.048919


Tree=155
num_leaves=6
num_cat=0
split_feature=16 16 16 35 16
split_gain=14.0991 36.6695 35.2711 25.6719 17.7407
threshold=1.0000000180025095e-35 3.1454399698567319 9.9642253244986403 135.98606057319088 -5.8883695976910309
decision_type=2 2 2 2 2
left_child=4 3 -3 -2 -1
right_child=1 2 -4 -5 -6
leaf_value=-0.0042832855193849695 -0.14645687608371821 0.05998821124947034 -0.01434200992468849 -0.0010800623834234175 0.12026704075501063
leaf_weight=6 6.9999999999999982 21 56 5 4.9999999999999982
leaf_count=6 7 21 56 5 5
internal_value=0 -0.00646674 0.00591492 -0.0860035 0.0522322
internal_weight=100 89 77 12 11
internal_count=100 89 77 12 11
is_linear=0
shrinkage=0.048919


Tree=156
num_leaves=4
num_cat=0
split_feature=33 15 21
split_gain=14.0326 26.1516 16.8868
threshold=1.6851866842228327 168.2098466948438 61.500000000000007
decision_type=2 2 2
left_child=-1 -2 -3
right_child=1 2 -4
leaf_value=0.072504956925738037 -0.11347122458526654 -0.0037222240212085784 0.088786440872273581
leaf_weight=5.9999999999999991 4.9999999999999991 84 4.9999999999999991
leaf_count=6 5 84 5
internal_value=0 -0.00463999 0.00146339
internal_weight=100 94 89
internal_count=100 94 89
is_linear=0
shrinkage=0.048919


Tree=157
num_leaves=8
num_cat=0
split_feature=41 0 43 18 8 17 39
split_gain=13.1937 48.8257 78.3643 43.7022 43.6272 33.278 11.6883
threshold=3.2333333333333329 15.500000000000002 124.50000000000001 -6.2239583333333321 14.500000000000002 -9644.9192533539863 14.374253658895265
decision_type=2 2 2 2 2 2 2
left_child=1 5 -3 4 -2 -1 -5
right_child=3 2 -4 6 -6 -7 -8
leaf_value=-0.022245438014036275 -0.041018059050589376 0.028115521720642456 -0.1958410466716379 0.15485451456560043 0.052550326721185009 0.10276206556228576 0.056471950753365641
leaf_weight=13.999999999999998 32 6.9999999999999991 7.9999999999999991 4.9999999999999982 19 8.0000000000000018 7
leaf_count=14 32 7 8 5 19 8 7
internal_value=0 -0.023194 -0.0912583 0.0136083 -0.00613343 0.0231618 0.0975975
internal_weight=100 37 15 63 51 22 12
internal_count=100 37 15 63 51 22 12
is_linear=0
shrinkage=0.048919


Tree=158
num_leaves=6
num_cat=0
split_feature=5 5 36 14 13
split_gain=14.3952 64.1616 52.3626 41.1623 31.3043
threshold=3135.5000000000005 3021.0000000000005 3210.0034212630762 -25.009665409715975 6.9340342666460426
decision_type=2 2 2 2 2
left_child=1 3 -2 -1 -4
right_child=2 -3 4 -5 -6
leaf_value=-0.13223203220543578 -0.097421842869584149 -0.1628922824639765 0.14140784997962164 0.013008477062661101 -0.011017071271781666
leaf_weight=4.9999999999999991 5.0000000000000027 5.9999999999999991 8.9999999999999982 70 4.9999999999999991
leaf_count=5 5 6 9 70 5
internal_value=0 -0.00899642 0.0383121 0.00330418 0.086889
internal_weight=100 81 19 75 14
internal_count=100 81 19 75 14
is_linear=0
shrinkage=0.048919


Tree=159
num_leaves=5
num_cat=0
split_feature=28 3 3 43
split_gain=13.1749 23.5123 48.1047 22.9938
threshold=50.500000000000007 69.982198941292225 73.753472222222243 127.50000000000001
decision_type=2 2 2 2
left_child=-1 3 -3 -2
right_child=1 2 -4 -5
leaf_value=-0.070271491546251799 0.021001011345324661 -0.080059745337391783 0.014250564891847234 0.13600131205041505
leaf_weight=5.9999999999999991 25.000000000000004 18 46 4.9999999999999991
leaf_count=6 25 18 46 5
internal_value=0 0.00447871 -0.0122569 0.0402212
internal_weight=100 94 64 30
internal_count=100 94 64 30
is_linear=0
shrinkage=0.048919


Tree=160
num_leaves=4
num_cat=0
split_feature=36 15 40
split_gain=12.7275 23.3077 18.8461
threshold=1187.0805323668351 168.2098466948438 30060.000000000004
decision_type=2 2 2
left_child=-1 -2 -3
right_child=1 2 -4
leaf_value=0.069052900648760837 -0.10716071386923422 0.0084332664618511806 -0.070254399897012182
leaf_weight=5.9999999999999991 4.9999999999999991 81 7.9999999999999991
leaf_count=6 5 81 8
internal_value=0 -0.00441723 0.00134395
internal_weight=100 94 89
internal_count=100 94 89
is_linear=0
shrinkage=0.048919


Tree=161
num_leaves=4
num_cat=0
split_feature=37 29 13
split_gain=13.3896 24.0639 18.0451
threshold=-5.4660907859078582 5.0569553263313525 4.9762721787649102
decision_type=2 2 2
left_child=-1 2 -2
right_child=1 -3 -4
leaf_value=0.070826668207821936 0.040537125961695245 0.099839856991528489 -0.019939435711768226
leaf_weight=5.9999999999999991 13.999999999999998 4.9999999999999991 75
leaf_count=6 14 5 75
internal_value=0 -0.00453028 -0.010411
internal_weight=100 94 89
internal_count=100 94 89
is_linear=0
shrinkage=0.048919


Tree=162
num_leaves=6
num_cat=0
split_feature=5 5 41 17 28
split_gain=12.8762 56.972 37.6245 36.9091 29.9273
threshold=3135.5000000000005 3021.0000000000005 3.2333333333333329 -70919.26736111108 60.500000000000007
decision_type=2 2 2 2 2
left_child=1 3 -2 -1 -4
right_child=2 -3 4 -5 -6
leaf_value=-0.12525893824844672 -0.064953513646696284 -0.15352467016161761 0.0026460719733802556 0.012273096605268442 0.15173892021921115
leaf_weight=4.9999999999999991 6.0000000000000027 5.9999999999999991 5.9999999999999982 70 7
leaf_count=5 6 6 6 70 7
internal_value=0 -0.00850706 0.0362359 0.00308295 0.08304
internal_weight=100 81 19 75 13
internal_count=100 81 19 75 13
is_linear=0
shrinkage=0.048919


Tree=163
num_leaves=4
num_cat=0
split_feature=37 15 39
split_gain=12.5287 26.4806 29.776
threshold=-5.4660907859078582 155.35897687232264 8.5271634423798854
decision_type=2 2 2
left_child=-1 -2 -3
right_child=1 2 -4
leaf_value=0.068513592409641555 -0.11389485456695154 0.1177129289177382 -0.0051294758699751792
leaf_weight=5.9999999999999991 4.9999999999999991 4.9999999999999991 84
leaf_count=6 5 5 84
internal_value=0 -0.0043806 0.00176116
internal_weight=100 94 89
internal_count=100 94 89
is_linear=0
shrinkage=0.048919


Tree=164
num_leaves=6
num_cat=0
split_feature=5 5 36 16 6
split_gain=11.6891 51.3389 43.729 28.3772 27.3143
threshold=3135.5000000000005 3021.0000000000005 3210.0034212630762 19.513182675304765 17.000000000000004
decision_type=2 2 2 2 2
left_child=1 3 -2 -1 -4
right_child=2 -3 4 -5 -6
leaf_value=0.014715580126688001 -0.089505223236728021 -0.14576720542392996 0.13807979086819647 -0.073787208416919159 0
leaf_weight=65 5.0000000000000027 5.9999999999999991 7.9999999999999982 9.9999999999999982 6
leaf_count=65 5 6 8 10 6
internal_value=0 -0.00810532 0.0345252 0.00289595 0.0789215
internal_weight=100 81 19 75 14
internal_count=100 81 19 75 14
is_linear=0
shrinkage=0.048919


Tree=165
num_leaves=5
num_cat=0
split_feature=42 11 14 28
split_gain=11.8749 32.7045 29.2809 13.5254
threshold=570.00000000000011 57.500000000000007 -0.94009118815456805 78.000000000000014
decision_type=2 2 2 2
left_child=3 2 -2 -1
right_child=1 -3 -4 -5
leaf_value=0.10744059585809976 -0.0053437989731171644 -0.10002283880813144 0.099245249920239809 -0.0060986696248411226
leaf_weight=4.9999999999999982 75 7.9999999999999991 6.9999999999999991 5
leaf_count=5 75 8 7 5
internal_value=0 -0.00562503 0.00357228 0.0505591
internal_weight=100 90 82 10
internal_count=100 90 82 10
is_linear=0
shrinkage=0.048919


Tree=166
num_leaves=7
num_cat=0
split_feature=13 35 16 40 3 41
split_gain=12.0705 41.1438 40.3843 30.3124 28.4667 38.9518
threshold=5.6647959533865988 114.82741347150517 9.9642253244986403 23199.000000000004 68.189781746031755 10.245958287054181
decision_type=2 2 2 2 2 2
left_child=1 2 -1 -3 -2 -6
right_child=4 3 -4 -5 5 -7
leaf_value=0.08754799232867097 0.12600961923207646 -0.17206594489211738 -0.054268293952357792 -0.034907538955969243 -0.030043898058552579 0.055688577736435124
leaf_weight=12.000000000000002 4.9999999999999991 5.0000000000000027 7.9999999999999991 17 32 21
leaf_count=12 5 5 8 17 32 21
internal_value=0 -0.0199771 0.0307586 -0.0661559 0.0144569 0.00390288
internal_weight=100 42 20 22 58 53
internal_count=100 42 20 22 58 53
is_linear=0
shrinkage=0.048919


Tree=167
num_leaves=5
num_cat=0
split_feature=42 11 17 25
split_gain=11.2903 29.1207 25.9352 11.4676
threshold=570.00000000000011 57.500000000000007 -9644.9192533539863 0.15370878865304743
decision_type=2 2 2 2
left_child=3 2 -2 -1
right_child=1 -3 -4 -5
leaf_value=-0.0028478065612444208 -0.0076213034274287819 -0.094561186802265204 0.073088242381382021 0.10166848108828407
leaf_weight=4.9999999999999982 71 7.9999999999999991 10.999999999999998 5
leaf_count=5 71 8 11 5
internal_value=0 -0.00548555 0.00319235 0.0492981
internal_weight=100 90 82 10
internal_count=100 90 82 10
is_linear=0
shrinkage=0.048919


Tree=168
num_leaves=4
num_cat=0
split_feature=28 24 18
split_gain=11.3966 33.1964 16.0358
threshold=50.500000000000007 45.500000000000007 -26.244791666666664
decision_type=2 2 2
left_child=-1 -2 -3
right_child=1 2 -4
leaf_value=-0.065355693281676813 0.12678528699384997 -0.068779780363214582 0.0038005076256840569
leaf_weight=5.9999999999999991 4.9999999999999991 7.9999999999999991 81
leaf_count=6 5 8 81
internal_value=0 0.00416698 -0.00271136
internal_weight=100 94 89
internal_count=100 94 89
is_linear=0
shrinkage=0.048919


Tree=169
num_leaves=6
num_cat=0
split_feature=5 5 36 14 13
split_gain=11.5128 45.0194 38.6965 29.9877 25.134
threshold=3135.5000000000005 3021.0000000000005 3210.0034212630762 -25.009665409715975 6.9340342666460426
decision_type=2 2 2 2 2
left_child=1 3 -2 -1 -4
right_child=2 -3 4 -5 -6
leaf_value=-0.11342708450216527 -0.082403328068475876 -0.13695579243201328 0.12488226442668639 0.010541236079589206 -0.011678069234781896
leaf_weight=4.9999999999999991 5.0000000000000027 5.9999999999999991 8.9999999999999982 70 4.9999999999999991
leaf_count=5 5 6 9 70 5
internal_value=0 -0.0080451 0.0342627 0.00225576 0.076028
internal_weight=100 81 19 75 14
internal_count=100 81 19 75 14
is_linear=0
shrinkage=0.048919


Tree=170
num_leaves=6
num_cat=0
split_feature=27 27 34 1 16
split_gain=11.5024 51.0721 41.0214 31.3073 25.4115
threshold=4.7953947752971144 4.6511085226498095 150.00000000000003 26.151993614249864 16.778604038841106
decision_type=2 2 2 2 2
left_child=1 4 -2 -4 -1
right_child=2 -3 3 -5 -6
leaf_value=0.026265544602127169 0.11126711853052908 -0.12200791608750439 0.017322926364672333 -0.090848450074786077 -0.066443605258749303
leaf_weight=33 8.9999999999999982 8.9999999999999982 32 7.9999999999999991 8.9999999999999982
leaf_count=33 9 9 32 8 9
internal_value=0 -0.0162691 0.0169186 -0.00428471 0.00636596
internal_weight=100 51 49 40 42
internal_count=100 51 49 40 42
is_linear=0
shrinkage=0.048919


Tree=171
num_leaves=5
num_cat=0
split_feature=36 39 41 29
split_gain=11.0714 21.4654 33.0654 21.6203
threshold=1187.0805323668351 12.222944503235158 -4.203989504328506 2.6101876675603211
decision_type=2 2 2 2
left_child=-1 2 -2 -3
right_child=1 3 -4 -5
leaf_value=0.064403430678757104 0.048831381972769088 0.0009532249977001996 -0.075440462972896638 0.091730695653787067
leaf_weight=5.9999999999999991 7.0000000000000027 61 19 6.9999999999999991
leaf_count=6 7 61 19 7
internal_value=0 -0.00412008 -0.0419323 0.0103201
internal_weight=100 94 26 68
internal_count=100 94 26 68
is_linear=0
shrinkage=0.048919


Tree=172
num_leaves=6
num_cat=0
split_feature=5 5 36 14 13
split_gain=10.766 39.7041 32.9532 26.5555 23.1574
threshold=3135.5000000000005 3021.0000000000005 3210.0034212630762 -25.009665409715975 6.9340342666460426
decision_type=2 2 2 2 2
left_child=1 3 -2 -1 -4
right_child=2 -3 4 -5 -6
leaf_value=-0.10696684428314154 -0.074515322119911812 -0.1288401947599894 0.11857374917382994 0.0096919019442863498 -0.012501308448762894
leaf_weight=4.9999999999999991 5.0000000000000027 5.9999999999999991 8.9999999999999982 70 4.9999999999999991
leaf_count=5 5 6 9 70 5
internal_value=0 -0.00777868 0.0331339 0.00189396 0.0716779
internal_weight=100 81 19 75 14
internal_count=100 81 19 75 14
is_linear=0
shrinkage=0.048919


Tree=173
num_leaves=5
num_cat=0
split_feature=25 39 43 27
split_gain=10.632 16.0619 57.1768 21.6363
threshold=0.33995918382616169 12.222944503235158 124.50000000000001 4.7953947752971144
decision_type=2 2 2 2
left_child=1 2 -1 -3
right_child=-2 3 -4 -5
leaf_value=0.004941899668328073 0.058121551507530095 -0.021512678908907186 -0.15641826984898527 0.035087382894892348
leaf_weight=21.000000000000004 6.9999999999999991 30 6.9999999999999991 35
leaf_count=21 7 30 7 35
internal_value=0 -0.00438269 -0.0353649 0.00894501
internal_weight=100 93 28 65
internal_count=100 93 28 65
is_linear=0
shrinkage=0.048919


Tree=174
num_leaves=5
num_cat=0
split_feature=31 2 2 13
split_gain=10.2876 23.0718 24.6439 10.7121
threshold=1953.0000000000002 169.50000000000003 228.50000000000003 4.8879242772534459
decision_type=2 2 2 2
left_child=-1 3 -3 -2
right_child=1 2 -4 -5
leaf_value=0.062083716223941918 -0.023242649780179779 0.09989566191124824 -0.0029558107630044293 -0.12487612567720489
leaf_weight=5.9999999999999991 4.9999999999999982 5.9999999999999991 78 5
leaf_count=6 5 6 78 5
internal_value=0 -0.00396995 0.00437884 -0.0742073
internal_weight=100 94 84 10
internal_count=100 94 84 10
is_linear=0
shrinkage=0.048919


Tree=175
num_leaves=4
num_cat=0
split_feature=37 15 36
split_gain=10.0545 22.359 24.4172
threshold=-5.4660907859078582 155.35897687232264 2152.3236843405903
decision_type=2 2 2
left_child=-1 -2 -3
right_child=1 2 -4
leaf_value=0.061375881577004084 -0.10455698691168282 -0.052991623293008862 0.013727304898334205
leaf_weight=5.9999999999999991 4.9999999999999991 15.999999999999998 73
leaf_count=6 5 16 73
internal_value=0 -0.00392513 0.00171734
internal_weight=100 94 89
internal_count=100 94 89
is_linear=0
shrinkage=0.048919


Tree=176
num_leaves=5
num_cat=0
split_feature=31 2 2 2
split_gain=9.88243 19.8991 22.6628 8.60155
threshold=1953.0000000000002 169.50000000000003 228.50000000000003 125.00000000000001
decision_type=2 2 2 2
left_child=-1 3 -3 -2
right_child=1 2 -4 -5
leaf_value=0.06084846336903401 -0.023410693906150946 0.095459354759211024 -0.0031718679839293456 -0.11453836493249413
leaf_weight=5.9999999999999991 4.9999999999999982 5.9999999999999991 78 5
leaf_count=6 5 6 78 5
internal_value=0 -0.00389129 0.00386119 -0.069121
internal_weight=100 94 84 10
internal_count=100 94 84 10
is_linear=0
shrinkage=0.048919


Tree=177
num_leaves=6
num_cat=0
split_feature=16 16 1 23 16
split_gain=10.0055 26.1225 35.6895 22.936 13.8603
threshold=1.0000000180025095e-35 3.1454399698567319 15.525149487971095 24.693750000000005 -5.8883695976910309
decision_type=2 2 2 2 2
left_child=4 2 -2 -3 -1
right_child=1 3 -4 -5 -6
leaf_value=-0.0059308536356752553 -0.1723597724276463 0.026932824422362459 -0.001082969974805536 -0.027499210042880088 0.10414414731091204
leaf_weight=6 4.9999999999999982 46 7 31 4.9999999999999982
leaf_count=6 5 46 7 31 5
internal_value=0 -0.00544604 -0.0725781 0.00500198 0.0440024
internal_weight=100 89 12 77 11
internal_count=100 89 12 77 11
is_linear=0
shrinkage=0.048919


Tree=178
num_leaves=4
num_cat=0
split_feature=28 24 18
split_gain=9.74216 28.7715 13.3768
threshold=50.500000000000007 45.500000000000007 -26.244791666666664
decision_type=2 2 2
left_child=-1 -2 -3
right_child=1 2 -4
leaf_value=-0.060426945998224638 0.11800615288564058 -0.062894205623046442 0.0033953477271379566
leaf_weight=5.9999999999999991 4.9999999999999991 7.9999999999999991 81
leaf_count=6 5 8 81
internal_value=0 0.00385168 -0.00255089
internal_weight=100 94 89
internal_count=100 94 89
is_linear=0
shrinkage=0.048919


Tree=179
num_leaves=6
num_cat=0
split_feature=5 5 41 14 39
split_gain=9.92166 35.9823 27.6055 23.9934 15.7663
threshold=3135.5000000000005 3021.0000000000005 3.2333333333333329 -25.009665409715975 19.223996009490239
decision_type=2 2 2 2 2
left_child=1 3 -2 -1 -4
right_child=2 -3 4 -5 -6
leaf_value=-0.10173721396133113 -0.054851624032180836 -0.12271740148774028 0.13011526977934135 0.0091509960402406301 0.021792276552121567
leaf_weight=4.9999999999999991 6.0000000000000027 5.9999999999999991 5.9999999999999982 70 7
leaf_count=5 6 6 6 70 7
internal_value=0 -0.0074694 0.0318061 0.00173794 0.0719026
internal_weight=100 81 19 75 13
internal_count=100 81 19 75 13
is_linear=0
shrinkage=0.048919


Tree=180
num_leaves=5
num_cat=0
split_feature=43 39 17 42
split_gain=9.27795 30.5907 26.7768 25.367
threshold=169.50000000000003 17.952088009404644 -42361.320434544417 3510.0000000000005
decision_type=2 2 2 2
left_child=1 2 -1 -3
right_child=-2 3 -4 -5
leaf_value=-0.053700582940983475 -0.058969414342351104 0.0064433939990040162 0.010073082448002618 0.16252597649930028
leaf_weight=21 5.9999999999999991 4.9999999999999982 63 5
leaf_count=21 6 5 63 5
internal_value=0 0.0037591 -0.00585657 0.0846356
internal_weight=100 94 84 10
internal_count=100 94 84 10
is_linear=0
shrinkage=0.048919


Tree=181
num_leaves=7
num_cat=0
split_feature=41 43 37 43 8 42
split_gain=9.48723 28.1088 28.8712 22.303 47.0306 9.47968
threshold=3.2333333333333329 112.50000000000001 -1.5736111111111108 124.50000000000001 15.500000000000002 3450.0000000000005
decision_type=2 2 2 2 2 2
left_child=3 -2 -3 5 -5 -1
right_child=1 2 -4 4 -6 -7
leaf_value=0.063840258810032829 -0.068446429559124569 0.062022902063239106 -0.0095295716383527844 0.0066891811782884385 -0.1365490364781215 -0.017357480067201364
leaf_weight=7.9999999999999982 8.9999999999999982 26 28 14.000000000000002 8.9999999999999982 6
leaf_count=8 9 26 28 14 9 6
internal_value=0 0.0115419 0.0248997 -0.0196658 -0.0493157 0.0289544
internal_weight=100 63 54 37 23 14
internal_count=100 63 54 37 23 14
is_linear=0
shrinkage=0.048919


Tree=182
num_leaves=4
num_cat=0
split_feature=37 15 4
split_gain=9.11158 18.253 19.4512
threshold=-5.4660907859078582 155.35897687232264 22.500000000000004
decision_type=2 2 2
left_child=-1 -2 -3
right_child=1 2 -4
leaf_value=0.058426494986348443 -0.094660443117398393 -0.018365677083608683 0.027865810333163172
leaf_weight=5.9999999999999991 4.9999999999999991 51 38
leaf_count=6 5 51 38
internal_value=0 -0.00373709 0.00135965
internal_weight=100 94 89
internal_count=100 94 89
is_linear=0
shrinkage=0.048919


Tree=183
num_leaves=4
num_cat=0
split_feature=33 15 40
split_gain=9.23192 15.4849 15.227
threshold=1.6851866842228327 168.2098466948438 30060.000000000004
decision_type=2 2 2
left_child=-1 -2 -3
right_child=1 2 -4
leaf_value=0.058811323500697427 -0.087506573270850013 0.0063872383548802926 -0.074290317399504979
leaf_weight=5.9999999999999991 4.9999999999999991 83 5.9999999999999991
leaf_count=6 5 83 6
internal_value=0 -0.00376141 0.000931847
internal_weight=100 94 89
internal_count=100 94 89
is_linear=0
shrinkage=0.048919


Tree=184
num_leaves=5
num_cat=0
split_feature=43 39 17 3
split_gain=9.13017 26.6631 24.2303 17.1554
threshold=169.50000000000003 17.952088009404644 -42361.320434544417 84.991449080620896
decision_type=2 2 2 2
left_child=1 2 -1 -3
right_child=-2 3 -4 -5
leaf_value=-0.050759327276696291 -0.058497082682666152 0.14331214248216301 0.0099061947267522557 0.01486192516357759
leaf_weight=21 5.9999999999999991 4.9999999999999982 63 5
leaf_count=21 6 5 63 5
internal_value=0 0.00372988 -0.00524634 0.0792364
internal_weight=100 94 84 10
internal_count=100 94 84 10
is_linear=0
shrinkage=0.048919


Tree=185
num_leaves=7
num_cat=0
split_feature=41 43 43 6 23 39
split_gain=8.99917 23.8647 20.1584 42.1111 20.0873 14.3055
threshold=3.2333333333333329 112.50000000000001 124.50000000000001 15.500000000000002 24.693750000000005 8.5271634423798854
decision_type=2 2 2 2 2 2
left_child=2 -2 5 -4 -3 -1
right_child=1 4 3 -5 -6 -7
leaf_value=0.093409676877226441 -0.062457034086922894 0.048296231893826175 0.0056483475064158977 -0.12988620237847623 -0.012386062949448707 -0.0096665260575457337
leaf_weight=4.9999999999999991 8.9999999999999982 32 14.000000000000002 8.9999999999999982 22 8.9999999999999982
leaf_count=5 9 32 14 9 22 9
internal_value=0 0.0112418 -0.0191526 -0.0473415 0.023551 0.0270677
internal_weight=100 63 37 23 54 14
internal_count=100 63 37 23 54 14
is_linear=0
shrinkage=0.048919


Tree=186
num_leaves=8
num_cat=0
split_feature=42 35 18 38 34 1 2
split_gain=8.68138 18.9208 22.7575 16.5261 58.3046 21.4881 11.4582
threshold=5970.0000000000009 118.40465607634439 -4.5677083333333313 1.0000000180025095e-35 330.00000000000006 17.237333056093206 441.50000000000006
decision_type=2 2 2 2 2 2 2
left_child=3 2 -2 4 -1 -5 -3
right_child=1 6 -4 5 -6 -7 -8
leaf_value=0.0049516745576598303 -0.071394999463147493 0.0080155982206502573 0.045232731369738467 0.06831300795180309 -0.13260148815788139 -0.013707043929205366 0.10270370125004077
leaf_weight=28 8.0000000000000018 4.9999999999999991 8.0000000000000018 11.999999999999998 9.9999999999999982 21 7.9999999999999991
leaf_count=28 8 5 8 12 10 21 8
internal_value=0 0.0225467 -0.0130044 -0.0092166 -0.0312206 0.0160835 0.0663924
internal_weight=100 29 16 71 38 33 13
internal_count=100 29 16 71 38 33 13
is_linear=0
shrinkage=0.048919


Tree=187
num_leaves=7
num_cat=0
split_feature=9 9 3 13 18 20
split_gain=8.76855 29.1527 28.817 19.5534 25.1542 5.27062
threshold=32.500000000000007 30.500000000000004 69.982198941292225 6.7843041406079987 -24.584239130434778 11.500000000000002
decision_type=2 2 2 2 2 2
left_child=1 2 -1 4 -2 -5
right_child=3 -3 -4 5 -6 -7
leaf_value=0.034914175936845801 -0.040340479714682943 -0.092863565422705338 -0.03840135829885219 -0.074185966928113828 0.066634037927150294 -0.0059359047973620337
leaf_weight=29 7.0000000000000027 8.9999999999999982 23 4.9999999999999982 21 6
leaf_count=29 7 9 23 5 21 6
internal_value=0 -0.0115859 0.00246148 0.0181123 0.0398438 -0.037085
internal_weight=100 61 52 39 28 11
internal_count=100 61 52 39 28 11
is_linear=0
shrinkage=0.048919


Tree=188
num_leaves=4
num_cat=0
split_feature=43 15 36
split_gain=8.35074 12.3041 14.0267
threshold=169.50000000000003 584.29421116867559 3649.8907381669646
decision_type=2 2 2
left_child=1 2 -1
right_child=-2 -3 -4
leaf_value=0.013568233244625976 -0.055944662816411778 0.078216737497783489 -0.027191144004206459
leaf_weight=58 5.9999999999999991 4.9999999999999991 31
leaf_count=58 6 5 31
internal_value=0 0.00356694 -0.000615055
internal_weight=100 94 89
internal_count=100 94 89
is_linear=0
shrinkage=0.048919


Tree=189
num_leaves=8
num_cat=0
split_feature=21 0 38 18 37 29 43
split_gain=9.6757 37.9378 55.4202 24.7109 19.3357 15.398 10.3057
threshold=57.500000000000007 14.500000000000002 1.0000000180025095e-35 -17.875438596491225 -3.2291666666666656 0.74531290741472245 135.50000000000003
decision_type=2 2 2 2 2 2 2
left_child=1 4 -3 5 -1 -2 -5
right_child=3 2 -4 6 -6 -7 -8
leaf_value=-0.049907835541676646 0.028408838716115218 -0.14063668952340252 0.0112770291448767 0.01926192791322924 0.02941007110082652 0.14497001072426646 -0.05806609337653032
leaf_weight=8.9999999999999982 6.0000000000000018 11.000000000000002 11.999999999999998 10.000000000000002 40 5 6.9999999999999991
leaf_count=9 6 11 12 10 40 5 7
internal_value=0 -0.00949426 -0.0613309 0.0243944 0.0148136 0.0815304 -0.012509
internal_weight=100 72 23 28 49 11 17
internal_count=100 72 23 28 49 11 17
is_linear=0
shrinkage=0.048919


Tree=190
num_leaves=6
num_cat=0
split_feature=5 5 36 43 25
split_gain=8.82178 25.9148 25.4731 20.2707 18.0856
threshold=3135.5000000000005 3021.0000000000005 3210.0034212630762 139.50000000000003 0.20527598158197372
decision_type=2 2 2 2 2
left_child=1 3 -2 -1 -4
right_child=2 -3 4 -5 -6
leaf_value=-0.011396691581748426 -0.064635904572962574 -0.10484524274348499 0.015542587525583287 0.053866160853576261 0.12809668136749544
leaf_weight=61 5.0000000000000027 5.9999999999999991 7.9999999999999982 13.999999999999998 6
leaf_count=61 5 6 8 14 6
internal_value=0 -0.00704078 0.0299938 0.00077044 0.0638869
internal_weight=100 81 19 75 14
internal_count=100 81 19 75 14
is_linear=0
shrinkage=0.048919


Tree=191
num_leaves=4
num_cat=0
split_feature=20 25 39
split_gain=8.6366 13.8902 15.129
threshold=14.500000000000002 0.33995918382616169 12.222944503235158
decision_type=2 2 2
left_child=1 2 -1
right_child=-2 -3 -4
leaf_value=-0.039571412922971921 0.062642773938793403 0.068699573429453153 0.0047666797621465536
leaf_weight=26 4.9999999999999991 5.9999999999999991 63
leaf_count=26 5 6 63
internal_value=0 -0.00330231 -0.00817267
internal_weight=100 95 89
internal_count=100 95 89
is_linear=0
shrinkage=0.048919


Tree=192
num_leaves=4
num_cat=0
split_feature=28 24 21
split_gain=8.61169 24.1288 10.4212
threshold=50.500000000000007 45.500000000000007 57.500000000000007
decision_type=2 2 2
left_child=-1 -2 -3
right_child=1 2 -4
leaf_value=-0.05680849394828575 0.10816522990895232 -0.013590233794094402 0.022452660930269524
leaf_weight=5.9999999999999991 4.9999999999999991 61 28
leaf_count=6 5 61 28
internal_value=0 0.00362579 -0.00223632
internal_weight=100 94 89
internal_count=100 94 89
is_linear=0
shrinkage=0.048919


Tree=193
num_leaves=6
num_cat=0
split_feature=5 5 36 11 12
split_gain=7.65399 23.6476 22.7064 18.5438 13.5863
threshold=3135.5000000000005 3021.0000000000005 3210.0034212630762 57.500000000000007 21.500000000000004
decision_type=2 2 2 2 2
left_child=1 3 -2 -1 -4
right_child=2 -3 4 -5 -6
leaf_value=0.0093273571755480549 -0.061396852412964567 -0.099985124713632884 0.10167159314725099 -0.069457519022251682 0.0040701285302073755
leaf_weight=67 5.0000000000000027 5.9999999999999991 7.9999999999999982 7.9999999999999991 6
leaf_count=67 5 6 8 8 6
internal_value=0 -0.00655656 0.0279398 0.000904411 0.0599422
internal_weight=100 81 19 75 14
internal_count=100 81 19 75 14
is_linear=0
shrinkage=0.048919


Tree=194
num_leaves=5
num_cat=0
split_feature=42 11 15 18
split_gain=8.19077 18.2035 16.7316 7.20406
threshold=570.00000000000011 57.500000000000007 168.2098466948438 17.838541666666671
decision_type=2 2 2 2
left_child=3 2 -2 -1
right_child=1 -3 -4 -5
leaf_value=0.083496684658497786 0.080823373744063759 -0.075095701936201756 -0.0040052714144377484 0.00021169695020055199
leaf_weight=4.9999999999999982 5.9999999999999991 7.9999999999999991 76 5
leaf_count=5 6 8 76 5
internal_value=0 -0.00466897 0.0021889 0.0419928
internal_weight=100 90 82 10
internal_count=100 90 82 10
is_linear=0
shrinkage=0.048919


Tree=195
num_leaves=5
num_cat=0
split_feature=31 39 11 29
split_gain=7.63941 13.2509 24.0622 12.5575
threshold=1953.0000000000002 12.222944503235158 57.500000000000007 2.6101876675603211
decision_type=2 2 2 2
left_child=-1 2 -2 -3
right_child=1 3 -4 -5
leaf_value=0.053502976217629145 -0.0064314530038918072 -0.00010122576805622273 -0.11961834428746973 0.064991604654767082
leaf_weight=5.9999999999999991 18.000000000000004 62 5.9999999999999991 7.9999999999999991
leaf_count=6 18 62 6 8
internal_value=0 -0.00341757 -0.0347919 0.00732225
internal_weight=100 94 24 70
internal_count=100 94 24 70
is_linear=0
shrinkage=0.048919


Tree=196
num_leaves=6
num_cat=0
split_feature=27 27 34 17 14
split_gain=8.18136 33.1009 24.3872 22.0103 16.4022
threshold=4.7953947752971144 4.6511085226498095 150.00000000000003 -42361.320434544417 -19.577587570339293
decision_type=2 2 2 2 2
left_child=1 4 -2 -4 -1
right_child=2 -3 3 -5 -6
leaf_value=-0.070320938376960962 0.08701865185585915 -0.09884287535027371 -0.069430861473129254 0.017452673493132315 0.017010529094246381
leaf_weight=5.9999999999999991 8.9999999999999982 8.9999999999999982 8.9999999999999947 31.000000000000004 36
leaf_count=6 9 9 9 31 36
internal_value=0 -0.0137163 0.0142731 -0.00206809 0.00450049
internal_weight=100 51 49 40 42
internal_count=100 51 49 40 42
is_linear=0
shrinkage=0.048919


Tree=197
num_leaves=7
num_cat=0
split_feature=9 36 3 31 7 37
split_gain=7.50106 23.767 22.3935 18.1927 17.4619 17.071
threshold=32.500000000000007 3649.8907381669646 69.982198941292225 13220.000000000002 28.338645821422098 -2.2902777777777774
decision_type=2 2 2 2 2 2
left_child=1 2 -1 5 -5 -2
right_child=3 -3 -4 4 -6 -7
leaf_value=0.02786672336435923 -0.0043419904541395649 -0.10314076400191975 -0.034817635195698374 -0.092337895974862541 0.025540982158636885 0.073839194523441162
leaf_weight=30 11.999999999999998 5.9999999999999991 25 5.9999999999999982 6 15.000000000000002
leaf_count=30 12 6 25 6 6 15
internal_value=0 -0.0107143 -0.00060349 0.0167538 -0.0333011 0.0390484
internal_weight=100 61 55 39 12 27
internal_count=100 61 55 39 12 27
is_linear=0
shrinkage=0.048919


Tree=198
num_leaves=4
num_cat=0
split_feature=28 24 33
split_gain=7.97046 21.324 10.0029
threshold=50.500000000000007 45.500000000000007 3.8609478730752422
decision_type=2 2 2
left_child=-1 -2 -3
right_child=1 2 -4
leaf_value=-0.054653106653532423 0.10176368518909078 -0.011149489380222909 0.027469314305013579
leaf_weight=5.9999999999999991 4.9999999999999991 68 21
leaf_count=6 5 68 21
internal_value=0 0.00348766 -0.00202237
internal_weight=100 94 89
internal_count=100 94 89
is_linear=0
shrinkage=0.048919


Tree=199
num_leaves=4
num_cat=0
split_feature=42 7 1
split_gain=7.3364 15.5994 16.8746
threshold=8730.0000000000018 12.70399355540232 17.237333056093206
decision_type=2 2 2
left_child=1 -1 -3
right_child=-2 2 -4
leaf_value=-0.081016167019064736 -0.057740380539393912 0.038450574435557869 -0.0068631076986836285
leaf_weight=4.9999999999999991 4.9999999999999991 29 61
leaf_count=5 5 29 61
internal_value=0 0.00303846 0.00772467
internal_weight=100 95 90
internal_count=100 95 90
is_linear=0
shrinkage=0.048919


Tree=200
num_leaves=4
num_cat=0
split_feature=21 36 9
split_gain=7.76336 10.3927 13.6624
threshold=61.500000000000007 1187.0805323668351 32.500000000000007
decision_type=2 2 2
left_child=1 -1 -3
right_child=-2 2 -4
leaf_value=0.065132060001217629 0.053932809084426422 -0.023493328575147611 0.015384019494133681
leaf_weight=4.9999999999999991 5.9999999999999991 52 37
leaf_count=5 6 52 37
internal_value=0 -0.00344764 -0.00731664
internal_weight=100 94 89
internal_count=100 94 89
is_linear=0
shrinkage=0.048919


Tree=201
num_leaves=6
num_cat=0
split_feature=27 27 34 17 7
split_gain=7.36973 28.3376 21.053 19.2295 15.6425
threshold=4.7953947752971144 4.6511085226498095 150.00000000000003 -42361.320434544417 21.879604831824892
decision_type=2 2 2 2 2
left_child=1 4 -2 -4 -1
right_child=2 -3 3 -5 -6
leaf_value=0.026112795205656531 0.08113591196042419 -0.091782297292971327 -0.064600760578735913 0.016609484140198506 -0.036179738382770228
leaf_weight=27 8.9999999999999982 8.9999999999999982 8.9999999999999947 31.000000000000004 14.999999999999998
leaf_count=27 9 9 9 31 15
internal_value=0 -0.0130186 0.0135463 -0.00163453 0.00383437
internal_weight=100 51 49 40 42
internal_count=100 51 49 40 42
is_linear=0
shrinkage=0.048919


Tree=202
num_leaves=4
num_cat=0
split_feature=28 24 41
split_gain=7.08075 19.01 9.29665
threshold=50.500000000000007 45.500000000000007 10.245958287054181
decision_type=2 2 2
left_child=-1 -2 -3
right_child=1 2 -4
leaf_value=-0.051512177892706505 0.096078532240353551 -0.012638804520989253 0.021404034175945927
leaf_weight=5.9999999999999991 4.9999999999999991 61 28
leaf_count=6 5 61 28
internal_value=0 0.00328757 -0.00191413
internal_weight=100 94 89
internal_count=100 94 89
is_linear=0
shrinkage=0.048919


Tree=203
num_leaves=6
num_cat=0
split_feature=5 5 12 28 6
split_gain=6.96432 19.3663 16.1932 9.35361 21.9954
threshold=3135.5000000000005 3021.0000000000005 20.500000000000004 60.500000000000007 17.000000000000004
decision_type=2 2 2 2 2
left_child=1 2 -1 -2 -5
right_child=3 -3 -4 4 -6
leaf_value=-0.009896027442352533 -0.018149583685560699 -0.090803070322106272 0.050146380543471474 0.13122631729926312 -0.0029172050524915063
leaf_weight=62 7.0000000000000027 5.9999999999999991 12.999999999999998 4.9999999999999982 7
leaf_count=62 7 6 13 5 7
internal_value=0 -0.00625429 0.00049598 0.0266513 0.0528886
internal_weight=100 81 75 19 12
internal_count=100 81 75 19 12
is_linear=0
shrinkage=0.048919


Tree=204
num_leaves=6
num_cat=0
split_feature=27 27 34 17 16
split_gain=6.61415 25.6286 17.8943 17.5177 15.9657
threshold=4.7953947752971144 4.6511085226498095 150.00000000000003 -42361.320434544417 19.513182675304765
decision_type=2 2 2 2 2
left_child=1 4 -2 -4 -1
right_child=2 -3 3 -5 -6
leaf_value=0.017209545854397868 0.075145024756891055 -0.087238893175219975 -0.061261566838524614 0.016250641242837132 -0.063696732065687711
leaf_weight=35 8.9999999999999982 8.9999999999999982 8.9999999999999947 31.000000000000004 6.9999999999999991
leaf_count=35 9 9 9 31 7
internal_value=0 -0.0123342 0.0128321 -0.00116113 0.00369158
internal_weight=100 51 49 40 42
internal_count=100 51 49 40 42
is_linear=0
shrinkage=0.048919


Tree=205
num_leaves=7
num_cat=0
split_feature=7 43 18 1 16 1
split_gain=6.33831 31.4171 20.4719 13.2874 19.5224 18.4587
threshold=16.460064526275691 124.50000000000001 -0.61527622247106961 17.237333056093206 8.9157269274751112 18.413454954450703
decision_type=2 2 2 2 2 2
left_child=1 2 -1 4 -2 -5
right_child=3 -3 -4 5 -6 -7
leaf_value=-0.047095615071912011 0.0040146142137863147 -0.11848792672460701 0.067394978609457604 -0.062195272030423979 0.10691607375725445 0.0079097720778292715
leaf_weight=7.0000000000000009 12.000000000000002 5.9999999999999991 8 10.999999999999998 6.9999999999999991 49
leaf_count=7 12 6 8 11 7 49
internal_value=0 -0.0238882 0.0138829 0.00634721 0.0420028 -0.0049241
internal_weight=100 21 15 79 19 60
internal_count=100 21 15 79 19 60
is_linear=0
shrinkage=0.048919


Tree=206
num_leaves=7
num_cat=0
split_feature=0 43 13 32 5 17
split_gain=6.36905 14.9279 11.336 29.1278 24.5844 9.40674
threshold=12.500000000000002 123.50000000000001 6.2683479992042779 94.500000000000014 2588.5000000000005 -34092.133851575454
decision_type=2 2 2 2 2 2
left_child=1 -1 4 -4 -2 -3
right_child=2 5 3 -5 -6 -7
leaf_value=-0.045332251446077082 0.018757877438517822 0.09898603823501638 0.12616183214292534 -0.0035519158535865388 -0.048434439506109581 0.015263869483646239
leaf_weight=5.0000000000000027 23 6.0000000000000009 5.0000000000000027 24 30 6.9999999999999973
leaf_count=5 23 6 5 24 30 7
internal_value=0 0.0263458 -0.00578644 0.0187792 -0.0192522 0.0540156
internal_weight=100 18 82 29 53 13
internal_count=100 18 82 29 53 13
is_linear=0
shrinkage=0.048919


Tree=207
num_leaves=4
num_cat=0
split_feature=28 24 41
split_gain=6.62997 16.1337 7.882
threshold=50.500000000000007 45.500000000000007 10.245958287054181
decision_type=2 2 2
left_child=-1 -2 -3
right_child=1 2 -4
leaf_value=-0.049844877231213058 0.088665171042655144 -0.011485252923982329 0.019860669961006643
leaf_weight=5.9999999999999991 4.9999999999999991 61 28
leaf_count=6 5 61 28
internal_value=0 0.00318187 -0.00160907
internal_weight=100 94 89
internal_count=100 94 89
is_linear=0
shrinkage=0.048919


Tree=208
num_leaves=5
num_cat=0
split_feature=23 36 35 14
split_gain=6.07155 13.1986 13.2567 8.74465
threshold=15.449072508454348 2152.3236843405903 109.38820343131131 -14.605054909560726
decision_type=2 2 2 2
left_child=-1 3 -3 -2
right_child=1 2 -4 -5
leaf_value=0.047697568668256189 -0.095743279756274988 0.082826888694250367 0.00041855840985072283 -0.019440686418155839
leaf_weight=5.9999999999999991 5.0000000000000027 4.9999999999999991 71 12.999999999999998
leaf_count=6 5 5 71 13
internal_value=0 -0.00304693 0.00585975 -0.0407181
internal_weight=100 94 76 18
internal_count=100 94 76 18
is_linear=0
shrinkage=0.048919


Tree=209
num_leaves=6
num_cat=0
split_feature=5 5 43 36 13
split_gain=6.02046 17.0966 16.4628 15.3308 11.657
threshold=3135.5000000000005 3021.0000000000005 139.50000000000003 3210.0034212630762 6.9340342666460426
decision_type=2 2 2 2 2
left_child=1 2 -1 -2 -5
right_child=3 -3 -4 4 -6
leaf_value=-0.010435733086582978 -0.048599854054095691 -0.085253773236384514 0.04837890681645305 0.084359011759610261 -0.008574522642169435
leaf_weight=61 5.0000000000000027 5.9999999999999991 13.999999999999998 8.9999999999999982 4.9999999999999991
leaf_count=61 5 6 14 9 5
internal_value=0 -0.0058138 0.000527567 0.0247808 0.0510832
internal_weight=100 81 75 19 14
internal_count=100 81 75 19 14
is_linear=0
shrinkage=0.048919


Tree=210
num_leaves=4
num_cat=0
split_feature=21 23 0
split_gain=5.81447 9.17446 11.4228
threshold=61.500000000000007 15.449072508454348 15.500000000000002
decision_type=2 2 2
left_child=1 -1 -3
right_child=-2 2 -4
leaf_value=0.061451995388735574 0.046676264007494292 0.0061762044374997016 -0.030595601848468535
leaf_weight=4.9999999999999991 5.9999999999999991 58 31
leaf_count=5 6 58 31
internal_value=0 -0.00298231 -0.00661831
internal_weight=100 94 89
internal_count=100 94 89
is_linear=0
shrinkage=0.048919


Tree=211
num_leaves=4
num_cat=0
split_feature=28 24 38
split_gain=5.98957 14.7324 9.03913
threshold=50.500000000000007 45.500000000000007 1.0000000180025095e-35
decision_type=2 2 2
left_child=-1 -2 -3
right_child=1 2 -4
leaf_value=-0.047375502913612533 0.084712243157465977 -0.015650510340549397 0.015686221755040936
leaf_weight=5.9999999999999991 4.9999999999999991 49 40
leaf_count=6 5 49 40
internal_value=0 0.00302523 -0.00155231
internal_weight=100 94 89
internal_count=100 94 89
is_linear=0
shrinkage=0.048919


Tree=212
num_leaves=6
num_cat=0
split_feature=27 16 27 1 40
split_gain=5.85369 15.4141 14.4393 12.4285 8.32913
threshold=4.1996341839288984 10.444537163096152 4.2264107005839762 18.413454954450703 28017.500000000004
decision_type=2 2 2 2 2
left_child=1 4 -2 -4 -1
right_child=2 -3 3 -5 -6
leaf_value=-0.029343280622698656 0.07858634393872202 -0.075885203769034681 -0.024056765335850779 0.016195026877064971 0.059837215307471679
leaf_weight=5.0000000000000018 5.9999999999999991 7.9999999999999991 31 45 5
leaf_count=5 6 8 31 45 5
internal_value=0 -0.0252595 0.0055454 -0.000207106 0.0151248
internal_weight=100 18 82 76 10
internal_count=100 18 82 76 10
is_linear=0
shrinkage=0.048919


Tree=213
num_leaves=5
num_cat=0
split_feature=42 11 15 28
split_gain=5.6864 14.872 14.1632 6.60776
threshold=570.00000000000011 57.500000000000007 168.2098466948438 78.000000000000014
decision_type=2 2 2 2
left_child=3 2 -2 -1
right_child=1 -3 -4 -5
leaf_value=0.07475342212663641 0.074656170443327896 -0.067546944959043551 -0.0033891817539016362 -0.0045398504018380227
leaf_weight=4.9999999999999982 5.9999999999999991 7.9999999999999991 76 5
leaf_count=5 6 8 76 5
internal_value=0 -0.00388883 0.00230845 0.0349904
internal_weight=100 90 82 10
internal_count=100 90 82 10
is_linear=0
shrinkage=0.048919


Tree=214
num_leaves=6
num_cat=0
split_feature=27 27 34 17 16
split_gain=5.70984 21.1536 14.55 15.6488 13.955
threshold=4.7953947752971144 4.6511085226498095 150.00000000000003 -42361.320434544417 16.778604038841106
decision_type=2 2 2 2 2
left_child=1 4 -2 -4 -1
right_child=2 -3 3 -5 -6
leaf_value=0.01785363184522866 0.068113275081378113 -0.079509839407711877 -0.057496730913658173 0.015765015403907675 -0.050849847992510924
leaf_weight=33 8.9999999999999982 8.9999999999999982 8.9999999999999947 31.000000000000004 8.9999999999999982
leaf_count=33 9 9 9 31 9
internal_value=0 -0.011458 0.0119246 -0.000690203 0.00309884
internal_weight=100 51 49 40 42
internal_count=100 51 49 40 42
is_linear=0
shrinkage=0.048919


Tree=215
num_leaves=5
num_cat=0
split_feature=29 21 0 37
split_gain=5.62902 8.08477 17.2506 16.6294
threshold=5.0569553263313525 57.500000000000007 15.500000000000002 -1.5736111111111108
decision_type=2 2 2 2
left_child=1 2 -1 -3
right_child=-2 3 -4 -5
leaf_value=0.0027271727450029599 0.039350642782297079 0.05289776472043338 -0.053247618788350042 -0.028481129059567019
leaf_weight=49 7.9999999999999991 15.000000000000002 18 9.9999999999999982
leaf_count=49 8 15 18 10
internal_value=0 -0.00342359 -0.0122936 0.0202961
internal_weight=100 92 67 25
internal_count=100 92 67 25
is_linear=0
shrinkage=0.048919


Tree=216
num_leaves=6
num_cat=0
split_feature=27 16 27 14 40
split_gain=5.52417 14.5113 12.7081 8.56377 6.88806
threshold=4.1996341839288984 10.444537163096152 4.2264107005839762 -17.385175282234105 28017.500000000004
decision_type=2 2 2 2 2
left_child=1 4 -2 -4 -1
right_child=2 -3 3 -5 -6
leaf_value=-0.025778259471243511 0.073909116061567179 -0.073659760388644566 0.026547840798454563 -0.01017197148769421 0.05530807924557235
leaf_weight=5.0000000000000018 5.9999999999999991 7.9999999999999991 21 55 5
leaf_count=5 6 8 21 55 5
internal_value=0 -0.0245381 0.00538715 -8.4321e-06 0.0146427
internal_weight=100 18 82 76 10
internal_count=100 18 82 76 10
is_linear=0
shrinkage=0.048919


Tree=217
num_leaves=4
num_cat=0
split_feature=16 7 42
split_gain=5.59894 15.4081 8.90922
threshold=-1.5263888888888884 12.70399355540232 8220.0000000000018
decision_type=2 2 2
left_child=-1 -2 -3
right_child=1 2 -4
leaf_value=0.036800671727754745 -0.087100942313610444 0.0059017817732242989 -0.051664701387012929
leaf_weight=8.9999999999999982 4.9999999999999991 79 6.9999999999999991
leaf_count=9 5 79 7
internal_value=0 -0.00364055 0.00119984
internal_weight=100 91 86
internal_count=100 91 86
is_linear=0
shrinkage=0.048919


Tree=218
num_leaves=5
num_cat=0
split_feature=23 36 35 17
split_gain=5.41054 9.96611 12.4429 6.07696
threshold=15.449072508454348 2152.3236843405903 109.38820343131131 -34092.133851575454
decision_type=2 2 2 2
left_child=-1 3 -3 -2
right_child=1 2 -4 -5
leaf_value=0.045027244591069937 -0.075850330579241079 0.079429434774028182 -0.00037427779920679662 -0.015372236839063072
leaf_weight=5.9999999999999991 6.0000000000000027 4.9999999999999991 71 11.999999999999998
leaf_count=6 6 5 71 12
internal_value=0 -0.0028754 0.00486214 -0.0356108
internal_weight=100 94 76 18
internal_count=100 94 76 18
is_linear=0
shrinkage=0.048919


Tree=219
num_leaves=5
num_cat=0
split_feature=29 13 32 3
split_gain=5.18382 7.3159 24.3323 14.7165
threshold=5.0569553263313525 6.2683479992042779 94.500000000000014 81.114550218340625
decision_type=2 2 2 2
left_child=1 3 -3 -1
right_child=-2 2 -4 -5
leaf_value=-0.019267902471476406 0.037762448744841103 0.11533191777685989 -0.0036630153200858922 0.068079645549695006
leaf_weight=59 7.9999999999999991 5.0000000000000027 23 4.9999999999999991
leaf_count=59 8 5 23 5
internal_value=0 -0.00328542 0.0175506 -0.0124213
internal_weight=100 92 28 64
internal_count=100 92 28 64
is_linear=0
shrinkage=0.048919


Tree=220
num_leaves=7
num_cat=0
split_feature=0 7 11 4 3 25
split_gain=5.11303 12.0122 8.33148 12.8876 9.91276 4.02996
threshold=12.500000000000002 17.656856111112031 49.500000000000007 22.500000000000004 69.982198941292225 0.27001190751665488
decision_type=2 2 2 2 2 2
left_child=1 -1 3 -2 -4 -3
right_child=2 5 4 -5 -6 -7
leaf_value=-0.032768228410654229 -0.070228617240410018 0.027656841824755706 0.038799353441682873 0.025792577532728022 -0.0074729985524144933 0.085557145602698462
leaf_weight=6.0000000000000027 9.9999999999999982 6.9999999999999982 13.999999999999998 4.9999999999999991 53 5
leaf_count=6 10 7 14 5 53 5
internal_value=0 0.0236077 -0.00518242 -0.0381384 0.00217822 0.0519022
internal_weight=100 18 82 15 67 12
internal_count=100 18 82 15 67 12
is_linear=0
shrinkage=0.048919


Tree=221
num_leaves=5
num_cat=0
split_feature=16 28 3 4
split_gain=4.84819 11.4365 23.4952 15.3398
threshold=-1.5263888888888884 65.500000000000014 82.777521204754791 22.500000000000004
decision_type=2 2 2 2
left_child=-1 3 -3 -2
right_child=1 2 -4 -5
leaf_value=0.034245553529148799 -0.008072434722765533 -0.1284095336469403 -0.0035468484328290638 0.043021478432205371
leaf_weight=8.9999999999999982 54 5.0000000000000027 12.999999999999998 19
leaf_count=9 54 5 13 19
internal_value=0 -0.00338677 -0.0383163 0.00520982
internal_weight=100 91 18 73
internal_count=100 91 18 73
is_linear=0
shrinkage=0.048919


Tree=222
num_leaves=5
num_cat=0
split_feature=23 36 0 25
split_gain=4.81951 8.76635 11.9044 5.22758
threshold=15.449072508454348 2152.3236843405903 12.500000000000002 0.25822398924237527
decision_type=2 2 2 2
left_child=-1 3 -3 -2
right_child=1 2 -4 -5
leaf_value=0.04249712715117579 -0.070742777196371551 0.051605996155572903 -0.0034046383064170499 -0.014634435019896214
leaf_weight=5.9999999999999991 6.0000000000000027 10.999999999999998 65 11.999999999999998
leaf_count=6 6 11 65 12
internal_value=0 -0.00271352 0.00454243 -0.0334159
internal_weight=100 94 76 18
internal_count=100 94 76 18
is_linear=0
shrinkage=0.048919


Tree=223
num_leaves=7
num_cat=0
split_feature=42 17 38 34 42 17
split_gain=5.09358 13.5221 12.0495 33.8164 10.118 9.18364
threshold=5970.0000000000009 -43752.196386946373 1.0000000180025095e-35 330.00000000000006 2850.0000000000005 -34092.133851575454
decision_type=2 2 2 2 2 2
left_child=2 -2 3 -1 -4 -3
right_child=1 5 4 -5 -6 -7
leaf_value=0.0016892614416389202 0.071389114592500483 -0.054474038000568457 0.044228593049461466 -0.10305526524535465 -0.010126034913876921 0.017107964621984894
leaf_weight=28 8.0000000000000018 6.0000000000000027 14.999999999999998 9.9999999999999982 18 14.999999999999998
leaf_count=28 8 6 15 10 18 15
internal_value=0 0.0172737 -0.00705636 -0.0258475 0.014544 -0.00328846
internal_weight=100 29 71 38 33 21
internal_count=100 29 71 38 33 21
is_linear=0
shrinkage=0.048919


Tree=224
num_leaves=5
num_cat=0
split_feature=13 2 2 29
split_gain=4.76059 17.3174 16.6027 11.4945
threshold=4.8879242772534459 169.50000000000003 228.50000000000003 0.53426573815149936
decision_type=2 2 2 2
left_child=3 -2 -3 -1
right_child=1 2 -4 -5
leaf_value=0.085557076975316379 -0.084150373233405698 0.088279827126382229 -0.0036800439144593173 -0.011406481649733465
leaf_weight=4.9999999999999982 5.9999999999999991 4.9999999999999991 77 7
leaf_count=5 6 5 77 7
internal_value=0 -0.00394152 0.00191475 0.0289004
internal_weight=100 88 82 12
internal_count=100 88 82 12
is_linear=0
shrinkage=0.048919


Tree=225
num_leaves=4
num_cat=0
split_feature=28 24 28
split_gain=4.80277 12.1462 6.41604
threshold=50.500000000000007 45.500000000000007 54.500000000000007
decision_type=2 2 2
left_child=-1 -2 -3
right_child=1 2 -4
leaf_value=-0.04242325953917199 0.076880595880135169 -0.046399733472672351 0.0023772365396707378
leaf_weight=5.9999999999999991 4.9999999999999991 6.9999999999999991 82
leaf_count=6 5 7 82
internal_value=0 0.00270878 -0.00144632
internal_weight=100 94 89
internal_count=100 94 89
is_linear=0
shrinkage=0.048919


Tree=226
num_leaves=4
num_cat=0
split_feature=29 37 37
split_gain=4.7536 6.3068 9.8494
threshold=5.0569553263313525 -4.7896381421718095 -3.879166666666666
decision_type=2 2 2
left_child=1 -1 -3
right_child=-2 2 -4
leaf_value=0.045306382787720409 0.036161794505212362 -0.058229019231829292 -0.0012229864261251574
leaf_weight=5.9999999999999991 7.9999999999999991 7.9999999999999991 78
leaf_count=6 8 8 78
internal_value=0 -0.00314585 -0.00654237
internal_weight=100 92 86
internal_count=100 92 86
is_linear=0
shrinkage=0.048919


Tree=227
num_leaves=6
num_cat=0
split_feature=5 5 11 41 28
split_gain=4.59566 13.2804 12.4375 10.6742 9.15696
threshold=3135.5000000000005 3021.0000000000005 57.500000000000007 3.2333333333333329 60.500000000000007
decision_type=2 2 2 2 2
left_child=1 2 -1 -2 -5
right_child=3 -3 -4 4 -6
leaf_value=0.0074087484130776864 -0.032185701705365763 -0.075094717106689038 -0.057113682115678487 0.0020297434836415757 0.084600899193550558
leaf_weight=67 6.0000000000000027 5.9999999999999991 7.9999999999999991 5.9999999999999982 7
leaf_count=67 6 6 8 6 7
internal_value=0 -0.00507948 0.000507547 0.0216508 0.0465974
internal_weight=100 81 75 19 13
internal_count=100 81 75 19 13
is_linear=0
shrinkage=0.048919


Tree=228
num_leaves=5
num_cat=0
split_feature=42 11 15 28
split_gain=4.62569 11.095 12.7424 4.75466
threshold=570.00000000000011 57.500000000000007 168.2098466948438 78.000000000000014
decision_type=2 2 2 2
left_child=3 2 -2 -1
right_child=1 -3 -4 -5
leaf_value=0.065283060786393787 0.070467568605273895 -0.058491442672526463 -0.003560603003503192 -0.0019316482760112228
leaf_weight=4.9999999999999982 5.9999999999999991 7.9999999999999991 76 5
leaf_count=5 6 8 76 5
internal_value=0 -0.00350775 0.00184295 0.0315583
internal_weight=100 90 82 10
internal_count=100 90 82 10
is_linear=0
shrinkage=0.048919


Tree=229
num_leaves=5
num_cat=0
split_feature=21 0 13 26
split_gain=4.68801 13.9823 7.58393 5.22669
threshold=60.500000000000007 16.500000000000004 5.5749565327861772 16.500000000000004
decision_type=2 2 2 2
left_child=1 2 -1 -2
right_child=3 -3 -4 -5
leaf_value=-0.015731364298816771 0.00019968560963239042 -0.061965139108877243 0.015414260030727678 0.060750954166416418
leaf_weight=32 7.9999999999999982 8.9999999999999982 45 6
leaf_count=32 8 9 45 6
internal_value=0 -0.0042746 0.00245408 0.0262478
internal_weight=100 86 77 14
internal_count=100 86 77 14
is_linear=0
shrinkage=0.048919


Tree=230
num_leaves=6
num_cat=0
split_feature=27 27 16 34 17
split_gain=4.60987 16.6821 13.5792 10.5688 12.8523
threshold=4.7953947752971144 4.6511085226498095 16.778604038841106 150.00000000000003 -42361.320434544417
decision_type=2 2 2 2 2
left_child=1 2 -1 -2 -5
right_child=3 -3 -4 4 -6
leaf_value=0.017184152470063795 0.058602181064001869 -0.070728229550797841 -0.050589015435836424 -0.051516779028176425 0.014878372510214189
leaf_weight=33 8.9999999999999982 8.9999999999999982 8.9999999999999982 8.9999999999999947 31.000000000000004
leaf_count=33 9 9 9 9 31
internal_value=0 -0.0102951 0.00262872 0.0107149 -3.15415e-05
internal_weight=100 51 42 49 40
internal_count=100 51 42 49 40
is_linear=0
shrinkage=0.048919


Tree=231
num_leaves=4
num_cat=0
split_feature=28 24 18
split_gain=4.3739 10.7228 6.80288
threshold=50.500000000000007 45.500000000000007 -26.244791666666664
decision_type=2 2 2
left_child=-1 -2 -3
right_child=1 2 -4
leaf_value=-0.040484883763133465 0.072275610533362206 -0.044354999196435235 0.0029181589988259804
leaf_weight=5.9999999999999991 4.9999999999999991 7.9999999999999991 81
leaf_count=6 5 8 81
internal_value=0 0.00258501 -0.0013182
internal_weight=100 94 89
internal_count=100 94 89
is_linear=0
shrinkage=0.048919


Tree=232
num_leaves=6
num_cat=0
split_feature=5 5 43 16 42
split_gain=4.47179 11.7433 11.2922 10.4748 5.51942
threshold=3135.5000000000005 3021.0000000000005 139.50000000000003 14.486165912708385 2100.0000000000005
decision_type=2 2 2 2 2
left_child=1 2 -1 4 -2
right_child=3 -3 -4 -5 -6
leaf_value=-0.0088348920615278475 0.02316815686961652 -0.070848702001390901 0.039875915786388945 0.059660670168158104 -0.04940775453820203
leaf_weight=61 5.0000000000000018 5.9999999999999991 13.999999999999998 8.9999999999999982 5
leaf_count=61 5 6 14 9 5
internal_value=0 -0.0050106 0.000242104 0.021357 -0.0129971
internal_weight=100 81 75 19 10
internal_count=100 81 75 19 10
is_linear=0
shrinkage=0.048919


Tree=233
num_leaves=5
num_cat=0
split_feature=43 5 41 1
split_gain=4.23566 6.21707 15.6882 12.8994
threshold=169.50000000000003 3135.5000000000005 3.2333333333333329 25.249931667858309
decision_type=2 2 2 2
left_child=1 3 -3 -1
right_child=-2 2 -4 -5
leaf_value=0.0021990926868988383 -0.039839964335161043 -0.02969501357106058 0.072299771104546995 -0.078953847453024598
leaf_weight=74 5.9999999999999991 5.9999999999999991 8.9999999999999982 4.9999999999999991
leaf_count=74 6 6 9 5
internal_value=0 0.00254383 0.0314196 -0.00292385
internal_weight=100 94 15 79
internal_count=100 94 15 79
is_linear=0
shrinkage=0.048919


Tree=234
num_leaves=5
num_cat=0
split_feature=23 36 35 17
split_gain=4.18298 8.14995 10.0838 4.54474
threshold=15.449072508454348 2152.3236843405903 109.38820343131131 -34092.133851575454
decision_type=2 2 2 2
left_child=-1 3 -3 -2
right_child=1 2 -4 -5
leaf_value=0.039590161325049944 -0.066944510150442088 0.071593853005827948 -0.00024567836138274831 -0.014609835514470534
leaf_weight=5.9999999999999991 6.0000000000000027 4.9999999999999991 71 11.999999999999998
leaf_count=6 6 5 71 12
internal_value=0 -0.00252922 0.0044665 -0.032133
internal_weight=100 94 76 18
internal_count=100 94 76 18
is_linear=0
shrinkage=0.048919


Tree=235
num_leaves=6
num_cat=0
split_feature=16 16 1 36 16
split_gain=4.155 12.0369 18.4682 9.64964 7.71954
threshold=1.0000000180025095e-35 3.1454399698567319 15.525149487971095 3649.8907381669646 -5.8883695976910309
decision_type=2 2 2 2 2
left_child=4 2 -2 -3 -1
right_child=1 3 -4 -5 -6
leaf_value=-0.0088657688613651576 -0.12086130332433015 0.016684332863175753 0.0020403403624640083 -0.019306946225890378 0.073258821486425957
leaf_weight=6 4.9999999999999982 49 7 28 4.9999999999999982
leaf_count=6 5 49 7 28 5
internal_value=0 -0.00350743 -0.04908 0.00357993 0.028358
internal_weight=100 89 12 77 11
internal_count=100 89 12 77 11
is_linear=0
shrinkage=0.048919


Tree=236
num_leaves=5
num_cat=0
split_feature=33 36 0 25
split_gain=4.15152 7.47283 9.54696 4.22408
threshold=1.6851866842228327 2152.3236843405903 12.500000000000002 0.25822398924237527
decision_type=2 2 2 2
left_child=-1 3 -3 -2
right_child=1 2 -4 -5
leaf_value=0.039440481547235791 -0.0644303333022095 0.046325169860701017 -0.0029369795367713549 -0.013969466998590606
leaf_weight=5.9999999999999991 6.0000000000000027 10.999999999999998 65 11.999999999999998
leaf_count=6 6 11 65 12
internal_value=0 -0.00252023 0.00417791 -0.0308677
internal_weight=100 94 76 18
internal_count=100 94 76 18
is_linear=0
shrinkage=0.048919


Tree=237
num_leaves=6
num_cat=0
split_feature=27 16 27 1 40
split_gain=4.1057 10.0849 8.84368 8.32968 5.21252
threshold=4.1996341839288984 10.444537163096152 4.2264107005839762 18.413454954450703 28017.500000000004
decision_type=2 2 2 2 2
left_child=1 4 -2 -4 -1
right_child=2 -3 3 -5 -6
leaf_value=-0.023656393484785137 0.061804400659066221 -0.062109495403679681 -0.019384009679850815 0.01356863289123561 0.046878354750986347
leaf_weight=5.0000000000000018 5.9999999999999991 7.9999999999999991 31 45 5
leaf_count=5 6 8 31 45 5
internal_value=0 -0.0211565 0.00464218 0.000110546 0.0114878
internal_weight=100 18 82 76 10
internal_count=100 18 82 76 10
is_linear=0
shrinkage=0.048919


Tree=238
num_leaves=8
num_cat=0
split_feature=4 23 23 18 41 41 11
split_gain=3.87163 24.9332 19.6363 17.6683 13.295 18.9645 9.21712
threshold=22.500000000000004 25.364583333333339 29.522916666666671 -20.580018939393934 5.5604166666666677 -5.7854166666666673 56.500000000000007
decision_type=2 2 2 2 2 2 2
left_child=1 3 -3 -1 5 -2 -6
right_child=4 2 -4 -5 6 -7 -8
leaf_value=0.093439562280820357 0.031039294135969436 -0.14695622500052774 -0.009581289689162345 -0.0035590066600489833 0.021047488346507725 -0.059750887013281788 0.098596984065946414
leaf_weight=4.9999999999999991 11.000000000000002 4.9999999999999982 5 44 14.000000000000002 10.999999999999998 4.9999999999999991
leaf_count=5 11 5 5 44 14 11 5
internal_value=0 -0.00802578 -0.0784179 0.00631791 0.0115443 -0.0143002 0.0415337
internal_weight=100 59 10 49 41 22 19
internal_count=100 59 10 49 41 22 19
is_linear=0
shrinkage=0.048919


Tree=239
num_leaves=6
num_cat=0
split_feature=37 18 0 16 31
split_gain=3.8643 17.993 14.5093 13.7599 10.2771
threshold=-2.9004603837821095 -20.580018939393934 15.500000000000002 19.513182675304765 13220.000000000002
decision_type=2 2 2 2 2
left_child=1 -1 -3 4 -2
right_child=3 2 -4 -5 -6
leaf_value=0.051806333910739757 0.022169996837432288 0.0013646965552240077 -0.069159533889682934 -0.063255822529824299 -0.040982779141109593
leaf_weight=7.9999999999999991 51 15.000000000000002 12.999999999999998 5.9999999999999991 6.9999999999999991
leaf_count=8 51 15 13 6 7
internal_value=0 -0.0128231 -0.0313373 0.00721041 0.0145246
internal_weight=100 36 28 64 58
internal_count=100 36 28 64 58
is_linear=0
shrinkage=0.048919


Tree=240
num_leaves=6
num_cat=0
split_feature=27 27 40 42 42
split_gain=3.79068 27.2406 10.5251 8.10636 6.29812
threshold=4.7317887194726662 4.6005191651550321 23199.000000000004 5430.0000000000009 570.00000000000011
decision_type=2 2 2 2 2
left_child=1 2 -1 4 -2
right_child=3 -3 -4 -5 -6
leaf_value=-0.036128782546132172 0.043657088849217887 -0.10754953516580057 0.020326487007117193 0.054127278463610595 -0.0066284594454688846
leaf_weight=10.999999999999998 6.9999999999999991 5.9999999999999991 28 7.9999999999999991 40
leaf_count=11 7 6 28 8 40
internal_value=0 -0.0105311 0.00436926 0.00861305 0.000836175
internal_weight=100 45 39 55 47
internal_count=100 45 39 55 47
is_linear=0
shrinkage=0.048919


Tree=241
num_leaves=4
num_cat=0
split_feature=16 7 32
split_gain=3.84545 10.8205 7.47592
threshold=-1.5263888888888884 12.70399355540232 85.500000000000014
decision_type=2 2 2
left_child=-1 -2 -3
right_child=1 2 -4
leaf_value=0.030496429885533312 -0.072960478586063304 0.059079785964599736 -0.0025343992169575081
leaf_weight=8.9999999999999982 4.9999999999999991 4.9999999999999991 81
leaf_count=9 5 5 81
internal_value=0 -0.00301899 0.00103497
internal_weight=100 91 86
internal_count=100 91 86
is_linear=0
shrinkage=0.048919


Tree=242
num_leaves=8
num_cat=0
split_feature=4 23 23 18 0 41 27
split_gain=3.59491 22.0483 16.9036 15.0444 12.3197 16.0724 6.68647
threshold=22.500000000000004 25.364583333333339 29.522916666666671 -20.580018939393934 15.500000000000002 5.5604166666666677 4.4057985604037411
decision_type=2 2 2 2 2 2 2
left_child=1 3 -3 -1 6 -6 -2
right_child=4 2 -4 -5 5 -7 -8
leaf_value=0.086147049094754721 0.0061248443084139523 -0.1375226018941042 -0.010038374281134495 -0.0033585305896164648 -0.051466630343691595 0.028558882971125223 0.06867308657284657
leaf_weight=4.9999999999999991 7.0000000000000027 4.9999999999999982 5 44 12.000000000000002 11.999999999999998 9.9999999999999982
leaf_count=5 7 5 5 44 12 12 10
internal_value=0 -0.00773348 -0.0739283 0.00575341 0.0111243 -0.0114025 0.0429978
internal_weight=100 59 10 49 41 24 17
internal_count=100 59 10 49 41 24 17
is_linear=0
shrinkage=0.048919


Tree=243
num_leaves=7
num_cat=0
split_feature=37 18 26 18 4 36
split_gain=3.65527 14.9467 12.8304 11.5273 10.7038 8.25126
threshold=-2.9004603837821095 -20.580018939393934 14.500000000000002 -19.072222222222219 22.500000000000004 2152.3236843405903
decision_type=2 2 2 2 2 2
left_child=1 -1 -3 4 -2 -5
right_child=3 2 -4 5 -6 -7
leaf_value=0.046426786726042682 -0.08258434377204299 -0.0045874105667834441 -0.073775247877496661 -0.015667368287888166 0.014126030685240265 0.028063760923119251
leaf_weight=7.9999999999999991 5.9999999999999982 18.000000000000004 9.9999999999999982 13.999999999999998 5 39
leaf_count=8 6 18 10 14 5 39
internal_value=0 -0.0124713 -0.0293476 0.00701281 -0.0385179 0.016488
internal_weight=100 36 28 64 11 53
internal_count=100 36 28 64 11 53
is_linear=0
shrinkage=0.048919


Tree=244
num_leaves=5
num_cat=0
split_feature=21 0 27 26
split_gain=3.36925 10.3346 6.18676 3.23121
threshold=60.500000000000007 16.500000000000004 4.7953947752971144 16.500000000000004
decision_type=2 2 2 2
left_child=1 2 -1 -2
right_child=3 -3 -4 -5
leaf_value=-0.010154001423302632 0.00172965417449185 -0.053224238865069204 0.017763955540283032 0.049386136971517114
leaf_weight=43 7.9999999999999982 8.9999999999999982 34 6
leaf_count=43 8 9 34 6
internal_value=0 -0.00362543 0.00215718 0.0222502
internal_weight=100 86 77 14
internal_count=100 86 77 14
is_linear=0
shrinkage=0.048919


Tree=245
num_leaves=5
num_cat=0
split_feature=36 1 40 1
split_gain=3.32195 5.71712 15.6423 5.4409
threshold=1187.0805323668351 13.626776296959713 25710.000000000004 17.237333056093206
decision_type=2 2 2 2
left_child=-1 2 -2 -3
right_child=1 3 -4 -5
leaf_value=0.035280344478422127 -0.099311099331299391 0.022988485857953021 0.017678436044721961 -0.0053816825225405712
leaf_weight=5.9999999999999991 4.9999999999999982 22 6 61
leaf_count=6 5 22 6 61
internal_value=0 -0.00225461 -0.0353957 0.00212341
internal_weight=100 94 11 83
internal_count=100 94 11 83
is_linear=0
shrinkage=0.048919


Tree=246
num_leaves=6
num_cat=0
split_feature=5 23 1 33 24
split_gain=3.41998 10.2328 9.94682 6.10916 5.74787
threshold=3177.5000000000005 23.975000000000005 25.249931667858309 4.5819222108689077 58.500000000000007
decision_type=2 2 2 2 2
left_child=2 -2 4 -3 -1
right_child=1 3 -4 -5 -6
leaf_value=0.0066749860106453509 -0.037145305640919897 0.08043624337418348 -0.070842556561344514 0.0069264415972732918 -0.026965463780582559
leaf_weight=64 4.9999999999999991 5.9999999999999982 4.9999999999999991 5 14.999999999999998
leaf_count=64 5 6 5 5 15
internal_value=0 0.0207255 -0.00394938 0.0471483 0.000270787
internal_weight=100 16 84 11 79
internal_count=100 16 84 11 79
is_linear=0
shrinkage=0.048919


Tree=247
num_leaves=5
num_cat=0
split_feature=16 16 16 23
split_gain=3.50898 10.2341 6.42642 6.12133
threshold=1.0000000180025095e-35 2.2165979124320505 -5.8883695976910309 24.693750000000005
decision_type=2 2 2 2
left_child=2 -2 -1 -3
right_child=1 3 -4 -5
leaf_value=-0.0078854943132440729 -0.064908916611231854 0.011760488747934944 0.067030459349558938 -0.015530302832093943
leaf_weight=6 5.9999999999999991 51 4.9999999999999982 32
leaf_count=6 6 51 5 32
internal_value=0 -0.00322278 0.0260608 0.00122332
internal_weight=100 89 11 83
internal_count=100 89 11 83
is_linear=0
shrinkage=0.048919


Tree=248
num_leaves=8
num_cat=0
split_feature=4 23 42 0 41 35 27
split_gain=3.53946 18.134 16.315 10.7431 13.205 9.68677 5.85483
threshold=22.500000000000004 25.364583333333339 3630.0000000000005 15.500000000000002 5.5604166666666677 132.66777907598726 4.4057985604037411
decision_type=2 2 2 2 2 2 2
left_child=1 5 -3 6 -5 -1 -2
right_child=3 2 -4 4 -6 -7 -8
leaf_value=-0.010560174262879564 0.0062841280645392827 -0.0049455176033691116 -0.1301728592995747 -0.046313274423972789 0.026221478772443556 0.035806657839530506 0.064830299161493174
leaf_weight=33 7.0000000000000027 4.9999999999999982 5 12.000000000000002 11.999999999999998 15.999999999999998 9.9999999999999982
leaf_count=33 7 5 5 12 12 16 10
internal_value=0 -0.00767342 -0.0677052 0.0110383 -0.00999438 0.00455541 0.0408027
internal_weight=100 59 10 41 24 49 17
internal_count=100 59 10 41 24 49 17
is_linear=0
shrinkage=0.048919


Tree=249
num_leaves=6
num_cat=0
split_feature=42 28 0 4 28
split_gain=3.48875 5.31431 19.579 9.89831 3.05031
threshold=570.00000000000011 65.500000000000014 15.500000000000002 22.500000000000004 78.000000000000014
decision_type=2 2 2 2 2
left_child=4 3 -3 -2 -1
right_child=1 2 -4 -5 -6
leaf_value=0.054412983519864976 -0.0079930079162274046 0.021698563680243543 -0.08338660169221597 0.033051597982822818 0.00012963084045835579
leaf_weight=4.9999999999999982 54 9.0000000000000018 7.9999999999999991 19 5
leaf_count=5 54 9 8 19 5
internal_value=0 -0.00304755 -0.0276846 0.00267338 0.0274057
internal_weight=100 90 17 73 10
internal_count=100 90 17 73 10
is_linear=0
shrinkage=0.048919


Tree=250
num_leaves=5
num_cat=0
split_feature=23 36 9 31
split_gain=3.2266 5.6431 9.25695 4.60778
threshold=15.449072508454348 2152.3236843405903 24.500000000000004 7668.5000000000009
decision_type=2 2 2 2
left_child=-1 3 -3 -2
right_child=1 2 -4 -5
leaf_value=0.034771648522601305 -0.0069758002005198081 0.061902232023704533 -0.0013837300162084934 -0.05789838649319979
leaf_weight=5.9999999999999991 11.000000000000002 5.9999999999999991 70 6.9999999999999991
leaf_count=6 11 6 70 7
internal_value=0 -0.00222066 0.00359804 -0.0268554
internal_weight=100 94 76 18
internal_count=100 94 76 18
is_linear=0
shrinkage=0.048919


Tree=251
num_leaves=5
num_cat=0
split_feature=28 3 23 43
split_gain=3.22766 5.80026 15.1669 8.11382
threshold=50.500000000000007 69.982198941292225 21.442791297935106 127.50000000000001
decision_type=2 2 2 2
left_child=-1 3 -3 -2
right_child=1 2 -4 -5
leaf_value=-0.034778280378982354 0.0085394001806142778 -0.04733836113958069 0.0076424618199952268 0.076877670692611755
leaf_weight=5.9999999999999991 25.000000000000004 15.999999999999998 48 4.9999999999999991
leaf_count=6 25 16 48 5
internal_value=0 0.0022201 -0.00608449 0.0199776
internal_weight=100 94 64 30
internal_count=100 94 64 30
is_linear=0
shrinkage=0.048919


Tree=252
num_leaves=5
num_cat=0
split_feature=21 11 16 20
split_gain=3.21315 5.92589 11.927 3.80237
threshold=60.500000000000007 57.500000000000007 11.08611111111111 11.500000000000002
decision_type=2 2 2 2
left_child=1 2 -1 -2
right_child=3 -3 -4 -5
leaf_value=0.020199882779988951 -0.007526506004134406 -0.043628977509178955 -0.01806864417054832 0.04382675964266302
leaf_weight=38 5.9999999999999991 7.9999999999999991 40 7.9999999999999991
leaf_count=38 6 8 40 8
internal_value=0 -0.00353828 0.00055883 0.0217308
internal_weight=100 86 78 14
internal_count=100 86 78 14
is_linear=0
shrinkage=0.048919


Tree=253
num_leaves=5
num_cat=0
split_feature=23 1 40 37
split_gain=3.15848 5.19586 13.2182 6.83802
threshold=15.449072508454348 13.626776296959713 25710.000000000004 -3.347222222222221
decision_type=2 2 2 2
left_child=-1 2 -2 -3
right_child=1 3 -4 -5
leaf_value=0.034402161077097621 -0.092546460974659725 -0.023773365548102009 0.014980297199334393 0.0096400245816468944
leaf_weight=5.9999999999999991 4.9999999999999982 19 6 64
leaf_count=6 5 19 6 64
internal_value=0 -0.00219762 -0.0337919 0.00197537
internal_weight=100 94 11 83
internal_count=100 94 11 83
is_linear=0
shrinkage=0.048919


Tree=254
num_leaves=4
num_cat=0
split_feature=16 7 40
split_gain=2.97945 7.94649 5.75915
threshold=-1.5263888888888884 12.70399355540232 30060.000000000004
decision_type=2 2 2
left_child=-1 -2 -3
right_child=1 2 -4
leaf_value=0.026845260874076151 -0.062593614585926896 0.0048851879763948418 -0.038686955229821074
leaf_weight=8.9999999999999982 4.9999999999999991 78 7.9999999999999991
leaf_count=9 5 78 8
internal_value=0 -0.00265593 0.000816086
internal_weight=100 91 86
internal_count=100 91 86
is_linear=0
shrinkage=0.048919


Tree=255
num_leaves=4
num_cat=0
split_feature=33 40 42
split_gain=3.24242 4.62554 6.66139
threshold=1.6851866842228327 30060.000000000004 6330.0000000000009
decision_type=2 2 2
left_child=-1 2 -2
right_child=1 -3 -4
leaf_value=0.034856761348390844 -0.0059775771142560634 -0.043776909547511948 0.028109929140179093
leaf_weight=5.9999999999999991 71 5.9999999999999991 17
leaf_count=6 71 6 17
internal_value=0 -0.00222614 0.000593835
internal_weight=100 94 88
internal_count=100 94 88
is_linear=0
shrinkage=0.048919


Tree=256
num_leaves=6
num_cat=0
split_feature=5 23 11 16 33
split_gain=3.07538 9.2787 8.45456 10.2403 5.38696
threshold=3177.5000000000005 23.975000000000005 57.500000000000007 11.08611111111111 4.5819222108689077
decision_type=2 2 2 2 2
left_child=2 -2 3 -1 -3
right_child=1 4 -4 -5 -6
leaf_value=0.019467385593344141 -0.035445918124042651 0.076079036838112929 -0.048542542592309036 -0.016683525868827858 0.0070287293261253056
leaf_weight=38 4.9999999999999991 5.9999999999999982 8.9999999999999982 37 5
leaf_count=38 5 6 9 37 5
internal_value=0 0.0196543 -0.00374445 0.00161611 0.0448176
internal_weight=100 16 84 75 11
internal_count=100 16 84 75 11
is_linear=0
shrinkage=0.048919


Tree=257
num_leaves=5
num_cat=0
split_feature=42 11 15 28
split_gain=3.21588 6.40019 10.3467 2.55228
threshold=570.00000000000011 57.500000000000007 168.2098466948438 78.000000000000014
decision_type=2 2 2 2
left_child=3 2 -2 -1
right_child=1 -3 -4 -5
leaf_value=0.051024107730996936 0.062976252198299706 -0.044685586596144092 -0.0037321433407055977 0.0013345714740546765
leaf_weight=4.9999999999999982 5.9999999999999991 7.9999999999999991 76 5
leaf_count=5 6 8 76 5
internal_value=0 -0.00292466 0.00113557 0.0263134
internal_weight=100 90 82 10
internal_count=100 90 82 10
is_linear=0
shrinkage=0.048919


Tree=258
num_leaves=8
num_cat=0
split_feature=21 0 34 16 41 21 29
split_gain=3.10597 11.2923 17.7189 6.47401 6.2309 5.43232 4.20723
threshold=57.500000000000007 14.500000000000002 690.00000000000011 11.08611111111111 7.8791666666666673 59.500000000000007 0.69031150492197602
decision_type=2 2 2 2 2 2 2
left_child=1 3 -3 -1 6 -6 -2
right_child=4 2 -4 -5 5 -7 -8
leaf_value=0.02461429168155627 0.013926529796663803 -0.0681025185118109 0.019778194900315474 -0.010990468140730052 0.077839903449746825 0.014022265922561134 -0.040189572878214855
leaf_weight=26 8.0000000000000018 14.000000000000002 8.9999999999999982 23 4.9999999999999991 8.9999999999999982 5.9999999999999991
leaf_count=26 8 14 9 23 5 9 6
internal_value=0 -0.00537583 -0.0336612 0.00787636 0.0138246 0.036916 -0.00917921
internal_weight=100 72 23 49 28 14 14
internal_count=100 72 23 49 28 14 14
is_linear=0
shrinkage=0.048919


Tree=259
num_leaves=8
num_cat=0
split_feature=4 23 42 18 41 41 18
split_gain=2.91097 16.315 13.1218 12.3255 7.98295 11.9525 5.23917
threshold=22.500000000000004 25.364583333333339 3630.0000000000005 -20.580018939393934 5.5604166666666677 -5.7854166666666673 -13.187499999999998
decision_type=2 2 2 2 2 2 2
left_child=1 3 -3 -1 5 -2 -6
right_child=4 2 -4 -5 6 -7 -8
leaf_value=0.077412444978085165 0.025978793535883359 -0.0075780030766729057 -0.11992825694771944 -0.0036026753865100922 0.015670607988365889 -0.046095016266974043 0.071114976197515029
leaf_weight=4.9999999999999991 11.000000000000002 4.9999999999999982 5 44 13.000000000000002 10.999999999999998 5.9999999999999991
leaf_count=5 11 5 5 44 13 11 6
internal_value=0 -0.00695572 -0.0638981 0.00464242 0.0100136 -0.0100019 0.0332541
internal_weight=100 59 10 49 41 22 19
internal_count=100 59 10 49 41 22 19
is_linear=0
shrinkage=0.048919


Tree=260
num_leaves=5
num_cat=0
split_feature=21 0 27 20
split_gain=2.79208 6.65355 4.88213 3.07044
threshold=60.500000000000007 16.500000000000004 4.7953947752971144 11.500000000000002
decision_type=2 2 2 2
left_child=1 2 -1 -2
right_child=3 -3 -4 -5
leaf_value=-0.0095948385541960602 -0.0060109652467309604 -0.043093339218994657 0.015206402138530251 0.040114327323890281
leaf_weight=43 5.9999999999999991 8.9999999999999982 34 7.9999999999999991
leaf_count=43 6 9 34 8
internal_value=0 -0.0032965 0.00134008 0.0202588
internal_weight=100 86 77 14
internal_count=100 86 77 14
is_linear=0
shrinkage=0.048919


Tree=261
num_leaves=8
num_cat=0
split_feature=4 36 41 38 17 11 36
split_gain=2.66482 10.7237 7.2885 11.2682 6.28077 5.99966 5.52602
threshold=22.500000000000004 3809.9674584366744 5.5604166666666677 1.0000000180025095e-35 -39067.173611111117 56.500000000000007 2769.8648904326315
decision_type=2 2 2 2 2 2 2
left_child=1 6 3 -2 -3 -4 -1
right_child=2 4 5 -5 -6 -7 -8
leaf_value=-0.0059334674119571372 -0.047927879751992204 -0.077848357721686912 0.015239921987083942 0.022342891407385459 -0.0057760517186525081 0.077832126335448379 0.032517225635013768
leaf_weight=35 10.000000000000002 7 14.000000000000002 11.999999999999998 4.9999999999999982 4.9999999999999991 11.999999999999998
leaf_count=35 10 7 14 12 5 5 12
internal_value=0 -0.00665584 0.0095802 -0.00954295 -0.0479323 0.0317875 0.0038582
internal_weight=100 59 41 22 12 19 47
internal_count=100 59 41 22 12 19 47
is_linear=0
shrinkage=0.048919


Tree=262
num_leaves=5
num_cat=0
split_feature=29 21 0 40
split_gain=2.66452 3.88576 7.75346 5.15391
threshold=5.0569553263313525 57.500000000000007 15.500000000000002 25462.500000000004
decision_type=2 2 2 2
left_child=1 2 -1 -3
right_child=-2 3 -4 -5
leaf_value=0.0015549147731736086 0.027074950688929705 0.0015314646673645993 -0.035963920701190671 0.053604353064558977
leaf_weight=49 7.9999999999999991 19.000000000000004 18 5.9999999999999991
leaf_count=49 8 19 18 6
internal_value=0 -0.00235405 -0.008507 0.0140843
internal_weight=100 92 67 25
internal_count=100 92 67 25
is_linear=0
shrinkage=0.048919


Tree=263
num_leaves=4
num_cat=0
split_feature=28 24 38
split_gain=2.65197 6.86695 4.54649
threshold=50.500000000000007 45.500000000000007 1.0000000180025095e-35
decision_type=2 2 2
left_child=-1 -2 -3
right_child=1 2 -4
leaf_value=-0.031521016275473095 0.05778717538024955 -0.01110717214549874 0.011116301421929759
leaf_weight=5.9999999999999991 4.9999999999999991 49 40
leaf_count=6 5 49 40
internal_value=0 0.00201593 -0.00110484
internal_weight=100 94 89
internal_count=100 94 89
is_linear=0
shrinkage=0.048919


Tree=264
num_leaves=7
num_cat=0
split_feature=9 9 10 31 2 9
split_gain=2.57857 8.84239 10.7239 6.59179 6.2045 3.54927
threshold=32.500000000000007 30.500000000000004 1.0000000180025095e-35 13220.000000000002 1328.0000000000002 41.500000000000007
decision_type=2 2 2 2 2 2
left_child=1 2 -1 5 -5 -2
right_child=3 -3 -4 4 -6 -7
leaf_value=-0.023469865817278886 0.039124965357288918 -0.051042911136803294 0.021253708901228532 -0.050055463218113577 0.021154436199488862 0.0033085306254857826
leaf_weight=23 15.000000000000002 8.9999999999999982 29 6.9999999999999982 5 11.999999999999998
leaf_count=23 15 9 29 7 5 12
internal_value=0 -0.00627822 0.00144759 0.00982659 -0.0202813 0.0232555
internal_weight=100 61 52 39 12 27
internal_count=100 61 52 39 12 27
is_linear=0
shrinkage=0.048919


Tree=265
num_leaves=5
num_cat=0
split_feature=43 39 42 7
split_gain=2.50661 7.55345 6.44135 4.18779
threshold=169.50000000000003 17.952088009404644 3510.0000000000005 27.500836776934573
decision_type=2 2 2 2
left_child=1 3 -3 -1
right_child=-2 2 -4 -5
leaf_value=0.0011885330054079387 -0.030644571304750737 0.0026219485284158456 0.081405845825455639 -0.032523343879454526
leaf_weight=74 5.9999999999999991 4.9999999999999982 5 9.9999999999999982
leaf_count=74 6 5 5 10
internal_value=0 0.00196031 0.0421526 -0.0028107
internal_weight=100 94 10 84
internal_count=100 94 10 84
is_linear=0
shrinkage=0.048919


Tree=266
num_leaves=5
num_cat=0
split_feature=42 11 15 28
split_gain=2.59263 6.03126 8.47011 2.15575
threshold=570.00000000000011 57.500000000000007 168.2098466948438 78.000000000000014
decision_type=2 2 2 2
left_child=3 2 -2 -1
right_child=1 -3 -4 -5
leaf_value=0.04633786144414976 0.057271254979436116 -0.043162479182188157 -0.0030837093071369509 0.00065598333678786166
leaf_weight=4.9999999999999982 5.9999999999999991 7.9999999999999991 76 5
leaf_count=5 6 8 76 5
internal_value=0 -0.00262216 0.00131894 0.0236302
internal_weight=100 90 82 10
internal_count=100 90 82 10
is_linear=0
shrinkage=0.048919


Tree=267
num_leaves=7
num_cat=0
split_feature=1 5 14 1 1 26
split_gain=2.63654 10.33 7.89318 5.43454 8.60629 5.22256
threshold=13.626776296959713 2588.5000000000005 -5.6770833333333348 17.237333056093206 18.413454954450703 14.500000000000002
decision_type=2 2 2 2 2 2
left_child=1 2 -1 5 -5 -2
right_child=3 -3 -4 4 -6 -7
leaf_value=-0.033603077067341364 0.0019733974551474623 -0.076320430169037765 0.053238381653131092 -0.041535898794969765 0.0046702594255289033 0.047876415436085618
leaf_weight=4.9999999999999991 13.000000000000002 4.9999999999999991 4.9999999999999991 11.999999999999998 49 10.999999999999998
leaf_count=5 13 5 5 12 49 11
internal_value=0 -0.0189023 0.00969397 0.00334118 -0.00440027 0.0230682
internal_weight=100 15 10 85 61 24
internal_count=100 15 10 85 61 24
is_linear=0
shrinkage=0.048919


Tree=268
num_leaves=5
num_cat=0
split_feature=28 3 33 34
split_gain=2.4362 4.1959 13.2616 5.71768
threshold=50.500000000000007 69.982198941292225 2.990404360903185 1380.0000000000002
decision_type=2 2 2 2
left_child=-1 3 -3 -2
right_child=1 2 -4 -5
leaf_value=-0.030209666921042884 0.027741698385996886 -0.03816608557824696 0.0098635496828233613 -0.025555556316723828
leaf_weight=5.9999999999999991 24.000000000000004 20 44 5.9999999999999991
leaf_count=6 24 20 44 6
internal_value=0 0.00193399 -0.00512698 0.0170386
internal_weight=100 94 64 30
internal_count=100 94 64 30
is_linear=0
shrinkage=0.048919


Tree=269
num_leaves=5
num_cat=0
split_feature=42 42 2 8
split_gain=2.77251 5.73055 5.15075 4.60919
threshold=8730.0000000000018 6330.0000000000009 402.00000000000006 12.500000000000002
decision_type=2 2 2 2
left_child=1 3 -3 -1
right_child=-2 2 -4 -5
leaf_value=-0.039406340258486203 -0.035490728161927387 -0.0051161171430512166 0.045423366514488674 -0.00010726407546956137
leaf_weight=7.9999999999999991 4.9999999999999991 8.0000000000000018 11.999999999999998 67
leaf_count=8 5 8 12 67
internal_value=0 0.00187278 0.0251465 -0.0043174
internal_weight=100 95 20 75
internal_count=100 95 20 75
is_linear=0
shrinkage=0.048919


Tree=270
num_leaves=6
num_cat=0
split_feature=2 27 29 2 43
split_gain=2.40775 10.2448 8.41572 7.74117 5.76425
threshold=169.50000000000003 4.5468507326193288 0.53426573815149936 228.50000000000003 120.00000000000001
decision_type=2 2 2 2 2
left_child=1 2 -1 -2 -5
right_child=3 -3 -4 4 -6
leaf_value=0.05537084182778599 0.056748279462234839 -0.075249345737131393 -0.034298674759895259 -0.040234065058501273 0.0035566510971171326
leaf_weight=4.9999999999999982 5.9999999999999991 4.9999999999999991 5 7.9999999999999991 71
leaf_count=5 6 5 5 8 71
internal_value=0 -0.018066 0.0104126 0.00319045 -0.000863142
internal_weight=100 15 10 85 79
internal_count=100 15 10 85 79
is_linear=0
shrinkage=0.048919


Tree=271
num_leaves=5
num_cat=0
split_feature=42 42 18 38
split_gain=2.43983 5.17807 5.12829 4.31667
threshold=8730.0000000000018 6600.0000000000009 -16.697916666666661 1.0000000180025095e-35
decision_type=2 2 2 2
left_child=1 3 -3 -1
right_child=-2 2 -4 -5
leaf_value=-0.014228517911547178 -0.033295360937862749 -0.015205534743471614 0.043592776135950806 0.0088451895535022595
leaf_weight=42 4.9999999999999991 5.0000000000000027 11.999999999999998 36
leaf_count=42 5 5 12 36
internal_value=0 0.00175485 0.0262251 -0.00356296
internal_weight=100 95 17 78
internal_count=100 95 17 78
is_linear=0
shrinkage=0.048919


Tree=272
num_leaves=4
num_cat=0
split_feature=29 37 37
split_gain=2.37708 3.38983 4.42576
threshold=5.0569553263313525 -4.7896381421718095 -3.879166666666666
decision_type=2 2 2
left_child=1 -1 -3
right_child=-2 2 -4
leaf_value=0.033291757632444317 0.025572663610510457 -0.039366858394616157 -0.0011458694593598929
leaf_weight=5.9999999999999991 7.9999999999999991 7.9999999999999991 78
leaf_count=6 8 8 78
internal_value=0 -0.00222366 -0.00471723
internal_weight=100 92 86
internal_count=100 92 86
is_linear=0
shrinkage=0.048919


Tree=273
num_leaves=7
num_cat=0
split_feature=1 5 16 1 1 42
split_gain=2.263 9.25782 6.38185 4.68119 7.46429 4.87033
threshold=13.626776296959713 2588.5000000000005 8.0593149662513017 17.237333056093206 18.413454954450703 4290.0000000000009
decision_type=2 2 2 2 2 2
left_child=1 2 -1 5 -5 -2
right_child=3 -3 -4 4 -6 -7
leaf_value=0.048712058658223235 0.041674733733744765 -0.071874743608214095 -0.029363082026585451 -0.038676248477469262 0.0043543758462652824 -0.0024470595423553964
leaf_weight=4.9999999999999982 13.000000000000002 4.9999999999999991 5 11.999999999999998 49 10.999999999999998
leaf_count=5 13 5 5 12 49 11
internal_value=0 -0.0175153 0.00955076 0.00309227 -0.00409135 0.0214017
internal_weight=100 15 10 85 61 24
internal_count=100 15 10 85 61 24
is_linear=0
shrinkage=0.048919


Tree=274
num_leaves=7
num_cat=0
split_feature=27 3 33 37 16 16
split_gain=2.27869 5.70981 13.1636 9.59162 5.04991 3.43525
threshold=4.1996341839288984 69.982198941292225 2.990404360903185 -0.62083333333333257 11.381944444444445 6.3146481644122838
decision_type=2 2 2 2 2 2
left_child=4 3 -3 -2 5 -1
right_child=1 2 -4 -5 -6 -7
leaf_value=-0.020011202402610336 0.041879959114318126 -0.039686495539686117 0.010874686310990917 -0.025510315548191682 -0.0482482007839765 0.034835794615639237
leaf_weight=6.0000000000000018 18.000000000000004 18 39 6.9999999999999991 6.9999999999999991 5
leaf_count=6 18 18 39 7 7 5
internal_value=0 0.00345989 -0.005071 0.0229593 -0.0157598 0.00480683
internal_weight=100 82 57 25 18 11
internal_count=100 82 57 25 18 11
is_linear=0
shrinkage=0.048919


Tree=275
num_leaves=5
num_cat=0
split_feature=42 42 18 7
split_gain=2.19008 4.95434 4.43145 3.92054
threshold=8730.0000000000018 6600.0000000000009 -16.697916666666661 12.70399355540232
decision_type=2 2 2 2
left_child=1 3 -3 -1
right_child=-2 2 -4 -5
leaf_value=-0.045437943442776151 -0.031547315732825279 -0.012898071757433287 0.041740792359052405 -0.00065211302565441637
leaf_weight=4.9999999999999991 4.9999999999999991 5.0000000000000027 11.999999999999998 73
leaf_count=5 5 5 12 73
internal_value=0 0.00166057 0.0255966 -0.0035408
internal_weight=100 95 17 78
internal_count=100 95 17 78
is_linear=0
shrinkage=0.048919


Tree=276
num_leaves=5
num_cat=0
split_feature=28 3 23 38
split_gain=2.21397 3.6763 9.19899 6.88232
threshold=50.500000000000007 69.982198941292225 21.442791297935106 1.5000000000000002
decision_type=2 2 2 2
left_child=-1 3 -3 -2
right_child=1 2 -4 -5
leaf_value=-0.028805818836105602 0.02771862231876096 -0.036902121731721325 0.0059137972922907889 -0.030775263020944001
leaf_weight=5.9999999999999991 24.000000000000004 15.999999999999998 48 5.9999999999999991
leaf_count=6 24 16 48 6
internal_value=0 0.00183675 -0.00477159 0.0159758
internal_weight=100 94 64 30
internal_count=100 94 64 30
is_linear=0
shrinkage=0.048919


Tree=277
num_leaves=5
num_cat=0
split_feature=29 29 3 35
split_gain=2.08938 2.69897 9.00815 7.61175
threshold=5.0569553263313525 1.0429367359508914 69.982198941292225 132.66777907598726
decision_type=2 2 2 2
left_child=1 2 -1 -3
right_child=-2 3 -4 -5
leaf_value=0.035507691716963136 0.02397137313095362 -0.039048345818347395 -0.0074745032485011697 0.008088430797899504
leaf_weight=15.999999999999998 7.9999999999999991 14.999999999999998 43 18
leaf_count=16 8 15 43 18
internal_value=0 -0.0020886 0.0041614 -0.0133006
internal_weight=100 92 59 33
internal_count=100 92 59 33
is_linear=0
shrinkage=0.048919


Tree=278
num_leaves=6
num_cat=0
split_feature=5 11 1 36 25
split_gain=2.08283 7.02458 7.29482 6.0352 3.95664
threshold=3177.5000000000005 57.500000000000007 25.249931667858309 3210.0034212630762 0.20527598158197372
decision_type=2 2 2 2 2
left_child=1 2 -1 -2 -5
right_child=3 -3 -4 4 -6
leaf_value=0.0058958469913155545 -0.028237181778278699 -0.043919366469357138 -0.055241513890437181 0.0094389049323351133 0.068642861277116288
leaf_weight=70 4.9999999999999991 8.9999999999999982 4.9999999999999991 5.9999999999999982 5
leaf_count=70 5 9 5 6 5
internal_value=0 -0.00308373 0.00180118 0.0161724 0.0364758
internal_weight=100 84 75 16 11
internal_count=100 84 75 16 11
is_linear=0
shrinkage=0.048919


Tree=279
num_leaves=7
num_cat=0
split_feature=37 18 34 18 17 15
split_gain=2.10531 8.6108 7.73876 6.24468 10.6124 6.69211
threshold=-2.9004603837821095 -20.580018939393934 990.00000000000011 -19.072222222222219 -43752.196386946373 416.57964005623836
decision_type=2 2 2 2 2 2
left_child=1 -1 -3 5 -5 -2
right_child=3 2 -4 4 -6 -7
leaf_value=0.035223762366950635 0.0064602210574471984 -0.038566001611241768 0.018269692674041233 0.080119518362065031 0.0052040551696796297 -0.069982972227508239
leaf_weight=7.9999999999999991 5.9999999999999982 20.000000000000004 7.9999999999999991 4.9999999999999991 48 5
leaf_count=8 6 20 8 5 48 5
internal_value=0 -0.00946585 -0.0222818 0.00532112 0.0122994 -0.0281809
internal_weight=100 36 28 64 53 11
internal_count=100 36 28 64 53 11
is_linear=0
shrinkage=0.048919


Tree=280
num_leaves=5
num_cat=0
split_feature=16 16 23 16
split_gain=2.15699 6.67799 4.29267 4.13862
threshold=1.0000000180025095e-35 2.2165979124320505 24.693750000000005 -5.8883695976910309
decision_type=2 2 2 2
left_child=3 -2 -3 -1
right_child=1 2 -4 -5
leaf_value=-0.0067730738344011967 -0.052356682642746663 0.0098885659179191957 -0.01296458872097383 0.053318234566226218
leaf_weight=6 5.9999999999999991 51 32 4.9999999999999982
leaf_count=6 6 51 32 5
internal_value=0 -0.00252633 0.00106232 0.020433
internal_weight=100 89 83 11
internal_count=100 89 83 11
is_linear=0
shrinkage=0.048919


Tree=281
num_leaves=6
num_cat=0
split_feature=2 27 2 43 14
split_gain=2.13663 9.03742 6.46071 4.87192 2.90783
threshold=169.50000000000003 4.5468507326193288 228.50000000000003 120.00000000000001 -6.6173812972397057
decision_type=2 2 2 2 2
left_child=1 4 -2 -4 -1
right_child=2 -3 3 -5 -6
leaf_value=-0.01648133628178361 0.051931276407190384 -0.070730608836356457 -0.036895592914950391 0.003363322186620971 0.036168988461381502
leaf_weight=4.9999999999999991 5.9999999999999991 4.9999999999999991 7.9999999999999991 71 4.9999999999999991
leaf_count=5 6 5 8 71 5
internal_value=0 -0.0170209 0.0030031 -0.000698711 0.00972015
internal_weight=100 15 85 79 10
internal_count=100 15 85 79 10
is_linear=0
shrinkage=0.048919


Tree=282
num_leaves=8
num_cat=0
split_feature=4 23 23 0 21 14 43
split_gain=2.00729 11.2406 8.25998 6.59296 8.53888 5.60121 3.75833
threshold=22.500000000000004 25.364583333333339 29.522916666666671 15.500000000000002 56.500000000000007 -19.577587570339293 129.50000000000003
decision_type=2 2 2 2 2 2 2
left_child=1 5 -3 6 -5 -1 -2
right_child=3 2 -4 4 -6 -7 -8
leaf_value=0.052900646416870624 0.062831973886314521 -0.097509178571474842 -0.0082962512840512488 -0.065039865232972893 0.0067556580427965305 -0.0017044539315290478 0.014489283908447573
leaf_weight=4.9999999999999991 6.0000000000000027 4.9999999999999982 5 5.0000000000000027 19 44 10.999999999999998
leaf_count=5 6 5 5 5 19 44 11
internal_value=0 -0.00577842 -0.0530445 0.0083129 -0.00815505 0.00384446 0.0316336
internal_weight=100 59 10 41 24 49 17
internal_count=100 59 10 41 24 49 17
is_linear=0
shrinkage=0.048919


Tree=283
num_leaves=5
num_cat=0
split_feature=2 13 2 37
split_gain=1.98418 8.14034 5.72438 3.31434
threshold=169.50000000000003 4.8879242772534459 228.50000000000003 -3.2291666666666656
decision_type=2 2 2 2
left_child=1 -1 -2 -4
right_child=2 -3 3 -5
leaf_value=0.012906582176875346 0.048949491161224788 -0.060561876754284358 -0.01673112111569066 0.0056187957051161211
leaf_weight=8.9999999999999982 5.9999999999999991 5.9999999999999991 22 57
leaf_count=9 6 6 22 57
internal_value=0 -0.0164024 0.00289394 -0.000589597
internal_weight=100 15 85 79
internal_count=100 15 85 79
is_linear=0
shrinkage=0.048919


Tree=284
num_leaves=4
num_cat=0
split_feature=28 24 24
split_gain=2.04618 4.73294 3.54547
threshold=50.500000000000007 45.500000000000007 47.500000000000007
decision_type=2 2 2
left_child=-1 -2 -3
right_child=1 2 -4
leaf_value=-0.027690559692115944 0.048069709421360352 -0.034240894208883425 0.0020181604110151852
leaf_weight=5.9999999999999991 4.9999999999999991 6.9999999999999991 82
leaf_count=6 5 7 82
internal_value=0 0.001768 -0.000820475
internal_weight=100 94 89
internal_count=100 94 89
is_linear=0
shrinkage=0.048919


Tree=285
num_leaves=6
num_cat=0
split_feature=27 27 27 14 13
split_gain=2.00857 4.43132 4.12271 3.55116 1.13929
threshold=4.1996341839288984 4.2264107005839762 3.6376396127369719 -17.385175282234105 5.0277641016077865
decision_type=2 2 2 2 2
left_child=2 -2 -1 -3 -4
right_child=1 3 4 -5 -6
leaf_value=0.018173420047841341 0.043711099849117113 0.017163664202972474 -0.018346768833723028 -0.0064819514149304508 -0.049369987476473844
leaf_weight=6.0000000000000027 5.9999999999999991 21 6.9999999999999982 55 5
leaf_count=6 6 21 7 55 5
internal_value=0 0.0032481 -0.0147965 3.54578e-05 -0.0313873
internal_weight=100 82 18 76 12
internal_count=100 82 18 76 12
is_linear=0
shrinkage=0.048919


Tree=286
num_leaves=6
num_cat=0
split_feature=42 28 16 4 1
split_gain=2.02684 3.12176 8.75256 5.60825 1.66124
threshold=570.00000000000011 65.500000000000014 1.0000000180025095e-35 22.500000000000004 19.629202555590982
decision_type=2 2 2 2 2
left_child=4 3 -3 -2 -1
right_child=1 2 -4 -5 -6
leaf_value=0.040824932334937031 -0.0059650105497256406 0.02617714808142093 -0.047166925423342769 0.024928457338480939 0.00068972586152739671
leaf_weight=4.9999999999999982 54 6.0000000000000027 10.999999999999998 19 5
leaf_count=5 54 6 11 19 5
internal_value=0 -0.00232196 -0.0212063 0.00205909 0.0208898
internal_weight=100 90 17 73 10
internal_count=100 90 17 73 10
is_linear=0
shrinkage=0.048919


Tree=287
num_leaves=4
num_cat=0
split_feature=29 37 15
split_gain=1.86558 2.6354 4.41852
threshold=5.0569553263313525 -4.7896381421718095 155.35897687232264
decision_type=2 2 2
left_child=1 -1 -3
right_child=-2 2 -4
leaf_value=0.029342257208767403 0.022655262088883389 -0.048793259130434218 -0.0013978831326157597
leaf_weight=5.9999999999999991 7.9999999999999991 4.9999999999999991 81
leaf_count=6 8 5 81
internal_value=0 -0.00196952 -0.00416969
internal_weight=100 92 86
internal_count=100 92 86
is_linear=0
shrinkage=0.048919


Tree=288
num_leaves=4
num_cat=0
split_feature=23 40 15
split_gain=1.89884 3.39986 3.34303
threshold=15.449072508454348 30060.000000000004 168.2098466948438
decision_type=2 2 2
left_child=-1 2 -2
right_child=1 -3 -4
leaf_value=0.026675678690088057 -0.037665263114316429 -0.032205171388099647 0.003532460995553514
leaf_weight=5.9999999999999991 4.9999999999999991 7.9999999999999991 81
leaf_count=6 5 8 81
internal_value=0 -0.00170239 0.00112134
internal_weight=100 94 86
internal_count=100 94 86
is_linear=0
shrinkage=0.048919


Tree=289
num_leaves=6
num_cat=0
split_feature=42 40 27 15 28
split_gain=1.78771 3.03429 9.07467 7.22632 1.60145
threshold=570.00000000000011 25095.000000000004 4.8304257173686933 168.2098466948438 78.000000000000014
decision_type=2 2 2 2 2
left_child=4 2 -2 -3 -1
right_child=1 3 -4 -5 -6
leaf_value=0.039187999232729469 -0.036866565058803695 0.062092399236017927 0.0079520167792788594 -0.0001542613971113667 0
leaf_weight=4.9999999999999982 19 4.9999999999999991 25 41 5
leaf_count=5 19 5 25 41 5
internal_value=0 -0.00217955 -0.0113739 0.00658764 0.01962
internal_weight=100 90 44 46 10
internal_count=100 90 44 46 10
is_linear=0
shrinkage=0.048919


Tree=290
num_leaves=5
num_cat=0
split_feature=29 21 16 37
split_gain=1.72869 2.6799 4.48407 4.21991
threshold=5.0569553263313525 57.500000000000007 11.08611111111111 -1.5736111111111108
decision_type=2 2 2 2
left_child=1 2 -1 -3
right_child=-2 3 -4 -5
leaf_value=0.0040205211490454947 0.021808896012890825 0.028187608679132635 -0.021499669066566682 -0.012772917304887006
leaf_weight=38 7.9999999999999991 15.000000000000002 29 9.9999999999999982
leaf_count=38 8 15 29 10
internal_value=0 -0.00189522 -0.00700709 0.0117532
internal_weight=100 92 67 25
internal_count=100 92 67 25
is_linear=0
shrinkage=0.048919


Tree=291
num_leaves=7
num_cat=0
split_feature=9 9 10 13 18 2
split_gain=1.6917 5.41701 6.12361 5.32155 5.51088 0.883505
threshold=32.500000000000007 30.500000000000004 1.0000000180025095e-35 6.7843041406079987 -24.584239130434778 1328.0000000000002
decision_type=2 2 2 2 2 2
left_child=1 2 -1 4 -2 -5
right_child=3 -3 -4 5 -6 -7
leaf_value=-0.017866447225361692 -0.018160791135680001 -0.040122741138404555 0.015929048392453599 -0.033504545343557436 0.031859269261683365 -0.0053171390301839181
leaf_weight=23 7.0000000000000027 8.9999999999999982 29 5.9999999999999982 21 5
leaf_count=23 7 9 29 6 21 5
internal_value=0 -0.0050852 0.000956542 0.00795933 0.0193085 -0.0208119
internal_weight=100 61 52 39 28 11
internal_count=100 61 52 39 28 11
is_linear=0
shrinkage=0.048919


Tree=292
num_leaves=5
num_cat=0
split_feature=42 42 38 9
split_gain=1.80191 3.68811 3.18231 3.10247
threshold=8730.0000000000018 6600.0000000000009 1.0000000180025095e-35 27.500000000000004
decision_type=2 2 2 2
left_child=1 2 -1 -3
right_child=-2 3 -4 -5
leaf_value=-0.012138018305891103 -0.028614553261769642 0.047150463740300345 0.0076721755729883927 0.0045317058588778686
leaf_weight=42 4.9999999999999991 7.0000000000000027 36 9.9999999999999982
leaf_count=42 5 7 36 10
internal_value=0 0.00150705 -0.00297868 0.0221601
internal_weight=100 95 78 17
internal_count=100 95 78 17
is_linear=0
shrinkage=0.048919


Tree=293
num_leaves=4
num_cat=0
split_feature=28 24 38
split_gain=1.73496 4.01167 3.0014
threshold=50.500000000000007 45.500000000000007 1.0000000180025095e-35
decision_type=2 2 2
left_child=-1 -2 -3
right_child=1 2 -4
leaf_value=-0.025496801335130968 0.0442573234208882 -0.0088824650070795184 0.0091740498279527342
leaf_weight=5.9999999999999991 4.9999999999999991 49 40
leaf_count=6 5 49 40
internal_value=0 0.00162906 -0.000752923
internal_weight=100 94 89
internal_count=100 94 89
is_linear=0
shrinkage=0.048919


Tree=294
num_leaves=5
num_cat=0
split_feature=20 11 39 39
split_gain=1.76014 2.67754 9.63041 6.90982
threshold=14.500000000000002 57.500000000000007 13.765606896826094 8.5271634423798854
decision_type=2 2 2 2
left_child=1 3 -3 -1
right_child=-2 2 -4 -5
leaf_value=0.048248273648848913 0.028281936593705211 -0.055454897238703192 0.030965892312190758 -0.0025555428453748665
leaf_weight=6.9999999999999991 4.9999999999999991 7.9999999999999982 5 75
leaf_count=7 5 8 5 75
internal_value=0 -0.00148849 -0.0221193 0.00176748
internal_weight=100 95 13 82
internal_count=100 95 13 82
is_linear=0
shrinkage=0.048919


Tree=295
num_leaves=4
num_cat=0
split_feature=23 40 42
split_gain=1.65956 2.92089 3.60008
threshold=15.449072508454348 30060.000000000004 6330.0000000000009
decision_type=2 2 2
left_child=-1 2 -2
right_child=1 -3 -4
leaf_value=0.024938864013410278 -0.0039275135320767148 -0.029863957787889948 0.021199232420811762
leaf_weight=5.9999999999999991 69 7.9999999999999991 17
leaf_count=6 69 8 17
internal_value=0 -0.00159101 0.00102523
internal_weight=100 94 86
internal_count=100 94 86
is_linear=0
shrinkage=0.048919


Tree=296
num_leaves=7
num_cat=0
split_feature=9 36 10 13 18 2
split_gain=1.74821 5.56071 5.03683 4.76635 5.12338 0.706914
threshold=32.500000000000007 3649.8907381669646 1.0000000180025095e-35 6.7843041406079987 -24.584239130434778 1328.0000000000002
decision_type=2 2 2 2 2 2
left_child=1 2 -1 4 -2 -5
right_child=3 -3 -4 5 -6 -7
leaf_value=-0.016506075344569722 -0.017291373515362692 -0.049877770544265745 0.013222257834789605 -0.03049624666723268 0.030933663114905183 -0.0052368973742957948
leaf_weight=25 7.0000000000000027 5.9999999999999991 30 5.9999999999999982 21 5
leaf_count=25 7 6 30 6 21 5
internal_value=0 -0.00517032 -0.000267769 0.00809029 0.0188317 -0.0191341
internal_weight=100 61 55 39 28 11
internal_count=100 61 55 39 28 11
is_linear=0
shrinkage=0.048919


Tree=297
num_leaves=5
num_cat=0
split_feature=20 11 38 39
split_gain=1.68593 2.48585 12.317 6.18324
threshold=14.500000000000002 57.500000000000007 1.0000000180025095e-35 8.5271634423798854
decision_type=2 2 2 2
left_child=1 3 -3 -1
right_child=-2 2 -4 -5
leaf_value=0.045648180300403046 0.027677842532647195 -0.081586492401211061 0.016176745186994031 -0.0024100317404647533
leaf_weight=6.9999999999999991 4.9999999999999991 4.9999999999999991 7.9999999999999991 75
leaf_count=7 5 5 8 75
internal_value=0 -0.00145819 -0.0213369 0.00167853
internal_weight=100 95 13 82
internal_count=100 95 13 82
is_linear=0
shrinkage=0.048919


Tree=298
num_leaves=6
num_cat=0
split_feature=2 27 2 43 14
split_gain=1.77185 6.7913 4.59746 3.83266 2.16454
threshold=169.50000000000003 4.5468507326193288 228.50000000000003 123.50000000000001 -6.6173812972397057
decision_type=2 2 2 2 2
left_child=1 4 -2 -4 -1
right_child=2 -3 3 -5 -6
leaf_value=-0.014919987280085634 0.0440092117251554 -0.062059778645126275 -0.023613636887427007 0.0045999609779549247 0.030500390156539846
leaf_weight=4.9999999999999991 5.9999999999999991 4.9999999999999991 13.999999999999998 65 4.9999999999999991
leaf_count=5 6 5 14 65 5
internal_value=0 -0.0154991 0.0027356 -0.000384578 0.00766593
internal_weight=100 15 85 79 10
internal_count=100 15 85 79 10
is_linear=0
shrinkage=0.048919


Tree=299
num_leaves=6
num_cat=0
split_feature=27 27 27 1 16
split_gain=1.70898 3.6749 3.46991 3.072 1.80864
threshold=4.1996341839288984 4.2264107005839762 3.6376396127369719 18.413454954450703 12.242107333962858
decision_type=2 2 2 2 2
left_child=2 -2 -1 -3 -4
right_child=1 3 4 -5 -6
leaf_value=0.016587661714626813 0.039844584864708342 -0.011763058376669102 -0.012572185537057389 0.0082486563302622412 -0.051418249357105615
leaf_weight=6.0000000000000027 5.9999999999999991 31 6.9999999999999982 45 5
leaf_count=6 6 31 7 45 5
internal_value=0 0.00299632 -0.0136482 6.91945e-05 -0.028872
internal_weight=100 82 18 76 12
internal_count=100 82 18 76 12
is_linear=0
shrinkage=0.048919


end of trees

feature_importances:
Column_0=85
Column_16=66
Column_27=58
Column_42=56
Column_17=55
Column_36=52
Column_5=48
Column_3=47
Column_23=47
Column_43=47
Column_1=46
Column_14=45
Column_18=43
Column_21=43
Column_28=43
Column_2=39
Column_7=39
Column_37=39
Column_13=36
Column_15=36
Column_29=32
Column_38=31
Column_24=29
Column_39=26
Column_25=25
Column_31=25
Column_40=25
Column_11=24
Column_41=24
Column_4=19
Column_9=18
Column_33=17
Column_34=17
Column_35=15
Column_20=13
Column_6=10
Column_32=10
Column_26=7
Column_10=4
Column_8=3
Column_12=2

parameters:
[boosting: gbdt]
[objective: regression]
[metric: l1]
[tree_learner: serial]
[device_type: cpu]
[data_sample_strategy: bagging]
[data: ]
[valid: ]
[num_iterations: 300]
[learning_rate: 0.048919]
[num_leaves: 18]
[num_threads: -1]
[seed: 0]
[deterministic: 0]
[force_col_wise: 0]
[force_row_wise: 0]
[histogram_pool_size: -1]
[max_depth: 3]
[min_data_in_leaf: 5]
[min_sum_hessian_in_leaf: 0.001]
[bagging_fraction: 0.844704]
[pos_bagging_fraction: 1]
[neg_bagging_fraction: 1]
[bagging_freq: 0]
[bagging_seed: 3]
[bagging_by_query: 0]
[feature_fraction: 0.690383]
[feature_fraction_bynode: 1]
[feature_fraction_seed: 2]
[extra_trees: 0]
[extra_seed: 6]
[early_stopping_round: 0]
[early_stopping_min_delta: 0]
[first_metric_only: 0]
[max_delta_step: 0]
[lambda_l1: 0.0258711]
[lambda_l2: 0.00288976]
[linear_lambda: 0]
[min_gain_to_split: 0]
[drop_rate: 0.1]
[max_drop: 50]
[skip_drop: 0.5]
[xgboost_dart_mode: 0]
[uniform_drop: 0]
[drop_seed: 4]
[top_rate: 0.2]
[other_rate: 0.1]
[min_data_per_group: 100]
[max_cat_threshold: 32]
[cat_l2: 10]
[cat_smooth: 10]
[max_cat_to_onehot: 4]
[top_k: 20]
[monotone_constraints: ]
[monotone_constraints_method: basic]
[monotone_penalty: 0]
[feature_contri: ]
[forcedsplits_filename: ]
[refit_decay_rate: 0.9]
[cegb_tradeoff: 1]
[cegb_penalty_split: 0]
[cegb_penalty_feature_lazy: ]
[cegb_penalty_feature_coupled: ]
[path_smooth: 0]
[interaction_constraints: ]
[verbosity: -1]
[saved_feature_importance_type: 0]
[use_quantized_grad: 0]
[num_grad_quant_bins: 4]
[quant_train_renew_leaf: 0]
[stochastic_rounding: 1]
[linear_tree: 0]
[max_bin: 255]
[max_bin_by_feature: ]
[min_data_in_bin: 3]
[bin_construct_sample_cnt: 200000]
[data_random_seed: 1]
[is_enable_sparse: 1]
[enable_bundle: 1]
[use_missing: 1]
[zero_as_missing: 0]
[feature_pre_filter: 1]
[pre_partition: 0]
[two_round: 0]
[header: 0]
[label_column: ]
[weight_column: ]
[group_column: ]
[ignore_column: ]
[categorical_feature: ]
[forcedbins_filename: ]
[precise_float_parser: 0]
[parser_config_file: ]
[objective_seed: 5]
[num_class: 1]
[is_unbalance: 0]
[scale_pos_weight: 1]
[sigmoid: 1]
[boost_from_average: 1]
[reg_sqrt: 0]
[alpha: 0.9]
[fair_c: 1]
[poisson_max_delta_step: 0.7]
[tweedie_variance_power: 1.5]
[lambdarank_truncation_level: 30]
[lambdarank_norm: 1]
[label_gain: ]
[lambdarank_position_bias_regularization: 0]
[eval_at: ]
[multi_error_top_k: 1]
[auc_mu_weights: ]
[num_machines: 1]
[local_listen_port: 12400]
[time_out: 120]
[machine_list_filename: ]
[machines: ]
[gpu_platform_id: -1]
[gpu_device_id: -1]
[gpu_use_dp: 0]
[num_gpu: 1]

end of parameters

pandas_categorical:null
