tree
version=v4
num_class=1
num_tree_per_iteration=1
label_index=0
max_feature_idx=16
objective=regression
feature_names=Column_0 Column_1 Column_2 Column_3 Column_4 Column_5 Column_6 Column_7 Column_8 Column_9 Column_10 Column_11 Column_12 Column_13 Column_14 Column_15 Column_16
feature_infos=[3.3870939577158263:9.021117201076347] [2.1983002832861192:17.143055555555556] [121:13294] [12:19] [67.463888888888889:94.28947368421052] [17:70] [4:40] [0.11824283309599432:0.53618197731471329] [0:1] [4.3443567218683636:7.9719605977391428] [53:80] [0:1] [98:195] [0:23] [3.4901012415027166:6.3684171964980809] [6.7786378097340139:22.489228860449046] [-162059.58333333334:70207.752459016396]
tree_sizes=954 911 949 895 982 891 953 973 913 803 911 910 906 997 914 803 917 943 899 996 918 917 900 992 914 913 920 901 1009 1004 987 990 898 903 979 994 825 918 997 899 920 914 912 914 998 919 990 916 884 922 917 915 916 824 962 1000 807 915 785 914 786 917 709 915 921 914 789 714 920 919 839 930 1008 923 1009 917 731 919 931 917 899 914 787 1013 899 998 902 920 716 923 908 716 790 909 998 910 919 822 935 902 934 1015 935 935 1016 1015 923 797 1063 927 1018 968 923 924 930 933 900 837 807 838 810 935 1028 840 931 822 803 903 800 716 887 911 924 928 905 1016 840 938 933 989 843 1015 833 872 841 819 918 941 934 928 938 933 841 1013 810 728 732 1025 934 934 934 919 935 921 930 919 724 928 841 730 1037 930 935 975 841 916 936 1013 932 922 840 998 918 838 845 1013 916 838 842 1017 819 939 935 930 937 938 840 844 1032 886 1029 938 933 932 915 931 937 1009 1012 1017 919 846 1012 841 933 918 922 935 843 1033 839 921 841 838 1017 982 918 838 839 941 919 920 840 935 933 836 938 1015 846 937 937 928 941 827 809 845 922 922 999 822 826 936 843 921 940 937 997 805 996 844 935 935 998 936 726 922 731 933 1015 733 921 843 935 1026 720 832 720 1006 931 837 819 912 721 817 929 913 822 1023 998 929 836 913 919 803 918 936 829 835 928 932

Tree=0
num_leaves=9
num_cat=0
split_feature=3 5 7 16 5 12 13 1
split_gain=805.76 1345.28 847.184 914.024 301.104 187.571 173.632 169.677
threshold=15.500000000000002 34.500000000000007 0.23902979260916629 -41924.210224586284 27.500000000000004 134.00000000000003 8.5000000000000018 11.84027777777778
decision_type=2 2 2 2 2 2 2 2
left_child=2 4 5 -4 -2 6 -1 -7
right_child=1 -3 3 -5 -6 7 -8 -9
leaf_value=79.509378394695744 79.363080686389097 78.879437536113272 79.309939314769551 78.954081762247071 79.148576637414166 79.227057029599194 79.346443740572468 79.377470980208017
leaf_weight=7.9999999999999982 8.0000000000000018 7.9999999999999991 10.000000000000002 6.9999999999999991 6.9999999999999991 7.0000000000000027 7 10.999999999999998
leaf_count=8 8 8 10 7 7 7 7 11
internal_value=79.2466 79.1296 79.3004 79.1634 79.263 79.371 79.4334 79.319
internal_weight=73 23 50 17 15 33 15 18
internal_count=73 23 50 17 15 33 15 18
is_linear=0
shrinkage=1


Tree=1
num_leaves=8
num_cat=0
split_feature=0 10 0 0 12 9 5
split_gain=1660.21 1202.46 816.041 272.182 164.763 259.388 114.609
threshold=6.6698602708513919 56.500000000000007 7.1674896877929504 5.2916288462419381 129.50000000000003 5.8178439368889565 28.500000000000004
decision_type=2 2 2 2 2 2 2
left_child=3 -2 -3 6 -5 -6 -1
right_child=1 2 -4 4 5 -7 -8
leaf_value=0.10231282936839849 0.10307398900201577 -0.39597744335034152 -0.090812489500480445 0.12187480207504289 -0.069546331065332437 0.10920099851319109 0.23470236615862644
leaf_weight=6.9999999999999991 8.0000000000000018 10.000000000000002 9.9999999999999982 11.000000000000002 11.000000000000002 7.9999999999999991 7.9999999999999991
leaf_count=7 8 10 10 11 11 8 8
internal_value=0 -0.144404 -0.243402 0.0898514 0.0483074 0.00570835 0.17293
internal_weight=73 28 20 45 30 19 15
internal_count=73 28 20 45 30 19 15
is_linear=0
shrinkage=0.0238854


Tree=2
num_leaves=9
num_cat=0
split_feature=4 2 13 5 9 4 12 6
split_gain=1241.96 697.015 838.812 351.48 164.161 113.976 64.9217 26.2238
threshold=86.731250000000017 5497.0000000000009 6.5000000000000009 31.500000000000004 5.2815995835890144 73.753390269151154 144.50000000000003 35.500000000000007
decision_type=2 2 2 2 2 2 2 2
left_child=1 5 3 -3 -4 -1 -6 -7
right_child=-2 2 4 -5 6 7 -8 -9
leaf_value=0.057118866972511902 -0.30251501848252105 -0.29824425021529649 -0.041485435449303387 -0.058856347297481938 0.029651354010351117 0.13845854717565231 0.12121170185155365 0.19798579771408803
leaf_weight=8.0000000000000018 6.9999999999999991 6.9999999999999982 8.0000000000000018 7 7.0000000000000027 9 11.999999999999998 8
leaf_count=8 7 7 8 7 7 9 12 8
internal_value=0 0.0320851 -0.0285241 -0.17856 0.0492673 0.13149 0.0874863 0.16648
internal_weight=73 66 41 14 27 25 19 17
internal_count=73 66 41 14 27 25 19 17
is_linear=0
shrinkage=0.0238854


Tree=3
num_leaves=8
num_cat=0
split_feature=0 10 0 0 2 2 6
split_gain=1557.19 1112.72 766.421 242.868 207.944 273.719 57.5489
threshold=6.6698602708513919 56.500000000000007 7.1674896877929504 5.2916288462419381 7571.0000000000009 6381.5000000000009 35.500000000000007
decision_type=2 2 2 2 2 2 2
left_child=3 -2 -3 6 5 -5 -1
right_child=1 2 -4 4 -6 -7 -8
leaf_value=0.12169330693296609 0.098212090384385803 -0.38294822368558395 -0.087206132952996368 0.079954448804835071 0.15205903213141972 -0.091401416142574576 0.21553792013186665
leaf_weight=7.9999999999999982 8.0000000000000018 10.000000000000002 9.9999999999999982 13.000000000000005 7.9999999999999991 8.9999999999999982 7
leaf_count=8 8 10 10 13 8 9 7
internal_value=0 -0.139852 -0.235084 0.0870192 0.0477756 0.00984796 0.165497
internal_weight=73 28 20 45 30 22 15
internal_count=73 28 20 45 30 22 15
is_linear=0
shrinkage=0.0238854


Tree=4
num_leaves=9
num_cat=0
split_feature=0 4 4 1 2 7 14 14
split_gain=1483.69 1919.8 256.712 270.385 178.68 153.122 78.3718 71.1389
threshold=6.6698602708513919 80.249206349206361 76.7326388888889 11.84027777777778 5068.0000000000009 0.31504239128764294 4.9696766989752357 5.2594476832507073
decision_type=2 2 2 2 2 2 2 2
left_child=2 5 4 -4 -1 -2 -5 -8
right_child=1 -3 3 6 -6 -7 7 -9
leaf_value=0.092389490840239535 0.09016536902824937 -0.3823840395515436 -0.0046801514714815175 0.21985337659445811 -0.072851679095607108 -0.053447443237405967 0.075588278159794034 0.18332053379944677
leaf_weight=6.9999999999999991 9.0000000000000053 10.999999999999998 7.0000000000000027 9.0000000000000018 7.9999999999999991 7.9999999999999991 6.9999999999999982 7
leaf_count=7 9 11 7 9 8 8 7 7
internal_value=0 -0.136511 0.0849408 0.125281 0.00425155 0.0225746 0.16484 0.129464
internal_weight=73 28 45 30 15 17 23 14
internal_count=73 28 45 30 15 17 23 14
is_linear=0
shrinkage=0.0238854


Tree=5
num_leaves=8
num_cat=0
split_feature=0 4 4 1 15 10 12
split_gain=1413.66 1829.19 244.596 257.626 229.073 142.65 81.9894
threshold=6.6698602708513919 80.249206349206361 76.7326388888889 11.84027777777778 11.313843569011473 56.500000000000007 134.00000000000003
decision_type=2 2 2 2 2 2 2
left_child=2 5 4 -4 -1 -2 -5
right_child=1 -3 3 6 -6 -7 -8
leaf_value=0.091471352634431582 0.095427752536198382 -0.37325066628739223 -0.004568364352464608 0.2123402859810565 -0.09562631947357772 -0.043187019456443945 0.1213253704475339
leaf_weight=7.9999999999999982 8.0000000000000053 10.999999999999998 7.0000000000000027 10.000000000000002 7 8.9999999999999982 12.999999999999998
leaf_count=8 8 11 7 10 7 9 13
internal_value=0 -0.133251 0.0829121 0.122289 0.00414977 0.0220352 0.160903
internal_weight=73 28 45 30 15 17 23
internal_count=73 28 45 30 15 17 23
is_linear=0
shrinkage=0.0238854


Tree=6
num_leaves=9
num_cat=0
split_feature=4 2 13 7 7 4 7 6
split_gain=1101.32 597.968 727.459 466.178 191.895 100.652 65.7485 17.8756
threshold=86.731250000000017 5497.0000000000009 6.5000000000000009 0.23902979260916629 0.22298969960683421 73.753390269151154 0.28318423061577264 35.500000000000007
decision_type=2 2 2 2 2 2 2 2
left_child=1 5 3 -3 -4 -1 -6 -7
right_child=-2 2 4 -5 6 7 -8 -9
leaf_value=0.05239525648476661 -0.28487157556563925 -0.027795030833152001 -0.036494099571849035 -0.30347886775142213 0.14519246967803884 0.13201714801531564 0.051049556899075817 0.18119245934876368
leaf_weight=8.0000000000000018 6.9999999999999991 6.9999999999999982 10.000000000000002 7 8.0000000000000018 9 8.9999999999999982 8
leaf_count=8 7 7 10 7 8 9 9 8
internal_value=0 0.030214 -0.0259237 -0.165647 0.0465202 0.122286 0.0953604 0.155167
internal_weight=73 66 41 14 27 25 17 17
internal_count=73 66 41 14 27 25 17 17
is_linear=0
shrinkage=0.0238854


Tree=7
num_leaves=9
num_cat=0
split_feature=4 5 2 12 3 14 10 15
split_gain=1049.34 582.704 577.638 570.681 239.543 195.693 186.838 39.3732
threshold=86.731250000000017 35.500000000000007 6381.5000000000009 144.50000000000003 16.500000000000004 5.2594476832507073 61.500000000000007 11.313843569011473
decision_type=2 2 2 2 2 2 2 2
left_child=1 2 7 4 -4 -5 -3 -1
right_child=-2 6 3 5 -6 -7 -8 -9
leaf_value=0.12599065273317242 -0.27806731059945666 0.077221654234336662 -0.29008893798383723 0.10146155559076879 -0.09244878302185032 -0.071464200690753044 0.22895477765856639 0.055298420339548938
leaf_weight=9.0000000000000018 6.9999999999999991 11.000000000000002 7.0000000000000018 7.9999999999999982 7 7 7.9999999999999991 8.9999999999999982
leaf_count=9 7 11 7 8 7 7 8 9
internal_value=0 0.0294924 -0.0156294 -0.0816022 -0.191279 0.0207535 0.141117 0.0906523
internal_weight=73 66 47 29 14 15 19 18
internal_count=73 66 47 29 14 15 19 18
is_linear=0
shrinkage=0.0238854


Tree=8
num_leaves=8
num_cat=0
split_feature=2 13 3 15 3 14 10
split_gain=656.057 445.007 756.384 155.341 139.799 73.2769 26.0961
threshold=6381.5000000000009 8.5000000000000018 15.500000000000002 16.717087458457673 16.500000000000004 4.6973039018635818 60.500000000000007
decision_type=2 2 2 2 2 2 2
left_child=4 2 -2 -3 5 -1 -7
right_child=1 3 -4 -5 -6 6 -8
leaf_value=0.053599692363374432 -0.036907693349287271 -0.034214716521538797 -0.34488429312890972 0.10534473078013817 -0.01589506463224484 0.10549820058045434 0.16658482080386863
leaf_weight=10.000000000000002 13.000000000000002 13.000000000000002 6.9999999999999991 6.9999999999999991 6.9999999999999991 7.9999999999999991 7.9999999999999991
leaf_count=10 13 13 7 7 7 8 8
internal_value=0 -0.0650378 -0.144707 0.0146241 0.0788345 0.104344 0.13605
internal_weight=73 40 20 20 33 26 16
internal_count=73 40 20 20 33 26 16
is_linear=0
shrinkage=0.0238854


Tree=9
num_leaves=7
num_cat=0
split_feature=4 5 16 3 12 10
split_gain=992.034 540.275 437.885 950.278 396.033 176.416
threshold=86.731250000000017 35.500000000000007 -21796.414250021833 15.500000000000002 131.50000000000003 61.500000000000007
decision_type=2 2 2 2 2 2
left_child=1 2 3 4 -1 -3
right_child=-2 5 -4 -5 -6 -7
leaf_value=-0.13884777082500444 -0.27036826463095454 0.074071587902704544 0.11711575088406698 -0.26762838442553744 0.069894680051743346 0.22151270931837777
leaf_weight=7.0000000000000027 6.9999999999999991 11.000000000000002 10.999999999999998 8.9999999999999982 20 7.9999999999999991
leaf_count=7 7 11 11 9 20 8
internal_value=0 0.0286759 -0.014772 -0.055075 0.0157711 0.136159
internal_weight=73 66 47 36 27 19
internal_count=73 66 47 36 27 19
is_linear=0
shrinkage=0.0238854


Tree=10
num_leaves=8
num_cat=0
split_feature=0 4 4 1 12 7 12
split_gain=1222.71 1580.51 219.637 204.852 151.412 135.475 65.0086
threshold=6.6698602708513919 80.249206349206361 76.7326388888889 11.84027777777778 114.00000000000001 0.31504239128764294 134.00000000000003
decision_type=2 2 2 2 2 2 2
left_child=2 5 4 -4 -1 -2 -5
right_child=1 -3 3 6 -6 -7 -8
leaf_value=0.083608433664922585 0.083997117557496309 -0.34701527474110988 0.0012652193185186534 0.19466070233502369 -0.068502775946067712 -0.051086696786726601 0.11361050911018294
leaf_weight=6.9999999999999991 9.0000000000000053 10.999999999999998 7.0000000000000027 10.000000000000002 7.9999999999999991 7.9999999999999991 12.999999999999998
leaf_count=7 9 11 7 10 8 8 13
internal_value=0 -0.123925 0.0771093 0.114423 0.00247313 0.02042 0.148856
internal_weight=73 28 45 30 15 17 23
internal_count=73 28 45 30 15 17 23
is_linear=0
shrinkage=0.0238854


Tree=11
num_leaves=8
num_cat=0
split_feature=0 0 5 0 2 12 5
split_gain=1165 475.856 618.374 182.063 180.27 221.525 81.9178
threshold=6.6698602708513919 7.1674896877929504 34.500000000000007 5.2916288462419381 7571.0000000000009 129.50000000000003 28.500000000000004
decision_type=2 2 2 2 2 2 2
left_child=3 2 -2 6 5 -5 -1
right_child=1 -3 -4 4 -6 -7 -8
leaf_value=0.083508351814919543 -0.048661199438886707 -0.015182521838654183 -0.35609077090668578 0.089008327074076632 0.13838540049319389 -0.063207976012843337 0.19544165948222733
leaf_weight=6.9999999999999991 7.0000000000000027 12.999999999999998 7.9999999999999991 10.000000000000005 7.9999999999999991 11.999999999999998 7.9999999999999991
leaf_count=7 7 13 8 10 8 12 8
internal_value=0 -0.120965 -0.212633 0.0752677 0.0412891 0.0059749 0.143216
internal_weight=73 28 15 45 30 22 15
internal_count=73 28 15 45 30 22 15
is_linear=0
shrinkage=0.0238854


Tree=12
num_leaves=8
num_cat=0
split_feature=0 10 5 0 2 2 5
split_gain=1110.01 874.91 659.103 173.47 171.761 200.84 78.0497
threshold=6.6698602708513919 56.500000000000007 34.500000000000007 5.2916288462419381 7571.0000000000009 6381.5000000000009 28.500000000000004
decision_type=2 2 2 2 2 2 2
left_child=3 -2 -3 6 5 -5 -1
right_child=1 2 -4 4 -6 -7 -8
leaf_value=0.081513726220762459 0.093020299062249651 -0.07847687880598582 -0.35411459258768707 0.065885479966256141 0.13508001885156143 -0.080896259500160869 0.1907734695896518
leaf_weight=6.9999999999999991 8.0000000000000018 11.000000000000002 8.9999999999999982 13.000000000000005 7.9999999999999991 8.9999999999999982 7.9999999999999991
leaf_count=7 8 11 9 13 8 9 8
internal_value=0 -0.118076 -0.202521 0.07347 0.0403029 0.00583204 0.139795
internal_weight=73 28 20 45 30 22 15
internal_count=73 28 20 45 30 22 15
is_linear=0
shrinkage=0.0238854


Tree=13
num_leaves=9
num_cat=0
split_feature=2 16 15 16 16 3 5 2
split_gain=551.509 415.843 950.793 157.158 155.668 116.796 71.0422 45.1617
threshold=6381.5000000000009 -45774.662560662924 15.700871947419392 -72229.209983766239 -27020.275321833175 16.500000000000004 31.500000000000004 4207.0000000000009
decision_type=2 2 2 2 2 2 2 2
left_child=5 3 4 -2 -3 6 -1 -8
right_child=1 2 -4 -5 -6 -7 7 -9
leaf_value=0.030522915679550226 -0.034697540139925029 -0.10863724618291283 -0.35411265619829541 0.12534496319842886 0.029830075044351066 -0.014303639418311061 0.16780367323473902 0.091413672156623299
leaf_weight=7.0000000000000027 7 8.0000000000000018 6.9999999999999991 6.9999999999999982 11.000000000000002 6.9999999999999991 7.0000000000000027 11.999999999999998
leaf_count=7 7 8 7 7 11 7 7 12
internal_value=0 -0.0596307 -0.116145 0.0453137 -0.0284646 0.0722808 0.0955974 0.119565
internal_weight=73 40 26 14 19 33 26 19
internal_count=73 40 26 14 19 33 26 19
is_linear=0
shrinkage=0.0238854


Tree=14
num_leaves=8
num_cat=0
split_feature=0 4 4 14 12 7 1
split_gain=1041.87 1423.04 196.274 191.243 135.941 131.756 103.172
threshold=6.6698602708513919 80.249206349206361 76.7326388888889 4.9696766989752357 114.00000000000001 0.31504239128764294 12.219444444444447
decision_type=2 2 2 2 2 2 2
left_child=2 5 4 -4 -1 -2 -5
right_child=1 -3 3 6 -6 -7 -8
leaf_value=0.077503310853363802 0.08526923371598405 -0.32607918500110761 0.19174558257014263 -0.010113243413146828 -0.066628007229246416 -0.047947070857843575 0.10360807334402367
leaf_weight=6.9999999999999991 9.0000000000000053 10.999999999999998 10.000000000000002 7.0000000000000027 7.9999999999999991 7.9999999999999991 12.999999999999998
leaf_count=7 9 11 10 7 8 8 13
internal_value=0 -0.114394 0.0711793 0.106452 0.000623953 0.022571 0.0637986
internal_weight=73 28 45 30 15 17 20
internal_count=73 28 45 30 15 17 20
is_linear=0
shrinkage=0.0238854


Tree=15
num_leaves=7
num_cat=0
split_feature=4 5 13 4 4 13
split_gain=837.183 435.951 766.191 179.105 218.822 151.561
threshold=86.731250000000017 35.500000000000007 3.5000000000000004 82.11041666666668 73.753390269151154 10.500000000000002
decision_type=2 2 2 2 2 2
left_child=1 2 -1 4 -4 -3
right_child=-2 5 3 -5 -6 -7
leaf_value=-0.19819058764739611 -0.24837188043674949 0.19400958589716796 -0.035691407648218619 -0.071334521205808646 0.10506768705386449 0.058874880789842279
leaf_weight=9.9999999999999982 6.9999999999999991 9.0000000000000018 9.0000000000000018 6.9999999999999991 21 9.9999999999999982
leaf_count=10 7 9 9 7 21 10
internal_value=0 0.0263431 -0.0126849 0.037448 0.0628353 0.122893
internal_weight=73 66 47 37 30 19
internal_count=73 66 47 37 30 19
is_linear=0
shrinkage=0.0238854


Tree=16
num_leaves=8
num_cat=0
split_feature=0 4 4 14 12 7 1
split_gain=977.343 1319.16 178.399 179.431 129.306 119.831 91.3834
threshold=6.6698602708513919 80.249206349206361 76.7326388888889 4.9696766989752357 114.00000000000001 0.31504239128764294 12.219444444444447
decision_type=2 2 2 2 2 2 2
left_child=2 5 4 -4 -1 -2 -5
right_child=1 -3 3 6 -6 -7 -8
leaf_value=0.076652981115021335 0.080869627578280298 -0.31460720022109495 0.18518574932510282 -0.0083072013301766535 -0.063916339738746525 -0.046174871310724938 0.098718583692755338
leaf_weight=6.9999999999999991 9.0000000000000053 10.999999999999998 10.000000000000002 7.0000000000000027 7.9999999999999991 7.9999999999999991 12.999999999999998
leaf_count=7 9 11 10 7 8 8 13
internal_value=0 -0.110795 0.0689398 0.102568 0.00167336 0.0210758 0.0612526
internal_weight=73 28 45 30 15 17 20
internal_count=73 28 45 30 15 17 20
is_linear=0
shrinkage=0.0238854


Tree=17
num_leaves=9
num_cat=0
split_feature=5 6 15 16 6 14 16 1
split_gain=421.291 319.688 593.185 506.871 436.604 201.971 67.9742 28.3456
threshold=42.500000000000007 35.500000000000007 11.716637422794387 -41924.210224586284 17.500000000000004 5.0603439512410473 -4979.1493055555557 11.84027777777778
decision_type=2 2 2 2 2 2 2 2
left_child=1 2 6 7 -5 -3 -1 -4
right_child=-2 5 3 4 -6 -7 -8 -9
leaf_value=0.05351652877663908 -0.17619062854623685 0.20483350337951645 0.051139372227100861 -0.31948477347115806 -0.052684014028863003 0.040690653066519041 0.14586568461070062 -0.016824152386298009
leaf_weight=13.000000000000002 6.9999999999999991 7.0000000000000027 7 7 7 10.999999999999998 6.9999999999999991 7
leaf_count=13 7 7 7 7 7 11 7 7
internal_value=0 0.0186875 -0.0135013 -0.0844685 -0.186094 0.104532 0.0858458 0.0171476
internal_weight=73 66 48 28 14 18 20 14
internal_count=73 66 48 28 14 18 20 14
is_linear=0
shrinkage=0.0238854


Tree=18
num_leaves=8
num_cat=0
split_feature=0 10 0 0 2 12 6
split_gain=909.822 739.762 573.866 141.346 141.507 196.005 30.0261
threshold=6.6698602708513919 56.500000000000007 7.1674896877929504 5.2916288462419381 7571.0000000000009 129.50000000000003 35.500000000000007
decision_type=2 2 2 2 2 2 2
left_child=3 -2 -3 6 5 -5 -1
right_child=1 2 -4 4 -6 -7 -8
leaf_value=0.094732610370507842 0.087208365690891812 -0.31249670503245564 -0.056587137320862714 0.083392289878453596 0.12260220239807032 -0.059788100191221154 0.16254076398225728
leaf_weight=7.9999999999999982 8.0000000000000018 10.000000000000002 9.9999999999999982 10.000000000000005 7.9999999999999991 11.999999999999998 7
leaf_count=8 8 10 10 10 8 12 7
internal_value=0 -0.106899 -0.184549 0.0665158 0.0365761 0.00528754 0.126386
internal_weight=73 28 20 45 30 22 15
internal_count=73 28 20 45 30 22 15
is_linear=0
shrinkage=0.0238854


Tree=19
num_leaves=9
num_cat=0
split_feature=2 16 1 13 16 14 13 16
split_gain=448.184 348.037 441.346 244.178 134.908 93.3572 54.3312 19.4913
threshold=6381.5000000000009 -45774.662560662924 11.738888888888891 10.500000000000002 -72229.209983766239 5.5001790490580609 8.5000000000000018 -21796.414250021833
decision_type=2 2 2 2 2 2 2 2
left_child=5 4 -3 -4 -2 6 7 -1
right_child=1 2 3 -5 -6 -7 -8 -9
leaf_value=0.089743834756148694 -0.031877743569978891 -0.24070960215320447 -0.1191958237276174 0.062158862181884197 0.11640221251657115 -0.01224924552427375 0.048691017811198382 0.14619381084117408
leaf_weight=6.9999999999999991 7 9.0000000000000018 9.0000000000000018 7.9999999999999991 6.9999999999999982 6.9999999999999991 11.999999999999998 7.0000000000000027
leaf_count=7 7 9 9 8 7 7 12 7
internal_value=0 -0.0537552 -0.105457 -0.0338442 0.0422523 0.0651592 0.0860053 0.117979
internal_weight=73 40 26 17 14 33 26 14
internal_count=73 40 26 17 14 33 26 14
is_linear=0
shrinkage=0.0238854


Tree=20
num_leaves=8
num_cat=0
split_feature=0 4 4 1 16 7 12
split_gain=838.828 1198.82 165.666 149.775 123.503 113.84 47.9738
threshold=6.6698602708513919 80.249206349206361 76.7326388888889 11.84027777777778 -34032.315972222241 0.31504239128764294 134.00000000000003
decision_type=2 2 2 2 2 2 2
left_child=2 5 4 -4 -1 -2 -5
right_child=1 -3 3 6 -6 -7 -8
leaf_value=-0.065054628487261984 0.081347798947244171 -0.29693737996691955 -0.00044565483365017978 0.16506761426843611 0.072324868930043251 -0.042479389582201314 0.095436101987486976
leaf_weight=7.9999999999999991 9.0000000000000053 10.999999999999998 7.0000000000000027 10.000000000000002 6.9999999999999991 7.9999999999999991 12.999999999999998
leaf_count=8 9 11 7 10 7 8 13
internal_value=0 -0.102643 0.0638681 0.0962742 -0.000934865 0.023068 0.125717
internal_weight=73 28 45 30 15 17 23
internal_count=73 28 45 30 15 17 23
is_linear=0
shrinkage=0.0238854


Tree=21
num_leaves=8
num_cat=0
split_feature=0 4 4 14 16 10 1
split_gain=799.235 1142.23 157.846 153.782 117.674 108.79 78.5435
threshold=6.6698602708513919 80.249206349206361 76.7326388888889 4.9696766989752357 -34032.315972222241 56.500000000000007 12.335416666666669
decision_type=2 2 2 2 2 2 2
left_child=2 5 4 -4 -1 -2 -5
right_child=1 -3 3 6 -6 -7 -8
leaf_value=-0.063500774232554402 0.086609825096042981 -0.28984493059758193 0.17046000377715831 -0.002229829808363218 0.07059736542585282 -0.034439296865739898 0.094373176061255656
leaf_weight=7.9999999999999991 8.0000000000000053 10.999999999999998 10.000000000000002 8.0000000000000018 6.9999999999999991 8.9999999999999982 11.999999999999998
leaf_count=8 8 11 10 8 7 9 12
internal_value=0 -0.100192 0.0623426 0.0939747 -0.000912311 0.0225168 0.055725
internal_weight=73 28 45 30 15 17 20
internal_count=73 28 45 30 15 17 20
is_linear=0
shrinkage=0.0238854


Tree=22
num_leaves=8
num_cat=0
split_feature=0 4 4 15 12 7 4
split_gain=761.511 1088.32 150.396 156.3 116.748 108.755 108.418
threshold=6.6698602708513919 80.249206349206361 76.7326388888889 11.313843569011473 134.00000000000003 0.31504239128764294 82.11041666666668
decision_type=2 2 2 2 2 2 2
left_child=2 5 3 -1 -4 -2 -6
right_child=1 -3 4 -5 6 -7 -8
leaf_value=0.071222479560563504 0.078942353977000196 -0.28292187957825204 0.15837458118731021 -0.083324870762145217 0.10870394848571481 -0.042087806558922108 -0.0030653611916250435
leaf_weight=7.9999999999999982 9.0000000000000053 10.999999999999998 10.000000000000002 7 11.000000000000002 7.9999999999999991 8.9999999999999982
leaf_count=8 9 11 10 7 11 8 9
internal_value=0 -0.0977987 0.0608535 -0.000890296 0.0917301 0.0219788 0.0584008
internal_weight=73 28 45 15 30 17 20
internal_count=73 28 45 15 30 17 20
is_linear=0
shrinkage=0.0238854


Tree=23
num_leaves=9
num_cat=0
split_feature=4 2 13 7 7 4 7 7
split_gain=684.551 331.411 464.563 326.127 140.566 56.0397 52.2125 12.3847
threshold=86.731250000000017 5497.0000000000009 6.5000000000000009 0.23902979260916629 0.22298969960683421 73.753390269151154 0.28318423061577264 0.19295901844660945
decision_type=2 2 2 2 2 2 2 2
left_child=1 5 3 -3 -4 -1 -6 -7
right_child=-2 2 4 -5 6 7 -8 -9
leaf_value=0.040208435716525666 -0.2245922476353083 -0.014325505063397864 -0.031127295184976218 -0.2449116850154564 0.12612942609467928 0.099796774338959754 0.042232890062269539 0.14131666975573678
leaf_weight=8.0000000000000018 6.9999999999999991 6.9999999999999982 10.000000000000002 7 8.0000000000000018 10.000000000000002 8.9999999999999982 6.9999999999999991
leaf_count=8 7 7 10 7 8 10 9 7
internal_value=0 0.0238211 -0.0179708 -0.129629 0.0399207 0.0923653 0.0817219 0.116901
internal_weight=73 66 41 14 27 25 17 17
internal_count=73 66 41 14 27 25 17 17
is_linear=0
shrinkage=0.0238854


Tree=24
num_leaves=8
num_cat=0
split_feature=0 13 7 5 5 1 5
split_gain=713.651 462.372 189.695 117.977 229.422 124.466 51.992
threshold=6.6698602708513919 3.5000000000000004 0.25562074446736388 28.500000000000004 24.500000000000004 11.84027777777778 37.500000000000007
decision_type=2 2 2 2 2 2 2
left_child=3 -2 -3 4 -1 -5 -7
right_child=1 2 -4 5 -6 6 -8
leaf_value=0.097287835755614546 -0.26279486914145156 0.02980794048158187 -0.11392350939524927 -6.7147521060398007e-05 -0.083602946856960542 0.084974566557718512 0.15969777991201917
leaf_weight=7.9999999999999991 7.0000000000000027 11.000000000000002 9.9999999999999982 7.0000000000000027 7.9999999999999991 13.000000000000002 8.9999999999999982
leaf_count=8 7 11 10 7 8 13 9
internal_value=0 -0.0946755 -0.038629 0.0589102 0.0068337 0.0876373 0.11555
internal_weight=73 28 21 45 16 29 22
internal_count=73 28 21 45 16 29 22
is_linear=0
shrinkage=0.0238854


Tree=25
num_leaves=8
num_cat=0
split_feature=0 10 5 0 2 2 5
split_gain=679.966 610.035 536.972 112.58 123.161 136.938 47.9825
threshold=6.6698602708513919 56.500000000000007 34.500000000000007 5.2916288462419381 7571.0000000000009 6381.5000000000009 28.500000000000004
decision_type=2 2 2 2 2 2 2
left_child=3 -2 -3 6 5 -5 -1
right_child=1 2 -4 4 -6 -7 -8
leaf_value=0.065230382663521547 0.083853090213525508 -0.050964287059475373 -0.29975689415922979 0.051181511190038331 0.11103811835301913 -0.070020936795230332 0.15090878743063821
leaf_weight=6.9999999999999991 8.0000000000000018 11.000000000000002 8.9999999999999982 13.000000000000005 7.9999999999999991 8.9999999999999982 7.9999999999999991
leaf_count=7 8 11 9 13 8 9 8
internal_value=0 -0.0924141 -0.162928 0.0575031 0.0307826 0.00159232 0.110935
internal_weight=73 28 20 45 30 22 15
internal_count=73 28 20 45 30 22 15
is_linear=0
shrinkage=0.0238854


Tree=26
num_leaves=8
num_cat=0
split_feature=2 16 6 9 16 9 3
split_gain=342.016 325.123 361.947 98.1083 73.9377 66.6755 94.605
threshold=5497.0000000000009 -45774.662560662924 17.500000000000004 5.2815995835890144 -72229.209983766239 5.4690983124192796 14.500000000000002
decision_type=2 2 2 2 2 2 2
left_child=5 4 -3 -4 -2 6 -1
right_child=1 2 3 -5 -6 -7 -8
leaf_value=0.088571198210889185 -0.008810201600052173 -0.18277062444968023 -0.075877807286165638 0.046562592905001123 0.087995599451870771 0.12533714185019448 -0.019367112572299106
leaf_weight=11.000000000000005 9.0000000000000018 13.000000000000002 6.9999999999999991 7.9999999999999991 8.9999999999999982 7.9999999999999991 7.9999999999999991
leaf_count=11 9 13 7 8 9 8 8
internal_value=0 -0.0396086 -0.0905237 -0.0105669 0.0395849 0.0674831 0.0431161
internal_weight=73 46 28 15 18 27 19
internal_count=73 46 28 15 18 27 19
is_linear=0
shrinkage=0.0238854


Tree=27
num_leaves=8
num_cat=0
split_feature=0 4 4 15 14 10 13
split_gain=634.225 977.578 131.145 136.673 133.267 89.3539 87.0037
threshold=6.6698602708513919 80.249206349206361 76.7326388888889 11.313843569011473 4.9696766989752357 56.500000000000007 6.5000000000000009
decision_type=2 2 2 2 2 2 2
left_child=2 5 3 -1 -4 -2 -6
right_child=1 -3 4 -5 6 -7 -8
leaf_value=0.065311535489577702 0.082354334135588514 -0.26470390695026363 0.15556936960992951 -0.079206569150743741 0.11665338534363835 -0.027348451977131483 0.012192281587878776
leaf_weight=7.9999999999999982 8.0000000000000053 10.999999999999998 10.000000000000002 7 7.0000000000000027 8.9999999999999982 12.999999999999998
leaf_count=8 8 11 10 7 7 9 13
internal_value=0 -0.0892516 0.0555354 -0.00212093 0.0843683 0.0242682 0.0487607
internal_weight=73 28 45 15 30 17 20
internal_count=73 28 45 15 30 17 20
is_linear=0
shrinkage=0.0238854


Tree=28
num_leaves=9
num_cat=0
split_feature=4 0 13 4 4 15 13 15
split_gain=613.937 307.985 498.095 216.457 178.495 146.423 74.0084 104.294
threshold=86.731250000000017 6.6698602708513919 6.5000000000000009 77.593788290797121 77.316876498800966 12.046688210586407 6.5000000000000009 15.700871947419392
decision_type=2 2 2 2 2 2 2 2
left_child=1 4 -3 -4 5 -1 -6 -8
right_child=-2 2 3 -5 6 -7 7 -9
leaf_value=0.062284300741011295 -0.21269316045326508 -0.17409267928105759 0.1405328899010321 -0.041331332712512839 0.16412756807974091 -0.080148338002711594 0.021321259963101396 0.14427108907144257
leaf_weight=10.000000000000002 6.9999999999999991 10.000000000000002 6.9999999999999991 7.9999999999999991 8.0000000000000018 6.9999999999999991 8.9999999999999982 6.9999999999999991
leaf_count=10 7 10 7 8 8 7 9 7
internal_value=0 0.0225592 -0.0435139 0.0435293 0.0628511 0.00362733 0.104795 0.0751206
internal_weight=73 66 25 15 41 17 24 16
internal_count=73 66 25 15 41 17 24 16
is_linear=0
shrinkage=0.0238854


Tree=29
num_leaves=9
num_cat=0
split_feature=4 0 13 4 4 2 14 13
split_gain=584.959 293.449 474.584 206.24 170.071 104.895 74.1283 69.7951
threshold=86.731250000000017 6.6698602708513919 6.5000000000000009 77.593788290797121 77.316876498800966 5497.0000000000009 4.9696766989752357 13.500000000000002
decision_type=2 2 2 2 2 2 2 2
left_child=1 4 -3 -4 5 -1 -6 -8
right_child=-2 2 3 -5 6 -7 7 -9
leaf_value=0.053188449771402434 -0.20761291180883359 -0.16993442447087193 0.13717621623847778 -0.040344119963030306 0.15649809697357925 -0.0673651673274204 0.12484423118049665 0.021543755403189972
leaf_weight=10.000000000000002 6.9999999999999991 10.000000000000002 6.9999999999999991 7.9999999999999991 9.0000000000000018 6.9999999999999991 6.9999999999999991 7.9999999999999991
leaf_count=10 7 10 7 8 9 7 7 8
internal_value=0 0.0220204 -0.0424746 0.0424894 0.0613501 0.00354049 0.102293 0.06976
internal_weight=73 66 25 15 41 17 24 15
internal_count=73 66 25 15 41 17 24 15
is_linear=0
shrinkage=0.0238854


Tree=30
num_leaves=9
num_cat=0
split_feature=0 4 4 1 16 2 5 0
split_gain=564.605 887.418 118.104 104.16 99.7473 83.398 49.138 43.6728
threshold=6.6698602708513919 80.249206349206361 76.7326388888889 11.84027777777778 -34032.315972222241 8963.5000000000018 37.500000000000007 5.2916288462419381
decision_type=2 2 2 2 2 2 2 2
left_child=2 5 4 -4 -1 -2 7 -5
right_child=1 -3 3 6 -6 -7 -8 -9
leaf_value=-0.059940224699303338 0.080064589937800607 -0.25137627063068196 -0.00089390767631461184 0.1184957344445447 0.063521238987063369 -0.02591861411652574 0.14787358157788041 0.034086563201099658
leaf_weight=7.9999999999999991 8.0000000000000053 10.999999999999998 7.0000000000000027 7.0000000000000018 6.9999999999999991 8.9999999999999982 8.9999999999999982 7
leaf_count=8 8 11 7 7 7 9 9 7
internal_value=0 -0.0842104 0.0523989 0.0797608 -0.00231554 0.0239476 0.104314 0.0763012
internal_weight=73 28 45 30 15 17 23 14
internal_count=73 28 45 30 15 17 23 14
is_linear=0
shrinkage=0.0238854


Tree=31
num_leaves=9
num_cat=0
split_feature=4 2 13 12 9 4 9 1
split_gain=545.979 250.659 362.278 188.77 109.994 42.2719 26.3559 3.62838
threshold=86.731250000000017 5497.0000000000009 6.5000000000000009 129.50000000000003 5.2815995835890144 73.753390269151154 6.0309144207517624 12.893750000000002
decision_type=2 2 2 2 2 2 2 2
left_child=1 5 3 -3 -4 -1 -6 -7
right_child=-2 2 4 -5 6 7 -8 -9
leaf_value=0.035582792840154302 -0.20057619821565134 -0.025943671890581228 -0.038233495447022835 -0.20138347514760782 0.097001045591743995 0.11266352185754902 0.040624499847071303 0.090403064604132277
leaf_weight=8.0000000000000018 6.9999999999999991 6.9999999999999982 8.0000000000000018 7 9.0000000000000018 9.0000000000000018 9.9999999999999982 7.9999999999999991
leaf_count=8 7 7 8 7 9 9 10 8
internal_value=0 0.0212742 -0.0150708 -0.113674 0.0360514 0.0808856 0.0673366 0.102196
internal_weight=73 66 41 14 27 25 19 17
internal_count=73 66 41 14 27 25 19 17
is_linear=0
shrinkage=0.0238854


Tree=32
num_leaves=8
num_cat=0
split_feature=0 4 4 15 12 7 4
split_gain=531.783 824.351 113.591 115.61 85.51 83.3806 71.5911
threshold=6.6698602708513919 80.249206349206361 76.7326388888889 11.313843569011473 134.00000000000003 0.31504239128764294 82.11041666666668
decision_type=2 2 2 2 2 2 2
left_child=2 5 3 -1 -4 -2 -6
right_child=1 -3 4 -5 6 -7 -8
leaf_value=0.059212746108144698 0.072395332983415661 -0.24284244499512755 0.13472398079431924 -0.07370350368729936 0.090038013500742184 -0.033577275120626714 -0.00078285471705567746
leaf_weight=7.9999999999999982 9.0000000000000053 10.999999999999998 10.000000000000002 7 11.000000000000002 7.9999999999999991 8.9999999999999982
leaf_count=8 9 11 10 7 11 8 9
internal_value=0 -0.081726 0.0508531 -0.00280552 0.0776871 0.0225176 0.0491616
internal_weight=73 28 45 15 30 17 20
internal_count=73 28 45 15 30 17 20
is_linear=0
shrinkage=0.0238854


Tree=33
num_leaves=8
num_cat=0
split_feature=4 5 13 2 13 9 9
split_gain=507.027 255.206 481.441 140.129 118.659 68.1474 14.8648
threshold=86.731250000000017 35.500000000000007 3.5000000000000004 8143.5000000000009 10.500000000000002 5.4690983124192796 5.8178439368889565
decision_type=2 2 2 2 2 2 2
left_child=1 2 -1 5 -3 -4 -5
right_child=-2 4 3 6 -6 -7 -8
leaf_value=-0.15640788732445388 -0.19328881109926832 0.15729768543770939 0.027268165198669307 -0.053805997243143111 0.037727780188447947 0.10959429927538628 -0.0045582851259813846
leaf_weight=9.9999999999999982 6.9999999999999991 9.0000000000000018 12.000000000000002 6.9999999999999982 9.9999999999999982 10.999999999999998 7
leaf_count=10 7 9 12 7 10 11 7
internal_value=0 0.0205013 -0.00935902 0.0303802 0.0943736 0.0666476 -0.0291922
internal_weight=73 66 47 37 19 23 14
internal_count=73 66 47 37 19 23 14
is_linear=0
shrinkage=0.0238854


Tree=34
num_leaves=9
num_cat=0
split_feature=5 13 12 15 6 13 9 14
split_gain=264.678 285.853 202.634 78.5923 124.645 102.184 92.5853 57.7713
threshold=42.500000000000007 3.5000000000000004 124.00000000000001 12.046688210586407 35.500000000000007 8.5000000000000018 5.4690983124192796 5.2151115370270489
decision_type=2 2 2 2 2 2 2 2
left_child=1 2 -1 5 6 -3 -5 -6
right_child=-2 3 -4 4 7 -7 -8 -9
leaf_value=0.0098669005120354692 -0.13965271297750623 0.14459825667263485 -0.17185656014153775 -0.089059244843221516 0.12242466443784175 0.030047447531079217 0.018680296420254296 0.025353521973616459
leaf_weight=6.9999999999999982 6.9999999999999991 8.0000000000000018 7 7.0000000000000027 6.9999999999999982 9.9999999999999982 12.999999999999998 7
leaf_count=7 7 8 7 7 7 10 13 7
internal_value=0 0.0148126 -0.0809849 0.0406069 0.0192358 0.0809667 -0.0190216 0.0738991
internal_weight=73 66 14 52 34 18 20 14
internal_count=73 66 14 52 34 18 20 14
is_linear=0
shrinkage=0.0238854


Tree=35
num_leaves=9
num_cat=0
split_feature=4 2 13 7 7 7 10 12
split_gain=472.968 217.82 320.636 249.275 104.383 41.3122 40.486 9.00912
threshold=86.731250000000017 5497.0000000000009 6.5000000000000009 0.23902979260916629 0.22298969960683421 0.28318423061577264 58.500000000000007 129.50000000000003
decision_type=2 2 2 2 2 2 2 2
left_child=1 6 3 -3 -4 -6 -1 -8
right_child=-2 2 4 -5 5 -7 7 -9
leaf_value=0.026600848114526857 -0.1866837970527444 -0.0060344653128174648 -0.027208879421292451 -0.20763084485124711 0.10953792386962116 0.034908496852655076 0.10783550877378571 0.073083578099498267
leaf_weight=7.0000000000000027 6.9999999999999991 6.9999999999999982 10.000000000000002 7 8.0000000000000018 8.9999999999999982 11.000000000000002 6.9999999999999991
leaf_count=7 7 7 10 7 8 9 11 7
internal_value=0 0.0198009 -0.0140797 -0.106843 0.0340145 0.0700365 0.0753705 0.0943287
internal_weight=73 66 41 14 27 17 25 18
internal_count=73 66 41 14 27 17 25 18
is_linear=0
shrinkage=0.0238854


Tree=36
num_leaves=7
num_cat=0
split_feature=4 5 13 14 13 9
split_gain=450.644 242.993 430.857 119.523 111.489 51.1108
threshold=86.731250000000017 35.500000000000007 3.5000000000000004 5.2594476832507073 10.500000000000002 5.4690983124192796
decision_type=2 2 2 2 2 2
left_child=1 2 -1 5 -3 -4
right_child=-2 4 3 -5 -6 -7
leaf_value=-0.14891864950532288 -0.18222478736358075 0.15240456626504842 0.022206524789793246 -0.038208568499166359 0.036502842731277227 0.089202346310702813
leaf_weight=9.9999999999999982 6.9999999999999991 9.0000000000000018 13.000000000000002 10.999999999999998 9.9999999999999982 12.999999999999998
leaf_count=10 7 9 13 11 10 13
internal_value=0 0.019328 -0.00980906 0.0277844 0.0914111 0.0557098
internal_weight=73 66 47 37 19 26
internal_count=73 66 47 37 19 26
is_linear=0
shrinkage=0.0238854


Tree=37
num_leaves=8
num_cat=0
split_feature=0 4 4 15 14 13 2
split_gain=467.957 743.012 105.292 116.423 97.5596 73.8465 68.3407
threshold=6.6698602708513919 80.249206349206361 77.316876498800966 12.046688210586407 4.9696766989752357 7.5000000000000009 8963.5000000000018
decision_type=2 2 2 2 2 2 2
left_child=2 6 3 -1 -4 -6 -2
right_child=1 -3 4 -5 5 -7 -8
leaf_value=0.053110975840229571 0.073101686635590302 -0.22962601577699013 0.13599619153396023 -0.073895473414260351 0.10357743264338454 0.0043230854925545709 -0.0228372460442175
leaf_weight=10.000000000000002 8.0000000000000053 10.999999999999998 10.000000000000002 6.9999999999999991 7.0000000000000027 10.999999999999998 8.9999999999999982
leaf_count=10 8 11 10 7 7 11 9
internal_value=0 -0.0766646 0.047704 0.000805963 0.0761728 0.0429298 0.0223023
internal_weight=73 28 45 17 28 18 17
internal_count=73 28 45 17 28 18 17
is_linear=0
shrinkage=0.0238854


Tree=38
num_leaves=9
num_cat=0
split_feature=4 2 13 7 7 10 7 15
split_gain=422.145 196.732 289.209 226.027 95.0555 38.9334 37.9594 10.0578
threshold=86.731250000000017 5497.0000000000009 6.5000000000000009 0.23902979260916629 0.22298969960683421 58.500000000000007 0.28318423061577264 10.430615369755166
decision_type=2 2 2 2 2 2 2 2
left_child=1 5 3 -3 -4 -1 -6 -7
right_child=-2 2 4 -5 6 7 -8 -9
leaf_value=0.023693015273243113 -0.17636867450863372 -0.0055981227486566884 -0.026238970795309645 -0.19756494601868252 0.10442442158285405 0.11253230125720728 0.032886504671048797 0.075827087444108071
leaf_weight=7.0000000000000027 6.9999999999999991 6.9999999999999982 10.000000000000002 7 8.0000000000000018 7.0000000000000027 8.9999999999999982 10.999999999999998
leaf_count=7 7 7 10 7 8 7 9 11
internal_value=0 0.0187069 -0.0134917 -0.101592 0.0321846 0.0715182 0.0665597 0.0901092
internal_weight=73 66 41 14 27 25 17 18
internal_count=73 66 41 14 27 25 17 18
is_linear=0
shrinkage=0.0238854


Tree=39
num_leaves=8
num_cat=0
split_feature=0 4 4 14 2 2 6
split_gain=437.153 696.067 101.228 94.9615 65.007 62.3735 49.6302
threshold=6.6698602708513919 80.249206349206361 76.7326388888889 4.9696766989752357 5068.0000000000009 8963.5000000000018 35.500000000000007
decision_type=2 2 2 2 2 2 2
left_child=2 5 4 -4 -1 -2 -5
right_child=1 -3 3 6 -6 -7 -8
leaf_value=0.048599949091236536 0.070221957030763851 -0.22214866278014347 0.13154356328364855 0.092659176349646877 -0.051068103250878169 -0.021432325859524082 0.013757211806879345
leaf_weight=6.9999999999999991 8.0000000000000053 10.999999999999998 10.000000000000002 7.0000000000000009 7.9999999999999991 8.9999999999999982 13
leaf_count=7 8 11 10 7 8 9 13
internal_value=0 -0.0740983 0.0461073 0.0714392 -0.00454702 0.0216909 0.0413799
internal_weight=73 28 45 30 15 17 20
internal_count=73 28 45 30 15 17 20
is_linear=0
shrinkage=0.0238854


Tree=40
num_leaves=8
num_cat=0
split_feature=0 4 4 15 12 14 2
split_gain=416.52 663.212 97.0665 103.61 90.2831 67.9137 59.4297
threshold=6.6698602708513919 80.249206349206361 77.316876498800966 12.046688210586407 134.00000000000003 5.1713973998222338 8963.5000000000018
decision_type=2 2 2 2 2 2 2
left_child=2 6 3 -1 -4 -6 -2
right_child=1 -3 4 -5 5 -7 -8
leaf_value=0.049320406778467558 0.068544681851503794 -0.21684257388211348 0.14016367646150038 -0.070493584074864543 0.089218596125415189 0.0011752954231947995 -0.020920410232451853
leaf_weight=10.000000000000002 8.0000000000000053 10.999999999999998 8.0000000000000018 6.9999999999999991 10.000000000000002 9.9999999999999982 8.9999999999999982
leaf_count=10 8 11 8 7 10 10 9
internal_value=0 -0.0723284 0.0450062 -6.54611e-06 0.0723403 0.045204 0.0211726
internal_weight=73 28 45 17 28 20 17
internal_count=73 28 45 17 28 20 17
is_linear=0
shrinkage=0.0238854


Tree=41
num_leaves=8
num_cat=0
split_feature=0 4 9 0 7 4 13
split_gain=396.862 631.908 101.277 133.881 58.0013 38.9124 35.5367
threshold=6.6698602708513919 80.249206349206361 5.5056499004316306 5.851045336202076 0.31504239128764294 79.661208205280133 6.5000000000000009
decision_type=2 2 2 2 2 2 2
left_child=2 4 3 6 -2 -4 -1
right_child=1 -3 5 -5 -6 -7 -8
leaf_value=0.090265383639212007 0.062267103269395579 -0.21166321316027883 0.055822273659566213 -0.059875131764287756 -0.026116317075239159 0.12826263222233186 0.024080076093486578
leaf_weight=8.0000000000000053 9.0000000000000053 10.999999999999998 9.0000000000000018 8.9999999999999982 7.9999999999999991 7.9999999999999991 10.999999999999998
leaf_count=8 9 11 9 9 8 8 11
internal_value=0 -0.0706008 0.0439313 0.0160046 0.0206667 0.0899201 0.051955
internal_weight=73 28 45 28 17 17 19
internal_count=73 28 45 28 17 17 19
is_linear=0
shrinkage=0.0238854


Tree=42
num_leaves=8
num_cat=0
split_feature=4 5 6 15 2 9 9
split_gain=379.191 200.2 217.172 156.626 56.068 40.6382 37.3596
threshold=86.731250000000017 35.500000000000007 17.500000000000004 16.102652759067745 8644.5000000000018 5.4690983124192796 5.2145751236227573
decision_type=2 2 2 2 2 2 2
left_child=1 2 3 -1 5 -4 -3
right_child=-2 6 4 -5 -6 -7 -8
leaf_value=0.0045319845236184014 -0.16715489009523787 0.05755646082387763 0.019252767212428887 -0.14609362451514363 -0.026289116119577072 0.083316860365962392 0.12702808683858668
leaf_weight=6.9999999999999991 6.9999999999999991 12.000000000000002 13.000000000000005 8.9999999999999982 7.9999999999999991 9.9999999999999982 6.9999999999999991
leaf_count=7 7 12 13 9 8 10 7
internal_value=0 0.01773 -0.00871697 -0.0801862 0.0281659 0.0471128 0.0831587
internal_weight=73 66 47 16 31 23 19
internal_count=73 66 47 16 31 23 19
is_linear=0
shrinkage=0.0238854


Tree=43
num_leaves=8
num_cat=0
split_feature=0 4 9 0 10 10 4
split_gain=366.612 597.087 94.1048 125.477 60.3973 60.1511 38.3941
threshold=6.6698602708513919 80.249206349206361 5.5056499004316306 5.851045336202076 62.500000000000007 56.500000000000007 79.661208205280133
decision_type=2 2 2 2 2 2 2
left_child=2 5 3 4 -1 -2 -4
right_child=1 -3 6 -5 -6 -7 -8
leaf_value=0.017568690114078009 0.068519220381377755 -0.20497750317474958 0.052685054526247312 -0.058155424312666834 0.10586977838791314 -0.021487479170323051 0.12464036134345957
leaf_weight=12.000000000000005 8.0000000000000053 10.999999999999998 9.0000000000000018 8.9999999999999982 6.9999999999999991 8.9999999999999982 7.9999999999999991
leaf_count=12 8 11 9 9 7 9 8
internal_value=0 -0.0678567 0.0422241 0.0153041 0.0501081 0.0208604 0.0865546
internal_weight=73 28 45 28 19 17 17
internal_count=73 28 45 28 19 17 17
is_linear=0
shrinkage=0.0238854


Tree=44
num_leaves=9
num_cat=0
split_feature=4 2 13 7 7 14 7 16
split_gain=355.182 159.727 245.525 199.405 79.3495 31.7788 30.6244 5.71104
threshold=86.731250000000017 5497.0000000000009 6.5000000000000009 0.23902979260916629 0.22298969960683421 4.4115454154624478 0.28318423061577264 -34032.315972222241
decision_type=2 2 2 2 2 2 2 2
left_child=1 5 3 -3 -4 -1 -6 -7
right_child=-2 2 4 -5 6 7 -8 -9
leaf_value=0.028815788807632928 -0.16177618074051606 -0.0028630864675513006 -0.02314569231319507 -0.18317117747113096 0.095651190043943166 0.072307478366936018 0.031391511938717503 0.10117842989826223
leaf_weight=9.0000000000000018 6.9999999999999991 6.9999999999999982 10.000000000000002 7 8.0000000000000018 8.9999999999999982 8.9999999999999982 6.9999999999999991
leaf_count=9 7 7 10 7 8 9 9 7
internal_value=0 0.0171596 -0.0118528 -0.0930272 0.0302325 0.0647456 0.0616396 0.0849473
internal_weight=73 66 41 14 27 25 17 16
internal_count=73 66 41 14 27 25 17 16
is_linear=0
shrinkage=0.0238854


Tree=45
num_leaves=8
num_cat=0
split_feature=0 4 4 15 14 10 10
split_gain=342.72 559.414 90.9491 94.7342 78.48 54.8068 37.9128
threshold=6.6698602708513919 80.249206349206361 77.316876498800966 12.046688210586407 4.9696766989752357 56.500000000000007 62.500000000000007
decision_type=2 2 2 2 2 2 2
left_child=2 5 3 -1 -4 -2 -6
right_child=1 -3 4 -5 6 -7 -8
leaf_value=0.044420024125137271 0.065756793207751657 -0.19833276028870395 0.12094025075573396 -0.070146423994573201 0.0097999245710077149 -0.020157961150928043 0.08092466353542474
leaf_weight=10.000000000000002 8.0000000000000053 10.999999999999998 10.000000000000002 6.9999999999999991 11.000000000000002 8.9999999999999982 6.9999999999999991
leaf_count=10 8 11 10 7 11 9 7
internal_value=0 -0.0656082 0.0408251 -0.00274618 0.0672841 0.0202643 0.0374673
internal_weight=73 28 45 17 28 17 18
internal_count=73 28 45 17 28 17 18
is_linear=0
shrinkage=0.0238854


Tree=46
num_leaves=9
num_cat=0
split_feature=4 2 3 9 15 9 9 10
split_gain=332.976 147.085 180.843 265.655 103.096 93.8389 37.5213 28.4227
threshold=86.731250000000017 5497.0000000000009 15.500000000000002 5.2815995835890144 14.244982027035887 5.978446296391815 5.4690983124192796 60.500000000000007
decision_type=2 2 2 2 2 2 2 2
left_child=1 6 3 -3 -4 -5 7 -1
right_child=-2 2 4 5 -6 -7 -8 -9
leaf_value=0.010440163312304296 -0.156637537777991 -0.090562323910915551 -0.016052656321930325 0.14301863474424206 -0.14571150668239716 0.032955027798297003 0.10921540350332119 0.070865730779247654
leaf_weight=8.0000000000000053 6.9999999999999991 8.0000000000000018 6.9999999999999982 7.0000000000000027 7 11.999999999999998 6.9999999999999991 9.9999999999999982
leaf_count=8 7 8 7 7 7 12 7 10
internal_value=0 0.0166147 -0.0112258 0.0248923 -0.0808921 0.0735122 0.0622787 0.0440177
internal_weight=73 66 41 27 14 19 25 18
internal_count=73 66 41 27 14 19 25 18
is_linear=0
shrinkage=0.0238854


Tree=47
num_leaves=8
num_cat=0
split_feature=0 10 5 5 5 1 5
split_gain=319.99 313.463 385.404 90.3494 148.246 62.1032 48.9047
threshold=6.6698602708513919 56.500000000000007 34.500000000000007 28.500000000000004 24.500000000000004 11.84027777777778 37.500000000000007
decision_type=2 2 2 2 2 2 2
left_child=3 -2 -3 4 -1 -5 -7
right_child=1 2 -4 5 -6 6 -8
leaf_value=0.066586997317289606 0.062955343693736315 -0.019086626925782654 -0.22986140331000626 0.0026012973540927935 -0.078821161826189104 0.054654461869170591 0.12711626814002397
leaf_weight=7.9999999999999991 8.0000000000000018 11.000000000000002 8.9999999999999982 7.0000000000000027 7.9999999999999991 13.000000000000002 8.9999999999999982
leaf_count=8 8 11 9 7 8 13 9
internal_value=0 -0.0633951 -0.113942 0.0394482 -0.00610834 0.0645877 0.0843043
internal_weight=73 28 20 45 16 29 22
internal_count=73 28 20 45 16 29 22
is_linear=0
shrinkage=0.0238854


Tree=48
num_leaves=8
num_cat=0
split_feature=4 13 16 4 3 0 14
split_gain=309.455 141.932 302.456 119.501 59.2863 59.7773 55.4023
threshold=86.731250000000017 3.5000000000000004 -29443.073797678269 72.436497691015958 16.500000000000004 6.9560322413630971 4.9235423855548683
decision_type=2 2 2 2 2 2 2
left_child=1 2 -1 -3 5 -5 -6
right_child=-2 3 -4 4 6 -7 -8
leaf_value=-0.16250881565318595 -0.15100357303950387 -0.050715396964320793 0.059520636821929054 0.049965064226221545 0.056559872126933204 0.12970389368156104 -0.038466473395452054
leaf_weight=7 6.9999999999999991 7.9999999999999991 6.9999999999999982 23.000000000000004 6.9999999999999982 6.9999999999999991 7
leaf_count=7 7 8 7 23 7 7 7
internal_value=0 0.0160172 -0.0514841 0.0341934 0.0496345 0.0685755 0.00903671
internal_weight=73 66 14 52 44 30 14
internal_count=73 66 14 52 44 30 14
is_linear=0
shrinkage=0.0238854


Tree=49
num_leaves=8
num_cat=0
split_feature=4 5 6 10 10 16 9
split_gain=294.848 169.186 198.619 214.941 74.5351 43.9707 80.6945
threshold=86.731250000000017 35.500000000000007 17.500000000000004 60.500000000000007 61.500000000000007 -18692.830773420472 5.2145751236227573
decision_type=2 2 2 2 2 2 2
left_child=1 2 3 -1 -3 6 -4
right_child=-2 4 5 -5 -6 -7 -8
leaf_value=0.00016595182137725938 -0.14739680703572722 0.035420554899991755 -0.040589299278591326 -0.17629250789015932 0.13126260173405749 0.079271067058196115 0.048244965865875816
leaf_weight=8.9999999999999982 6.9999999999999991 11.000000000000002 10.000000000000002 6.9999999999999991 7.9999999999999991 7.0000000000000027 13.999999999999998
leaf_count=9 7 11 10 7 8 7 14
internal_value=0 0.0156347 -0.00867746 -0.0770259 0.0757825 0.0265947 0.0112249
internal_weight=73 66 47 16 19 31 24
internal_count=73 66 47 16 19 31 24
is_linear=0
shrinkage=0.0238854


Tree=50
num_leaves=8
num_cat=0
split_feature=0 4 4 15 14 2 15
split_gain=296.716 484.849 84.7794 85.8829 72.7011 51.8402 22.4328
threshold=6.6698602708513919 80.249206349206361 77.316876498800966 12.046688210586407 4.9696766989752357 8963.5000000000018 12.909559919482682
decision_type=2 2 2 2 2 2 2
left_child=2 5 3 -1 -4 -2 -6
right_child=1 -3 4 -5 6 -7 -8
leaf_value=0.04082740898403768 0.06314273923340856 -0.18460887178278926 0.11517545454841624 -0.06825515125004647 0.068265193155853707 -0.020414556386347232 0.013547302847793345
leaf_weight=10.000000000000002 8.0000000000000053 10.999999999999998 10.000000000000002 6.9999999999999991 7.0000000000000027 8.9999999999999982 10.999999999999998
leaf_count=10 8 11 10 7 7 9 11
internal_value=0 -0.061046 0.0379867 -0.00408072 0.0635326 0.0188983 0.0348343
internal_weight=73 28 45 17 28 17 18
internal_count=73 28 45 17 28 17 18
is_linear=0
shrinkage=0.0238854


Tree=51
num_leaves=8
num_cat=0
split_feature=0 4 9 0 10 7 4
split_gain=282.712 461.964 86.3648 104.336 48.2667 47.8281 34.4456
threshold=6.6698602708513919 80.249206349206361 5.5056499004316306 5.851045336202076 62.500000000000007 0.31504239128764294 79.661208205280133
decision_type=2 2 2 2 2 2 2
left_child=2 5 3 4 -1 -2 -4
right_child=1 -3 6 -5 -6 -7 -8
leaf_value=0.013937743913821139 0.056223574745375676 -0.18019942673387537 0.047465921065774963 -0.055695217058455239 0.092876057678662791 -0.024034777483901874 0.11562179494002002
leaf_weight=12.000000000000005 9.0000000000000053 10.999999999999998 9.0000000000000018 8.9999999999999982 6.9999999999999991 7.9999999999999991 7.9999999999999991
leaf_count=12 9 11 9 9 7 8 8
internal_value=0 -0.0595879 0.0370795 0.0112903 0.0430277 0.0184467 0.0795475
internal_weight=73 28 45 28 19 17 17
internal_count=73 28 45 28 19 17 17
is_linear=0
shrinkage=0.0238854


Tree=52
num_leaves=8
num_cat=0
split_feature=0 0 5 9 2 16 10
split_gain=269.369 285.302 325.173 82.2884 100.251 23.8632 13.8228
threshold=6.6698602708513919 7.1674896877929504 34.500000000000007 5.5056499004316306 6515.5000000000009 -36948.909722222212 62.500000000000007
decision_type=2 2 2 2 2 2 2
left_child=3 2 -2 4 6 -5 -1
right_child=1 -3 -4 5 -6 -7 -8
leaf_value=0.021900191280041573 -0.010235773700590837 0.023725357609780402 -0.23317333211451371 0.050937541805312354 -0.067253314109113616 0.10767909860457918 0.061831060592266354
leaf_weight=13.000000000000005 7.0000000000000027 12.999999999999998 7.9999999999999991 9.0000000000000018 6.9999999999999991 7.9999999999999991 7.9999999999999991
leaf_count=13 7 13 8 9 7 8 8
internal_value=0 -0.0581646 -0.129145 0.036194 0.0110206 0.0776477 0.0371186
internal_weight=73 28 15 45 28 17 21
internal_count=73 28 15 45 28 17 21
is_linear=0
shrinkage=0.0238854


Tree=53
num_leaves=7
num_cat=0
split_feature=4 5 16 3 4 7
split_gain=263.936 152.645 168.863 244.434 102.007 26.5677
threshold=86.731250000000017 35.500000000000007 -21796.414250021833 15.500000000000002 76.7326388888889 0.16670817966042908
decision_type=2 2 2 2 2 2
left_child=1 2 3 4 -1 -3
right_child=-2 5 -4 -5 -6 -7
leaf_value=-0.04213268632222892 -0.13945587112273503 0.050330955607198531 0.073599778399912094 -0.14113021711528195 0.050783024990267378 0.10892242450247477
leaf_weight=14.000000000000002 6.9999999999999991 12.000000000000002 10.999999999999998 8.9999999999999982 12.999999999999998 6.9999999999999991
leaf_count=14 7 12 11 9 13 7
internal_value=0 0.0147927 -0.00830028 -0.0333292 0.00259933 0.0719247
internal_weight=73 66 47 36 27 19
internal_count=73 66 47 36 27 19
is_linear=0
shrinkage=0.0238854


Tree=54
num_leaves=9
num_cat=0
split_feature=4 15 16 1 6 6 14 1
split_gain=251.478 103.039 215.307 358.279 74.1158 37.5908 32.1523 10.1939
threshold=86.731250000000017 11.716637422794387 -45774.662560662924 11.738888888888891 35.500000000000007 35.500000000000007 5.1713973998222338 11.84027777777778
decision_type=2 2 2 2 2 2 2 2
left_child=1 6 5 -4 -5 7 -1 -3
right_child=-2 2 3 4 -6 -7 -8 -9
leaf_value=0.034955438203818814 -0.13612491791416112 0.04550134373366805 -0.19853245800177166 -0.037221138337694575 0.064113028776564038 0.090042669092552721 0.096801971915933635 0.0047136121523049333
leaf_weight=12.000000000000002 6.9999999999999991 7 7.0000000000000027 10.000000000000002 6.9999999999999991 8 7.9999999999999991 7
leaf_count=12 7 7 7 10 7 8 8 7
internal_value=0 0.0144394 -0.00523656 -0.0547145 0.00449648 0.048733 0.0597011 0.0251175
internal_weight=73 66 46 24 17 22 20 14
internal_count=73 66 46 24 17 22 20 14
is_linear=0
shrinkage=0.0238854


Tree=55
num_leaves=9
num_cat=0
split_feature=2 16 15 6 16 7 15 15
split_gain=133.675 209.192 396.151 586.401 64.6995 43.3154 49.3632 17.5036
threshold=6515.5000000000009 -45774.662560662924 12.650261613192553 17.500000000000004 -72229.209983766239 0.1814893406426934 12.650261613192553 10.430615369755166
decision_type=2 2 2 2 2 2 2 2
left_child=5 4 -3 -4 -2 6 -1 -7
right_child=1 2 3 -5 -6 7 -8 -9
leaf_value=-0.038476911950995132 -0.010420906828846865 0.073662299423822825 -0.28636319868905213 0.0028203034477064411 0.092257911356630806 0.08667203324534424 0.045429647306050848 0.039787217849542991
leaf_weight=7.9999999999999991 7 7.0000000000000027 7.9999999999999991 7.9999999999999991 6.9999999999999982 7.0000000000000027 7.9999999999999991 12.999999999999998
leaf_count=8 7 7 8 8 7 7 8 13
internal_value=0 -0.0318802 -0.0761925 -0.141763 0.0409085 0.0327695 0.00346763 0.0562039
internal_weight=73 37 23 16 14 36 16 20
internal_count=73 37 23 16 14 36 16 20
is_linear=0
shrinkage=0.0238854


Tree=56
num_leaves=7
num_cat=0
split_feature=4 5 13 4 14 13
split_gain=232.995 140.286 291.368 93.0854 85.2059 76.6131
threshold=86.731250000000017 35.500000000000007 3.5000000000000004 72.436497691015958 4.7627052794472649 10.500000000000002
decision_type=2 2 2 2 2 2
left_child=1 2 -1 -4 -5 -3
right_child=-2 5 3 4 -6 -7
leaf_value=-0.12263581791002502 -0.13102689710281842 0.11923034042956621 -0.04944859456428518 0.09901243844432743 0.012865063964003616 0.023150060938778357
leaf_weight=9.9999999999999982 6.9999999999999991 9.0000000000000018 7.9999999999999991 10.000000000000002 19 9.9999999999999982
leaf_count=10 7 9 8 10 19 10
internal_value=0 0.0138989 -0.00823929 0.0226749 0.0425759 0.0686692
internal_weight=73 66 47 37 29 19
internal_count=73 66 47 37 29 19
is_linear=0
shrinkage=0.0238854


Tree=57
num_leaves=8
num_cat=0
split_feature=0 4 9 6 2 0 4
split_gain=227.697 403.204 78.1113 97.4575 46.4941 35.8326 31.7972
threshold=6.6698602708513919 80.249206349206361 5.5056499004316306 26.500000000000004 8963.5000000000018 5.851045336202076 79.661208205280133
decision_type=2 2 2 2 2 2 2
left_child=2 4 3 -1 -2 -5 -4
right_child=1 -3 6 5 -6 -7 -8
leaf_value=-0.06170036773583016 0.061327315322283589 -0.16615655581978991 0.042840833637610314 0.060399985109629913 -0.017803298722859837 -0.0066124118771964347 0.10832428153436392
leaf_weight=8.0000000000000018 8.0000000000000053 10.999999999999998 9.0000000000000018 13.000000000000002 8.9999999999999982 6.9999999999999991 7.9999999999999991
leaf_count=8 8 11 9 13 9 7 8
internal_value=0 -0.0534762 0.0332772 0.00875107 0.0194264 0.0369387 0.0736648
internal_weight=73 28 45 28 17 20 17
internal_count=73 28 45 28 17 20 17
is_linear=0
shrinkage=0.0238854


Tree=58
num_leaves=7
num_cat=0
split_feature=4 13 15 4 4 1
split_gain=219.305 113.669 205.76 99.38 49.027 64.0389
threshold=86.731250000000017 3.5000000000000004 14.727536933251391 72.436497691015958 77.593788290797121 11.84027777777778
decision_type=2 2 2 2 2 2
left_child=1 2 -1 -3 -5 -6
right_child=-2 3 -4 4 5 -7
leaf_value=0.044630641787424846 -0.12711918701539188 -0.047680137430786335 -0.13849693867493321 0.082771813918856546 -0.036057301325429822 0.046040981650366929
leaf_weight=6.9999999999999982 6.9999999999999991 7.9999999999999991 7 12.999999999999998 7.0000000000000027 24
leaf_count=7 7 8 7 13 7 24
internal_value=0 0.0134844 -0.0469232 0.0297507 0.0438322 0.0274981
internal_weight=73 66 14 52 44 31
internal_count=73 66 14 52 44 31
is_linear=0
shrinkage=0.0238854


Tree=59
num_leaves=8
num_cat=0
split_feature=0 4 9 0 2 4 3
split_gain=215.641 380.994 75.4042 89.2377 43.2336 31.2308 27.045
threshold=6.6698602708513919 80.249206349206361 5.5056499004316306 5.851045336202076 8963.5000000000018 79.661208205280133 14.500000000000002
decision_type=2 2 2 2 2 2 2
left_child=2 4 3 6 -2 -4 -1
right_child=1 -3 5 -5 -6 -7 -8
leaf_value=0.059403549098966384 0.059229875792387365 -0.16157445944697812 0.041517592077866532 -0.053662724465303457 -0.017075363416836901 0.10641498499692245 0.0003072412936168674
leaf_weight=12.000000000000005 8.0000000000000053 10.999999999999998 9.0000000000000018 8.9999999999999982 8.9999999999999982 7.9999999999999991 6.9999999999999991
leaf_count=12 8 11 9 9 9 8 7
internal_value=0 -0.0520414 0.0323842 0.00828674 0.0188248 0.0720658 0.0376386
internal_weight=73 28 45 28 17 17 19
internal_count=73 28 45 28 17 17 19
is_linear=0
shrinkage=0.0238854


Tree=60
num_leaves=7
num_cat=0
split_feature=4 13 15 4 0 0
split_gain=205.906 107.224 195.583 95.5103 62.5326 34.963
threshold=86.731250000000017 3.5000000000000004 14.727536933251391 72.436497691015958 7.0399118308401638 6.6698602708513919
decision_type=2 2 2 2 2 2
left_child=1 2 -1 -3 5 -5
right_child=-2 3 -4 4 -6 -7
leaf_value=0.043656676479820626 -0.12317473751898227 -0.047043786282600628 -0.13488439799170512 0.041220301369597361 0.09882814970796247 -0.015620082278720835
leaf_weight=6.9999999999999982 6.9999999999999991 7.9999999999999991 7 27 8.9999999999999982 7.9999999999999991
leaf_count=7 7 8 7 27 9 8
internal_value=0 0.013066 -0.0456039 0.0288644 0.0426691 0.0282242
internal_weight=73 66 14 52 44 35
internal_count=73 66 14 52 44 35
is_linear=0
shrinkage=0.0238854


Tree=61
num_leaves=8
num_cat=0
split_feature=4 5 14 14 9 9 5
split_gain=196.187 126.852 110.36 228.779 117.259 95.2078 31.3997
threshold=86.731250000000017 37.500000000000007 5.2594476832507073 5.4532831657484087 5.4690983124192796 5.0248499808922675 28.500000000000004
decision_type=2 2 2 2 2 2 2
left_child=1 2 4 -4 5 -1 -6
right_child=-2 -3 3 -5 6 -7 -8
leaf_value=0.017862281115106352 -0.12023266575400539 0.079615669459954783 -0.15847366120287892 0.023581555488814104 0.038200557133983924 -0.090018560717750176 0.10568663159416311
leaf_weight=14.000000000000002 6.9999999999999991 12.999999999999998 6.9999999999999991 8.9999999999999982 8.9999999999999982 6.9999999999999991 6.9999999999999991
leaf_count=14 7 13 7 9 9 7 7
internal_value=0 0.0127539 -0.00364356 -0.0560589 0.0190188 -0.0180914 0.0677345
internal_weight=73 66 53 16 37 21 16
internal_count=73 66 53 16 37 21 16
is_linear=0
shrinkage=0.0238854


Tree=62
num_leaves=6
num_cat=0
split_feature=4 5 13 4 14
split_gain=186.928 120.864 262.328 79.7398 65.1068
threshold=86.731250000000017 37.500000000000007 3.5000000000000004 72.436497691015958 4.6973039018635818
decision_type=2 2 2 2 2
left_child=1 2 -1 -4 -5
right_child=-2 -3 3 4 -6
leaf_value=-0.113750729509559 -0.1173608659745241 0.077714023544362271 -0.045958821275167788 0.09747198377633616 0.019880587162166778
leaf_weight=9.9999999999999982 6.9999999999999991 12.999999999999998 7.9999999999999991 7.9999999999999991 27
leaf_count=10 7 13 8 8 27
internal_value=0 0.0124493 -0.00355635 0.022067 0.0376198
internal_weight=73 66 53 43 35
internal_count=73 66 53 43 35
is_linear=0
shrinkage=0.0238854


Tree=63
num_leaves=8
num_cat=0
split_feature=0 4 9 0 3 4 3
split_gain=198.401 350.623 71.5839 84.8857 45.215 29.5898 24.7634
threshold=6.6698602708513919 80.249206349206361 5.5056499004316306 5.851045336202076 13.500000000000002 79.661208205280133 14.500000000000002
decision_type=2 2 2 2 2 2 2
left_child=2 4 3 6 -2 -4 -1
right_child=1 -3 5 -5 -6 -7 -8
leaf_value=0.057037583480436228 0.064627096885527785 -0.15499443746231722 0.039990629800136734 -0.052836317399597509 -0.014514692369338295 0.10316082138879279 0.00048798136137735796
leaf_weight=12.000000000000005 7.0000000000000062 10.999999999999998 9.0000000000000018 8.9999999999999982 9.9999999999999982 7.9999999999999991 6.9999999999999991
leaf_count=12 7 11 9 9 10 8 7
internal_value=0 -0.0499177 0.0310627 0.00758357 0.0180649 0.069726 0.0362109
internal_weight=73 28 45 28 17 17 19
internal_count=73 28 45 28 17 17 19
is_linear=0
shrinkage=0.0238854


Tree=64
num_leaves=8
num_cat=0
split_feature=0 0 9 9 6 14 16
split_gain=189.037 233.333 178.074 68.2052 83.2726 60.8525 22.6682
threshold=6.6698602708513919 7.1674896877929504 5.978446296391815 5.5056499004316306 26.500000000000004 4.9696766989752357 -36948.909722222212
decision_type=2 2 2 2 2 2 2
left_child=3 2 -2 4 -1 -6 -5
right_child=1 -3 -4 6 5 -7 -8
leaf_value=-0.057720039234691364 -0.024914380612986037 0.025331155840362475 -0.18990191717787924 0.042029425299724241 0.084485700649830589 -0.00054811976034126143 0.097328554881500343
leaf_weight=8.0000000000000018 7.0000000000000027 12.999999999999998 7.9999999999999991 9.0000000000000018 8.0000000000000018 11.999999999999998 7.9999999999999991
leaf_count=8 7 13 8 9 8 12 8
internal_value=0 -0.0487254 -0.112917 0.0303209 0.00740244 0.0334584 0.0680608
internal_weight=73 28 15 45 28 20 17
internal_count=73 28 15 45 28 20 17
is_linear=0
shrinkage=0.0238854


Tree=65
num_leaves=8
num_cat=0
split_feature=0 0 9 9 0 10 7
split_gain=180.115 222.321 169.667 64.9865 80.7635 32.3144 11.1699
threshold=6.6698602708513919 7.1674896877929504 5.978446296391815 5.5056499004316306 5.851045336202076 62.500000000000007 0.23902979260916629
decision_type=2 2 2 2 2 2 2
left_child=3 2 -2 4 5 -1 -5
right_child=1 -3 -4 6 -6 -7 -8
leaf_value=0.011344450523364266 -0.02431929666368382 0.024726114121065425 -0.18536603708313601 0.084707625717796539 -0.051709096321950691 0.075937011504875307 0.045861486966582182
leaf_weight=12.000000000000005 7.0000000000000027 12.999999999999998 7.9999999999999991 9.0000000000000018 8.9999999999999982 6.9999999999999991 7.9999999999999991
leaf_count=12 7 13 8 9 9 7 8
internal_value=0 -0.0475616 -0.11022 0.0295967 0.00722539 0.0351491 0.0664353
internal_weight=73 28 15 45 28 19 17
internal_count=73 28 15 45 28 19 17
is_linear=0
shrinkage=0.0238854


Tree=66
num_leaves=7
num_cat=0
split_feature=4 13 6 4 4 14
split_gain=169.854 92.9892 102.493 87.1227 56.2742 57.2642
threshold=86.731250000000017 3.5000000000000004 17.500000000000004 73.753390269151154 77.593788290797121 4.9235423855548683
decision_type=2 2 2 2 2 2
left_child=1 2 -1 -3 -5 -6
right_child=-2 3 -4 4 5 -7
leaf_value=-0.10739977122692157 -0.11187254960154619 -0.040990990744149816 0.021841286741994731 0.084648292723824181 0.074475018978656854 0.0029487602422650278
leaf_weight=6.9999999999999982 6.9999999999999991 8.9999999999999982 7 11.999999999999998 9.0000000000000018 22
leaf_count=7 7 9 7 12 9 22
internal_value=0 0.0118673 -0.0427693 0.0265798 0.0407258 0.023719
internal_weight=73 66 14 52 43 31
internal_count=73 66 14 52 43 31
is_linear=0
shrinkage=0.0238854


Tree=67
num_leaves=6
num_cat=0
split_feature=4 5 13 4 15
split_gain=161.837 107.706 235.809 74.1112 40.3245
threshold=86.731250000000017 37.500000000000007 3.5000000000000004 72.436497691015958 11.313843569011473
decision_type=2 2 2 2 2
left_child=1 2 -1 -4 -5
right_child=-2 -3 3 4 -6
leaf_value=-0.10800168266336747 -0.10920043801394884 0.073193680400907429 -0.044812614478885404 0.087045071197617133 0.022936387856428483
leaf_weight=9.9999999999999982 6.9999999999999991 12.999999999999998 7.9999999999999991 6.9999999999999991 28
leaf_count=10 7 13 8 7 28
internal_value=0 0.0115839 -0.00352535 0.0207682 0.0357621
internal_weight=73 66 53 43 35
internal_count=73 66 53 43 35
is_linear=0
shrinkage=0.0238854


Tree=68
num_leaves=8
num_cat=0
split_feature=4 2 16 16 6 14 4
split_gain=154.198 90.1634 119.227 226.429 217.609 24.0281 7.82923
threshold=86.731250000000017 5497.0000000000009 -49911.005128570388 -29443.073797678269 26.500000000000004 4.4115454154624478 80.744809610340511
decision_type=2 2 2 2 2 2 2
left_child=1 5 -3 4 -4 -1 -7
right_child=-2 2 3 -5 -6 6 -8
leaf_value=0.015817335742223035 -0.10659214518902335 0.049282600706987048 -0.19874056508224597 0.034706965604562427 -0.016362970396128003 0.081358410528090397 0.047874209093428093
leaf_weight=9.0000000000000018 6.9999999999999991 12.999999999999998 6.9999999999999991 13.000000000000002 7.9999999999999991 7.9999999999999991 7.9999999999999991
leaf_count=9 7 13 7 13 8 8 8
internal_value=0 0.0113072 -0.0104899 -0.0382464 -0.101482 0.0470599 0.0646251
internal_weight=73 66 41 28 15 25 16
internal_count=73 66 41 28 15 25 16
is_linear=0
shrinkage=0.0238854


Tree=69
num_leaves=8
num_cat=0
split_feature=0 3 0 9 3 12 16
split_gain=169.364 206.168 314.265 65.0359 77.8659 24.6277 23.0579
threshold=6.6698602708513919 13.500000000000002 7.1674896877929504 5.5056499004316306 14.500000000000002 134.00000000000003 -36948.909722222212
decision_type=2 2 2 2 2 2 2
left_child=3 -2 -3 4 5 -1 -5
right_child=1 2 -4 6 -6 -7 -8
leaf_value=0.068861054460751969 0.066128350770215796 -0.18045283353541192 0.0045441157918363279 0.039299353405380585 -0.043190846877652914 0.011241743525631067 0.095069595034077359
leaf_weight=8.0000000000000053 7.0000000000000027 10.000000000000002 10.999999999999998 9.0000000000000018 10.999999999999998 8.9999999999999982 7.9999999999999991
leaf_count=8 7 10 11 9 11 9 8
internal_value=0 -0.0461202 -0.083543 0.0286999 0.00632018 0.038365 0.0655524
internal_weight=73 28 21 45 28 17 17
internal_count=73 28 21 45 28 17 17
is_linear=0
shrinkage=0.0238854


Tree=70
num_leaves=7
num_cat=0
split_feature=4 5 2 10 14 9
split_gain=143.239 99.4452 110.961 124.693 59.7713 34.5164
threshold=86.731250000000017 37.500000000000007 5497.0000000000009 64.500000000000014 5.2594476832507073 5.2815995835890144
decision_type=2 2 2 2 2 2
left_child=1 2 5 4 -4 -1
right_child=-2 -3 3 -5 -6 -7
leaf_value=0.017731723407194599 -0.10273415173331313 0.070098208344734125 0.042990860721390564 -0.091948938269549724 -0.037692345175876177 0.083537554887946022
leaf_weight=13.000000000000002 6.9999999999999991 12.999999999999998 11.000000000000002 11.999999999999998 9.9999999999999982 6.9999999999999991
leaf_count=13 7 13 11 12 10 7
internal_value=2.12154e-08 0.0108982 -0.00361992 -0.0305276 0.00456362 0.0407708
internal_weight=73 66 53 33 21 20
internal_count=73 66 53 33 21 20
is_linear=0
shrinkage=0.0238854


Tree=71
num_leaves=8
num_cat=0
split_feature=0 3 0 9 3 14 16
split_gain=157.433 195.711 295.721 61.5415 73.2511 24.964 22.3314
threshold=6.6698602708513919 13.500000000000002 7.1674896877929504 5.5056499004316306 14.500000000000002 5.2415234793469603 -36948.909722222212
decision_type=2 2 2 2 2 2 2
left_child=3 -2 -3 4 5 -1 -5
right_child=1 2 -4 6 -6 -7 -8
leaf_value=0.071580766152856926 0.064898678224259668 -0.17493454146316584 0.0045210040928000059 0.037683205133077664 -0.042120852856897158 0.012747675788754412 0.09256791352614252
leaf_weight=7.0000000000000062 7.0000000000000027 10.000000000000002 10.999999999999998 9.0000000000000018 10.999999999999998 9.9999999999999982 7.9999999999999991
leaf_count=7 7 10 11 9 11 10 8
internal_value=2.07977e-08 -0.0444659 -0.0809274 0.0276708 0.00590047 0.0369813 0.0635196
internal_weight=73 28 21 45 28 17 17
internal_count=73 28 21 45 28 17 17
is_linear=0
shrinkage=0.0238854


Tree=72
num_leaves=9
num_cat=0
split_feature=2 16 15 15 9 15 2 13
split_gain=92.2759 158.981 516.281 81.1425 53.9424 31.1431 10.0477 1.48546
threshold=6515.5000000000009 -49911.005128570388 16.102652759067745 12.650261613192553 5.734612883255898 10.430615369755166 5497.0000000000009 10.500000000000002
decision_type=2 2 2 2 2 2 2 2
left_child=4 -2 3 -3 5 -1 7 -7
right_child=1 2 -4 -5 -6 6 -8 -9
leaf_value=-0.027237740854493913 0.044969692810148919 0.07046840370292784 -0.23484942449118831 -0.033556609605229368 0.086741077106034237 0.031979773010134944 0.0047491357792535807 0.047642480030866692
leaf_weight=8.0000000000000018 11.999999999999998 7.0000000000000062 6.9999999999999991 10.999999999999998 6.9999999999999991 7.0000000000000018 6.9999999999999991 7
leaf_count=8 12 7 7 11 7 7 7 7
internal_value=1.58011e-07 -0.0264869 -0.0607916 0.0068898 0.0272268 0.0128565 0.0281371 0.0398211
internal_weight=73 37 25 18 36 29 21 14
internal_count=73 37 25 18 36 29 21 14
is_linear=0
shrinkage=0.0238854


Tree=73
num_leaves=8
num_cat=0
split_feature=0 4 9 6 3 4 0
split_gain=145.632 281.312 57.7698 70.3258 43.233 29.75 22.6239
threshold=6.6698602708513919 80.249206349206361 5.5056499004316306 26.500000000000004 13.500000000000002 79.661208205280133 5.851045336202076
decision_type=2 2 2 2 2 2 2
left_child=2 4 3 -1 -2 -4 -5
right_child=1 -3 5 6 -6 -7 -8
leaf_value=-0.054325005435599302 0.063656553589005405 -0.13688649689618604 0.031533105066835099 0.048108802406515105 -0.013730834305363862 0.094869445771265021 -0.0051351987109966146
leaf_weight=8.0000000000000018 7.0000000000000062 10.999999999999998 9.0000000000000018 13.000000000000002 9.9999999999999982 7.9999999999999991 6.9999999999999991
leaf_count=8 7 11 9 13 10 8 7
internal_value=2.45109e-07 -0.0427666 0.0266138 0.005521 0.0181263 0.0613467 0.0294664
internal_weight=73 28 45 28 17 17 20
internal_count=73 28 45 28 17 17 20
is_linear=0
shrinkage=0.0238854


Tree=74
num_leaves=9
num_cat=0
split_feature=0 0 13 10 10 15 15 13
split_gain=138.758 183.483 142.043 57.692 50.0006 33.2959 31.0823 8.91836
threshold=6.6698602708513919 7.1674896877929504 8.5000000000000018 65.500000000000014 64.500000000000014 14.244982027035887 12.046688210586407 13.500000000000002
decision_type=2 2 2 2 2 2 2 2
left_child=3 2 -2 4 5 6 -1 -7
right_child=1 -3 -4 -5 -6 7 -8 -9
leaf_value=0.031944375234935256 -0.17724881512839569 0.023925048524766779 -0.029893150672111964 0.088994398236592331 -0.043283999124596788 0.035564596252721833 -0.033677184876172099 0.073749607636905398
leaf_weight=10.000000000000005 7.0000000000000027 12.999999999999998 7.9999999999999991 6.9999999999999991 6.9999999999999991 6.9999999999999982 6.9999999999999991 7
leaf_count=10 7 13 8 7 7 7 7 7
internal_value=1.93988e-07 -0.0417451 -0.0986685 0.0259781 0.0143662 0.0273885 0.0049155 0.0546671
internal_weight=73 28 15 45 38 31 17 14
internal_count=73 28 15 45 38 31 17 14
is_linear=0
shrinkage=0.0238854


Tree=75
num_leaves=8
num_cat=0
split_feature=4 15 13 5 12 15 13
split_gain=128.699 85.4031 120.844 301.441 146.815 96.6747 49.7624
threshold=86.731250000000017 11.716637422794387 8.5000000000000018 35.500000000000007 144.50000000000003 15.053099306027722 8.5000000000000018
decision_type=2 2 2 2 2 2 2
left_child=1 6 3 4 -3 -4 -1
right_child=-2 2 5 -5 -6 -7 -8
leaf_value=0.082300789164728272 -0.097380214199715279 -0.19117172284232525 -0.020982954755261324 0.078142057019081709 -0.036445148874442161 0.073025105202192242 0.0053749308438932244
leaf_weight=12.000000000000002 6.9999999999999991 7.0000000000000018 12.000000000000002 6.9999999999999991 7 12.999999999999998 7.9999999999999991
leaf_count=12 7 7 12 7 7 13 8
internal_value=1.89991e-07 0.0103305 -0.00758247 -0.049825 -0.113818 0.0278956 0.0515375
internal_weight=73 66 46 21 14 25 20
internal_count=73 66 46 21 14 25 20
is_linear=0
shrinkage=0.0238854


Tree=76
num_leaves=6
num_cat=0
split_feature=4 5 16 10 12
split_gain=122.624 82.1176 103.304 153.251 68.1178
threshold=86.731250000000017 37.500000000000007 -21796.414250021833 64.500000000000014 131.50000000000003
decision_type=2 2 2 2 2
left_child=1 2 3 4 -1
right_child=-2 -3 -4 -5 -6
leaf_value=-0.046014930048599467 -0.095054258288276988 0.063879584555540256 0.058526896218105973 -0.092940473920310629 0.033109658874269601
leaf_weight=9.0000000000000018 6.9999999999999991 12.999999999999998 11.999999999999998 11.999999999999998 20
leaf_count=9 7 13 12 12 20
internal_value=1.38871e-07 0.0100838 -0.00310877 -0.0211519 0.00854892
internal_weight=73 66 53 41 29
internal_count=73 66 53 41 29
is_linear=0
shrinkage=0.0238854


Tree=77
num_leaves=8
num_cat=0
split_feature=4 15 6 9 15 9 13
split_gain=116.836 81.6986 191.347 76.3644 51.7928 20.9373 11.9283
threshold=86.731250000000017 12.650261613192553 17.500000000000004 5.2815995835890144 15.700871947419392 4.9193305668946392 10.500000000000002
decision_type=2 2 2 2 2 2 2
left_child=1 3 -3 5 6 -1 -4
right_child=-2 2 4 -5 -6 -7 -8
leaf_value=0.032599055823345643 -0.092783853847099307 -0.092084557768783798 0.015516341124131592 0.089444137132309184 0.062733088428695016 -0.019237371711020194 -0.028572441042500393
leaf_weight=10.000000000000005 6.9999999999999991 11.999999999999998 7.0000000000000018 10.999999999999998 10.999999999999998 7.9999999999999991 7
leaf_count=10 7 12 7 11 11 8 7
internal_value=8.95075e-08 0.00984294 -0.0136812 0.0398613 0.0239469 0.00955287 -0.00651806
internal_weight=73 66 37 29 25 18 14
internal_count=73 66 37 29 25 18 14
is_linear=0
shrinkage=0.0238854


Tree=78
num_leaves=8
num_cat=0
split_feature=0 4 4 15 14 13 2
split_gain=124.397 251.414 55.4664 64.2457 46.6594 36.4637 30.0437
threshold=6.6698602708513919 80.249206349206361 77.316876498800966 12.046688210586407 4.9696766989752357 7.5000000000000009 8963.5000000000018
decision_type=2 2 2 2 2 2 2
left_child=2 6 3 -1 -4 -6 -2
right_child=1 -3 4 -5 5 -7 -8
leaf_value=0.029410458715983946 0.051722359764938795 -0.12850384643220478 0.086632802862807196 -0.064933357572605765 0.064885534024551092 -0.0048393303392897423 -0.011884335397300605
leaf_weight=10.000000000000002 8.0000000000000053 10.999999999999998 10.000000000000002 6.9999999999999991 7.0000000000000027 10.999999999999998 8.9999999999999982
leaf_count=10 8 11 10 7 7 11 9
internal_value=4.16396e-08 -0.0395258 0.024597 -0.00942878 0.0452605 0.0222681 0.01804
internal_weight=73 28 45 17 28 18 17
internal_count=73 28 45 17 28 18 17
is_linear=0
shrinkage=0.0238854


Tree=79
num_leaves=8
num_cat=0
split_feature=0 4 4 2 14 13 3
split_gain=118.525 239.547 52.9438 54.3355 53.197 53.3036 43.9164
threshold=6.6698602708513919 80.249206349206361 78.297772859616472 5497.0000000000009 4.9235423855548683 6.5000000000000009 13.500000000000002
decision_type=2 2 2 2 2 2 2
left_child=2 6 3 -1 -4 -6 -2
right_child=1 -3 4 -5 5 -7 -8
leaf_value=0.0253813120808494 0.063497685064422188 -0.12543448799542567 0.10184144685884258 -0.059742155473739331 0.078460228849038582 -0.0032833807020200122 -0.014499251601432049
leaf_weight=11.000000000000002 7.0000000000000062 10.999999999999998 7.0000000000000027 6.9999999999999991 7.0000000000000027 12.999999999999998 9.9999999999999982
leaf_count=11 7 11 7 7 7 13 10
internal_value=0 -0.0385817 0.0240095 -0.0077145 0.045164 0.0253199 0.0176089
internal_weight=73 28 45 18 27 20 17
internal_count=73 28 45 18 27 20 17
is_linear=0
shrinkage=0.0238854


Tree=80
num_leaves=8
num_cat=0
split_feature=0 4 5 5 14 2 6
split_gain=112.931 228.24 51.8655 78.9679 37.4814 29.1528 25.0294
threshold=6.6698602708513919 80.249206349206361 28.500000000000004 24.500000000000004 4.9696766989752357 8963.5000000000018 35.500000000000007
decision_type=2 2 2 2 2 2 2
left_child=2 5 3 -1 -4 -2 -6
right_child=1 -3 4 -5 6 -7 -8
leaf_value=0.041973403394927264 0.050367526953750345 -0.12243844274262136 0.082969854608141463 -0.064150193046950896 0.060673644259073976 -0.012289145696441153 0.0046393195436076756
leaf_weight=7.9999999999999991 8.0000000000000053 10.999999999999998 9.0000000000000018 7.9999999999999991 7.0000000000000009 8.9999999999999982 13
leaf_count=8 8 11 9 8 7 9 13
internal_value=0 -0.0376602 0.023436 -0.0110797 0.042484 0.0171881 0.0242583
internal_weight=73 28 45 16 29 17 20
internal_count=73 28 45 16 29 17 20
is_linear=0
shrinkage=0.0238854


Tree=81
num_leaves=8
num_cat=0
split_feature=4 15 6 14 15 15 14
split_gain=105.391 79.5788 176.085 69.2232 46.4394 5.41631 0.965279
threshold=86.731250000000017 12.650261613192553 17.500000000000004 5.1713973998222338 15.700871947419392 10.430615369755166 5.2151115370270489
decision_type=2 2 2 2 2 2 2
left_child=1 3 -3 5 6 -1 -4
right_child=-2 2 4 -5 -6 -7 -8
leaf_value=-0.0045164921009014213 -0.088122276477602846 -0.089080086277789974 -0.00032726177702713022 0.08618264486138083 0.058954684318076017 0.021839265833982643 -0.012891980019450796
leaf_weight=8.0000000000000053 6.9999999999999991 11.999999999999998 7.0000000000000018 10.999999999999998 10.999999999999998 9.9999999999999982 7
leaf_count=8 7 12 7 11 11 10 7
internal_value=0 0.00934843 -0.0138685 0.0389748 0.0222275 0.0101178 -0.00661962
internal_weight=73 66 37 29 25 18 14
internal_count=73 66 37 29 25 18 14
is_linear=0
shrinkage=0.0238854


Tree=82
num_leaves=7
num_cat=0
split_feature=4 13 16 4 4 1
split_gain=100.416 72.363 194.596 74.514 45.4442 45.6863
threshold=86.731250000000017 3.5000000000000004 -29443.073797678269 73.753390269151154 77.593788290797121 11.84027777777778
decision_type=2 2 2 2 2 2
left_child=1 2 -1 -3 -5 -6
right_child=-2 3 -4 4 5 -7
leaf_value=-0.12812811157641191 -0.086017448113561282 -0.040386220822495898 0.049963513172269609 0.07465712750015524 -0.03377756630849503 0.03556576264781558
leaf_weight=7 6.9999999999999991 8.9999999999999982 6.9999999999999982 11.999999999999998 7.0000000000000027 24
leaf_count=7 7 9 7 12 7 24
internal_value=0 0.00912504 -0.0390723 0.0221039 0.0351865 0.0199031
internal_weight=73 66 14 52 43 31
internal_count=73 66 14 52 43 31
is_linear=0
shrinkage=0.0238854


Tree=83
num_leaves=9
num_cat=0
split_feature=0 0 5 9 0 10 14 13
split_gain=103.174 159.181 213.794 51.5139 86.143 26.1964 15.7128 32.4828
threshold=6.6698602708513919 7.1674896877929504 34.500000000000007 5.0744934425524955 5.851045336202076 62.500000000000007 4.7627052794472649 6.5000000000000009
decision_type=2 2 2 2 2 2 2 2
left_child=3 2 -2 4 5 -1 -5 -8
right_child=1 -3 -4 6 -6 -7 7 -9
leaf_value=-0.00095197896130585428 0.007364687895131298 0.025169769641048664 -0.1733681436422701 0.077258334072037055 -0.072916509474974245 0.062302070533487477 0.072911980809243271 0.0042903840009053309
leaf_weight=8.0000000000000018 7.0000000000000027 12.999999999999998 7.9999999999999991 7.0000000000000027 6.9999999999999991 6.9999999999999991 6.9999999999999991 8.9999999999999982
leaf_count=8 7 13 8 7 7 7 7 9
internal_value=0 -0.0359967 -0.0890169 0.0224007 -0.0037235 0.0285573 0.0473951 0.0343211
internal_weight=73 28 15 45 22 15 23 16
internal_count=73 28 15 45 22 15 23 16
is_linear=0
shrinkage=0.0238854


Tree=84
num_leaves=8
num_cat=0
split_feature=13 8 13 12 14 2 12
split_gain=76.6463 130.152 53.5158 29.5877 51.6941 49.4332 27.1229
threshold=1.5000000000000002 1.0000000180025095e-35 9.5000000000000018 144.50000000000003 5.2594476832507073 6743.5000000000009 117.50000000000001
decision_type=2 2 2 2 2 2 2
left_child=-1 2 -2 5 -5 6 -3
right_child=1 3 -4 4 -6 -7 -8
leaf_value=-0.069761581907109793 -0.10261891077386405 -0.0067102665535645079 -0.0091967130432893777 0.035417357830575355 -0.049213083256655014 0.095732813259771177 0.042853148742478392
leaf_weight=7.9999999999999991 6.9999999999999982 10.000000000000002 7 10.000000000000002 6.9999999999999991 6.9999999999999991 17
leaf_count=8 7 10 7 10 7 7 17
internal_value=0 0.00858805 -0.0559178 0.0262983 0.000561293 0.0391627 0.0244912
internal_weight=73 65 14 51 17 34 27
internal_count=73 65 14 51 17 34 27
is_linear=0
shrinkage=0.0238854


Tree=85
num_leaves=9
num_cat=0
split_feature=0 15 16 6 9 15 10 15
split_gain=97.3271 115.071 314.416 276.828 104.837 19.2656 13.9603 6.08228
threshold=5.851045336202076 12.650261613192553 -45774.662560662924 17.500000000000004 5.2815995835890144 14.244982027035887 62.500000000000007 17.315304852445674
decision_type=2 2 2 2 2 2 2 2
left_child=5 4 7 -4 -2 6 -1 -3
right_child=1 2 3 -5 -6 -7 -8 -9
leaf_value=0.0049272760816345554 -0.023312350910989977 0.014346382429521305 -0.22203045445171718 -0.016329310113810589 0.099926499179128714 0.064541623487337385 0.048092684226259112 0.044868662076103891
leaf_weight=11.000000000000005 8.9999999999999982 7.9999999999999982 8.0000000000000018 6.9999999999999991 6.9999999999999991 8.9999999999999982 6.9999999999999991 7
leaf_count=11 9 8 8 7 7 9 7 7
internal_value=0 -0.0211279 -0.0487186 -0.126046 0.0305959 0.0360001 0.0217216 0.0285995
internal_weight=73 46 30 15 16 27 18 15
internal_count=73 46 30 15 16 27 18 15
is_linear=0
shrinkage=0.0238854


Tree=86
num_leaves=8
num_cat=0
split_feature=0 15 15 6 3 15 15
split_gain=92.7338 109.639 261.956 138.973 47.5372 18.3557 5.44514
threshold=5.851045336202076 12.650261613192553 16.717087458457673 26.500000000000004 17.500000000000004 14.244982027035887 12.046688210586407
decision_type=2 2 2 2 2 2 2
left_child=5 4 3 -3 -2 6 -1
right_child=1 2 -4 -5 -6 -7 -8
leaf_value=0.032956593562979065 0.071038033279465493 -0.16641790314797958 0.033148911270009941 -0.02762872026171986 -0.011290730899897419 0.063000023987086901 0.0064934305681094246
leaf_weight=10.000000000000005 7.9999999999999973 10.000000000000005 12.999999999999998 6.9999999999999991 8 8.9999999999999982 7.9999999999999991
leaf_count=10 8 10 13 7 8 9 8
internal_value=0 -0.0206232 -0.0475548 -0.109278 0.0298649 0.0351405 0.021203
internal_weight=73 46 30 17 16 27 18
internal_count=73 46 30 17 16 27 18
is_linear=0
shrinkage=0.0238854


Tree=87
num_leaves=8
num_cat=0
split_feature=0 15 15 6 9 15 7
split_gain=88.3576 104.463 249.593 132.412 98.6487 17.4888 7.10919
threshold=5.851045336202076 12.650261613192553 16.717087458457673 26.500000000000004 5.2815995835890144 14.244982027035887 0.21853337673926501
decision_type=2 2 2 2 2 2 2
left_child=5 4 3 -3 -2 6 -1
right_child=1 2 -4 -5 -6 -7 -8
leaf_value=0.0087058587343670831 -0.023141327553911972 -0.16244295312419779 0.032357137156016576 -0.026968797559150701 0.096404794707734068 0.061495246636555125 0.039519467268244943
leaf_weight=11.000000000000005 8.9999999999999982 10.000000000000005 12.999999999999998 6.9999999999999991 6.9999999999999991 8.9999999999999982 6.9999999999999991
leaf_count=11 9 10 13 7 7 9 7
internal_value=0 -0.0201306 -0.046419 -0.106668 0.0291514 0.0343014 0.0206967
internal_weight=73 46 30 17 16 27 18
internal_count=73 46 30 17 16 27 18
is_linear=0
shrinkage=0.0238854


Tree=88
num_leaves=6
num_cat=0
split_feature=4 5 13 4 14
split_gain=87.6643 66.8599 169.284 62.3986 40.8301
threshold=86.731250000000017 37.500000000000007 3.5000000000000004 73.753390269151154 4.6973039018635818
decision_type=2 2 2 2 2
left_child=1 2 -1 -4 -5
right_child=-2 -3 3 4 -6
leaf_value=-0.091898631855450386 -0.080370120034769191 0.05706777455930731 -0.038712207581372442 0.079203350910708126 0.017485170019013591
leaf_weight=9.9999999999999982 6.9999999999999991 12.999999999999998 8.9999999999999982 7.9999999999999991 26
leaf_count=10 7 13 9 8 26
internal_value=0 0.00852615 -0.00337765 0.0172054 0.0320112
internal_weight=73 66 53 43 34
internal_count=73 66 53 43 34
is_linear=0
shrinkage=0.0238854


Tree=89
num_leaves=8
num_cat=0
split_feature=0 13 15 15 2 15 13
split_gain=84.3391 108.871 90.3384 90.6369 59.594 16.7971 11.6601
threshold=5.851045336202076 3.5000000000000004 12.046688210586407 16.717087458457673 8963.5000000000018 14.244982027035887 8.5000000000000018
decision_type=2 2 2 2 2 2 2
left_child=5 -2 -3 4 -4 6 -1
right_child=1 2 3 -5 -6 -7 -8
leaf_value=0.035516004199838559 -0.081520399351690323 0.062478870829407049 -0.014372674677865835 0.036946143157891104 -0.10982572188983709 0.060163123900542764 -0.003901461440055945
leaf_weight=11.000000000000005 11.999999999999998 9.9999999999999982 8.0000000000000018 8.9999999999999982 6.9999999999999991 8.9999999999999982 6.9999999999999991
leaf_count=11 12 10 8 9 7 9 7
internal_value=0 -0.0196675 0.00215889 -0.0229686 -0.0589268 0.0335124 0.0201792
internal_weight=73 46 34 24 15 27 18
internal_count=73 46 34 24 15 27 18
is_linear=0
shrinkage=0.0238854


Tree=90
num_leaves=8
num_cat=0
split_feature=0 13 7 7 2 16 1
split_gain=80.3583 103.733 78.4808 84.2808 46.2305 16.6598 9.18003
threshold=5.851045336202076 3.5000000000000004 0.23902979260916629 0.17135998467225985 9361.5000000000018 -36948.909722222212 12.563888888888892
decision_type=2 2 2 2 2 2 2
left_child=5 -2 3 -3 -4 6 -1
right_child=1 2 4 -5 -6 -7 -8
leaf_value=0.040819566166961273 -0.079573257033164951 -0.034333599026151213 0.0021228360459580962 0.068455995695138105 -0.084666636365139117 0.059253333712154348 0.0058113427260244703
leaf_weight=7.0000000000000062 11.999999999999998 7.0000000000000027 6.9999999999999982 12.999999999999998 7 8.9999999999999982 10.999999999999998
leaf_count=7 12 7 7 13 7 9 11
internal_value=0 -0.0191977 0.00210723 0.0324726 -0.0412619 0.0327119 0.0194334
internal_weight=73 46 34 20 14 27 18
internal_count=73 46 34 20 14 27 18
is_linear=0
shrinkage=0.0238854


Tree=91
num_leaves=6
num_cat=0
split_feature=4 5 13 4 0
split_gain=81.8159 62.9939 151.565 58.1059 38.3519
threshold=86.731250000000017 37.500000000000007 3.5000000000000004 73.753390269151154 6.9560322413630971
decision_type=2 2 2 2 2
left_child=1 2 -1 -4 -5
right_child=-2 -3 3 4 -6
leaf_value=-0.087078098005317586 -0.077642900147226968 0.055354221937455539 -0.037801393610767654 0.015218061394876421 0.072729987885566547
leaf_weight=9.9999999999999982 6.9999999999999991 12.999999999999998 8.9999999999999982 25 8.9999999999999982
leaf_count=10 7 13 9 25 9
internal_value=0 0.00823686 -0.00331759 0.0161584 0.0304459
internal_weight=73 66 53 43 34
internal_count=73 66 53 43 34
is_linear=0
shrinkage=0.0238854


Tree=92
num_leaves=7
num_cat=0
split_feature=4 13 6 4 0 1
split_gain=77.9541 51.3825 79.1425 59.5756 65.4124 24.5736
threshold=86.731250000000017 3.5000000000000004 17.500000000000004 73.753390269151154 6.9560322413630971 11.84027777777778
decision_type=2 2 2 2 2 2
left_child=1 2 -1 -3 5 -5
right_child=-2 3 -4 4 -6 -7
leaf_value=-0.089367281008070829 -0.075788376777422395 -0.036898496472745339 0.02420143575718979 -0.026148530190958644 0.080924295691314263 0.024476319219787115
leaf_weight=6.9999999999999982 6.9999999999999991 8.9999999999999982 7 6.9999999999999991 10.999999999999998 25
leaf_count=7 7 9 7 7 11 25
internal_value=0 0.00804012 -0.0325729 0.0189771 0.0306753 0.0133978
internal_weight=73 66 14 52 43 32
internal_count=73 66 14 52 43 32
is_linear=0
shrinkage=0.0238854


Tree=93
num_leaves=8
num_cat=0
split_feature=0 13 7 7 2 16 1
split_gain=78.7756 90.0066 72.4349 79.9391 44.3995 16.4321 9.22723
threshold=5.851045336202076 3.5000000000000004 0.23902979260916629 0.17135998467225985 9361.5000000000018 -36948.909722222212 12.563888888888892
decision_type=2 2 2 2 2 2 2
left_child=5 -2 3 -3 -4 6 -1
right_child=1 2 4 -5 -6 -7 -8
leaf_value=0.040641489417548998 -0.075247052848211385 -0.035052821534888222 0.0016885776432523187 0.065054449300166489 -0.083364216516973205 0.058747517237580732 0.0055437008176736679
leaf_weight=7.0000000000000062 11.999999999999998 7.0000000000000027 6.9999999999999982 12.999999999999998 7 8.9999999999999982 10.999999999999998
leaf_count=7 12 7 7 13 7 9 11
internal_value=0 -0.0190078 0.000837303 0.0300099 -0.0408278 0.0323881 0.0192006
internal_weight=73 46 34 20 14 27 18
internal_count=73 46 34 20 14 27 18
is_linear=0
shrinkage=0.0238854


Tree=94
num_leaves=9
num_cat=0
split_feature=0 4 9 3 3 14 13 13
split_gain=76.1852 194.519 50.1305 73.5729 43.2517 12.7776 35.5594 5.72411
threshold=6.6698602708513919 80.249206349206361 5.0744934425524955 14.500000000000002 13.500000000000002 4.7627052794472649 6.5000000000000009 11.500000000000002
decision_type=2 2 2 2 2 2 2 2
left_child=2 4 3 7 -2 -4 -7 -1
right_child=1 -3 5 -5 -6 6 -8 -9
leaf_value=0.041770002618808928 0.065241994529154204 -0.10919787699193638 0.070838417155079006 -0.064309707892671722 -0.012161421411880173 0.072490679596101379 0.00069554408374490921 0.011189545471759368
leaf_weight=7.0000000000000018 7.0000000000000062 10.999999999999998 7.0000000000000027 7.9999999999999991 9.9999999999999982 6.9999999999999991 8.9999999999999982 7
leaf_count=7 7 11 7 8 10 7 9 7
internal_value=0 -0.030932 0.0192494 -0.00652187 0.0197024 0.0439063 0.0321147 0.0264898
internal_weight=73 28 45 22 17 23 16 14
internal_count=73 28 45 22 17 23 16 14
is_linear=0
shrinkage=0.0238854


Tree=95
num_leaves=8
num_cat=0
split_feature=4 15 6 14 15 15 4
split_gain=72.8319 61.1933 131.441 54.0564 36.9987 5.02873 1.81782
threshold=86.731250000000017 12.650261613192553 17.500000000000004 5.1713973998222338 15.700871947419392 10.430615369755166 81.058527268453233
decision_type=2 2 2 2 2 2 2
left_child=1 3 -3 5 6 -1 -4
right_child=-2 2 4 -5 -6 -7 -8
leaf_value=-0.0058516153912650543 -0.073255962886523585 -0.077568755244914925 0.0014392024626412737 0.075468316450299458 0.05138102920209945 0.019545075107988346 -0.015757838731202144
leaf_weight=8.0000000000000053 6.9999999999999991 11.999999999999998 7.0000000000000018 10.999999999999998 10.999999999999998 9.9999999999999982 7
leaf_count=8 7 12 7 11 11 10 7
internal_value=0 0.0077716 -0.0125871 0.0337514 0.0185984 0.00824989 -0.00714933
internal_weight=73 66 37 29 25 18 14
internal_count=73 66 37 29 25 18 14
is_linear=0
shrinkage=0.0238854


Tree=96
num_leaves=8
num_cat=0
split_feature=0 3 15 15 15 15 10
split_gain=71.5176 90.1256 104.534 196.59 146.421 16.1737 10.4502
threshold=5.851045336202076 13.500000000000002 12.650261613192553 16.717087458457673 15.053099306027722 14.244982027035887 62.500000000000007
decision_type=2 2 2 2 2 2 2
left_child=5 -2 -3 4 -4 6 -1
right_child=1 2 3 -5 -6 -7 -8
leaf_value=0.0032449896784981468 0.049671393069619804 0.023337415193224173 -0.048910414933533347 0.026874850434569955 -0.19459228279051838 0.057011086361984389 0.040592950903983314
leaf_weight=11.000000000000005 8.9999999999999982 11.999999999999998 9.0000000000000053 8.9999999999999982 6.9999999999999991 8.9999999999999982 6.9999999999999991
leaf_count=11 9 12 9 9 7 9 7
internal_value=0 -0.0181108 -0.0346021 -0.0624187 -0.112655 0.0308602 0.017777
internal_weight=73 46 37 25 16 27 18
internal_count=73 46 37 25 16 27 18
is_linear=0
shrinkage=0.0238854


Tree=97
num_leaves=7
num_cat=0
split_feature=4 5 16 12 6 9
split_gain=68.2867 56.4459 73.2869 102.87 209.82 16.5193
threshold=86.731250000000017 37.500000000000007 -18692.830773420472 140.50000000000003 17.500000000000004 6.0309144207517624
decision_type=2 2 2 2 2 2
left_child=1 2 3 4 -1 -5
right_child=-2 -3 -4 5 -6 -7
leaf_value=-0.15892024514016545 -0.070933180961293321 0.052126781448659558 0.058687565511181497 0.051889343065611271 -0.0047983224189841666 0.0067630611386322922
leaf_weight=7.0000000000000027 6.9999999999999991 12.999999999999998 8.9999999999999982 8.0000000000000018 18 10.999999999999998
leaf_count=7 7 13 9 8 18 11
internal_value=4.95344e-09 0.00752535 -0.00341199 -0.0161174 -0.0479581 0.025771
internal_weight=73 66 53 44 25 19
internal_count=73 66 53 44 25 19
is_linear=0
shrinkage=0.0238854


Tree=98
num_leaves=8
num_cat=0
split_feature=0 3 14 14 3 16 15
split_gain=68.9344 85.2565 119.866 107.991 41.8355 15.7883 8.7981
threshold=5.851045336202076 13.500000000000002 5.3217061301901731 4.6184922067606129 15.500000000000002 -36948.909722222212 14.244982027035887
decision_type=2 2 2 2 2 2 2
left_child=5 -2 3 -3 -5 6 -1
right_child=1 2 -4 4 -6 -7 -8
leaf_value=0.0040360180372345407 0.048145037080717226 -0.078873580553462497 -0.099916121188803539 0.067308853896108689 -0.0059613692662896303 0.056135340432163762 0.038307062017739445
leaf_weight=11.000000000000005 8.9999999999999982 8.0000000000000018 10.999999999999998 8.0000000000000018 9.9999999999999982 8.9999999999999982 6.9999999999999991
leaf_count=11 9 8 11 8 10 9 7
internal_value=4.49026e-09 -0.0177805 -0.0338203 -0.00585122 0.0265954 0.0302979 0.0173714
internal_weight=73 46 37 26 18 27 18
internal_count=73 46 37 26 18 27 18
is_linear=0
shrinkage=0.0238854


Tree=99
num_leaves=8
num_cat=0
split_feature=3 6 14 3 13 16 3
split_gain=66.1772 136.049 54.131 39.0954 18.4387 13.1122 4.46036
threshold=14.500000000000002 17.500000000000004 4.9696766989752357 13.500000000000002 3.5000000000000004 -21796.414250021833 15.500000000000002
decision_type=2 2 2 2 2 2 2
left_child=2 -2 -1 -4 -3 6 -6
right_child=1 4 3 -5 5 -7 -8
leaf_value=0.071434829895671487 -0.096952404084922103 -0.029162466552974772 0.034682287102409372 -0.027656487532003424 0.014119518447712311 0.039804019449253096 -0.011985394344954594
leaf_weight=9.9999999999999982 9.9999999999999982 7.0000000000000027 12 11 8.0000000000000018 7.9999999999999991 6.9999999999999991
leaf_count=10 10 7 12 11 8 8 7
internal_value=5.02339e-08 -0.0206543 0.0250398 0.00486201 0.00477378 0.0151083 0.0019279
internal_weight=73 40 33 23 30 23 15
internal_count=73 40 33 23 30 23 15
is_linear=0
shrinkage=0.0238854


Tree=100
num_leaves=8
num_cat=0
split_feature=0 4 5 5 3 16 16
split_gain=63.6842 169.757 39.037 59.6619 36.2294 32.6053 25.3075
threshold=6.6698602708513919 80.249206349206361 28.500000000000004 24.500000000000004 13.500000000000002 -36948.909722222212 -58859.200011729736
decision_type=2 2 2 2 2 2 2
left_child=2 4 3 -1 -2 6 -4
right_child=1 -3 5 -5 -6 -7 -8
leaf_value=0.033767933094492955 0.060700258985600587 -0.10139519977865012 0.043487387637414006 -0.058473915737737817 -0.010140280569197999 0.075164893757888346 -0.0090044477587155457
leaf_weight=7.9999999999999991 7.0000000000000062 10.999999999999998 11.000000000000002 7.9999999999999991 9.9999999999999982 8.0000000000000018 9.9999999999999982
leaf_count=8 7 11 11 8 10 8 10
internal_value=3.43713e-09 -0.0282803 0.0175997 -0.0123443 0.0190211 0.0341254 0.0184846
internal_weight=73 28 45 16 17 29 21
internal_count=73 28 45 16 17 29 21
is_linear=0
shrinkage=0.0238854


Tree=101
num_leaves=9
num_cat=0
split_feature=0 15 16 1 9 16 13 1
split_gain=61.6339 84.3402 244.268 103.95 84.2865 14.1635 11.2961 8.42974
threshold=5.851045336202076 12.650261613192553 -45774.662560662924 11.738888888888891 5.2815995835890144 -36948.909722222212 9.5000000000000018 12.563888888888892
decision_type=2 2 2 2 2 2 2 2
left_child=5 4 6 -4 -2 7 -3 -1
right_child=1 2 3 -5 -6 -7 -8 -9
leaf_value=0.036897218925673367 -0.020866758476153768 0.0055332402704513037 -0.16741451523696374 -0.04134580895158823 0.089634077876819929 0.053120937664751643 0.047105948389789404 0.0033515284238012839
leaf_weight=7.0000000000000062 8.9999999999999982 6.9999999999999991 8.0000000000000018 6.9999999999999991 6.9999999999999991 8.9999999999999982 7.9999999999999991 10.999999999999998
leaf_count=7 9 7 8 7 7 9 8 11
internal_value=0 -0.0168126 -0.0404339 -0.108592 0.0274686 0.0286487 0.0277147 0.0164049
internal_weight=73 46 30 15 16 27 15 18
internal_count=73 46 30 15 16 27 15 18
is_linear=0
shrinkage=0.0238854


Tree=102
num_leaves=8
num_cat=0
split_feature=4 15 13 7 13 15 5
split_gain=62.1357 53.6006 133.629 141.036 57.7758 53.7341 30.8235
threshold=86.731250000000017 12.650261613192553 8.5000000000000018 0.21093369021437844 8.5000000000000018 15.053099306027722 28.500000000000004
decision_type=2 2 2 2 2 2 2
left_child=1 4 3 -3 6 -4 -1
right_child=-2 2 5 -5 -6 -7 -8
leaf_value=0.02870579858106765 -0.067663000558423156 0.021099126805564649 -0.023369616921591108 -0.11867498218045812 -0.0058987795765246239 0.058701708194200418 0.095042934987622479
leaf_weight=8.0000000000000053 6.9999999999999991 7.0000000000000027 7.0000000000000027 9.9999999999999982 12.999999999999998 12.999999999999998 7.9999999999999991
leaf_count=8 7 7 7 10 13 13 8
internal_value=5.04575e-08 0.00717856 -0.0118752 -0.0611127 0.0314933 0.0299698 0.0618831
internal_weight=73 66 37 17 29 20 16
internal_count=73 66 37 17 29 20 16
is_linear=0
shrinkage=0.0238854


Tree=103
num_leaves=8
num_cat=0
split_feature=3 13 5 13 2 2 1
split_gain=59.5763 87.4167 49.7362 28.4855 27.7204 49.9447 21.1734
threshold=14.500000000000002 3.5000000000000004 34.500000000000007 8.5000000000000018 10050.000000000002 7571.0000000000009 12.675872507122508
decision_type=2 2 2 2 2 2 2
left_child=4 -2 3 -3 5 6 -1
right_child=1 2 -4 -5 -6 -7 -8
leaf_value=-0.0042307949407918728 -0.076930036220063294 0.064269745896376157 -0.037863385828564675 0.0026196484496519264 -0.018418845091512166 0.089663359582578567 0.048031548281225987
leaf_weight=12.000000000000005 10.999999999999998 7.0000000000000062 10.999999999999998 10.999999999999998 6.9999999999999991 6.9999999999999991 6.9999999999999991
leaf_count=12 11 7 11 11 7 7 7
internal_value=3.28842e-09 -0.0195971 0.00214508 0.0266025 0.0237583 0.0351191 0.0150164
internal_weight=73 40 29 18 33 26 19
internal_count=73 40 29 18 33 26 19
is_linear=0
shrinkage=0.0238854


Tree=104
num_leaves=9
num_cat=0
split_feature=4 16 13 15 0 13 5 9
split_gain=59.0597 52.1161 137.693 61.3746 40.355 34.7724 45.0307 16.5525
threshold=86.731250000000017 -29443.073797678269 3.5000000000000004 15.053099306027722 5.5560033067975043 11.500000000000002 31.500000000000004 6.0309144207517624
decision_type=2 2 2 2 2 2 2 2
left_child=1 2 -1 4 -4 6 -3 -5
right_child=-2 5 3 7 -6 -7 -8 -9
leaf_value=-0.10545289662413711 -0.065966921457452102 0.020089295777517557 0.0073196248273700894 0.069494486470034561 -0.063806367527789551 -0.008363039264590413 0.10088850010850282 0.020873433359114367
leaf_weight=6.9999999999999991 6.9999999999999991 9.0000000000000053 13.000000000000002 7.9999999999999991 6.9999999999999991 6.9999999999999991 6.9999999999999991 7.9999999999999991
leaf_count=7 7 9 13 8 7 7 7 8
internal_value=0 0.00699857 -0.00852179 0.0103221 -0.0175675 0.036021 0.0554477 0.0451927
internal_weight=73 66 43 36 20 23 16 16
internal_count=73 66 43 36 20 23 16 16
is_linear=0
shrinkage=0.0238854


Tree=105
num_leaves=9
num_cat=0
split_feature=3 15 15 15 15 7 5 0
split_gain=57.4032 297.39 46.5867 59.9811 37.4416 17.7709 32.9336 9.41083
threshold=14.500000000000002 16.102652759067745 14.244982027035887 12.650261613192553 18.739423419356694 0.1814893406426934 31.500000000000004 6.3406848080677962
decision_type=2 2 2 2 2 2 2 2
left_child=2 5 3 -1 -4 -2 7 -7
right_child=1 -3 4 -5 -6 6 -8 -9
leaf_value=0.033324811304091401 -0.017622675331687453 -0.14010953350305239 0.084800732655791786 -0.057835731926667702 0.011120969212699599 0.024416691990508773 0.069226418181256036 -0.011180621657605753
leaf_weight=10.000000000000002 7.0000000000000027 8.9999999999999982 8.9999999999999982 6.9999999999999991 6.9999999999999991 9.0000000000000053 6.9999999999999991 7.9999999999999991
leaf_count=10 7 9 9 7 7 9 7 8
internal_value=0 -0.0192364 0.023321 -0.00420366 0.0525746 0.0158514 0.0256204 0.00765679
internal_weight=73 40 33 17 16 31 24 17
internal_count=73 40 33 17 16 31 24 17
is_linear=0
shrinkage=0.0238854


Tree=106
num_leaves=8
num_cat=0
split_feature=4 16 13 12 13 3 1
split_gain=56.4491 48.2642 128.488 54.6066 32.7462 27.1084 23.7705
threshold=86.731250000000017 -29443.073797678269 3.5000000000000004 117.50000000000001 11.500000000000002 16.500000000000004 13.357520891364905
decision_type=2 2 2 2 2 2 2
left_child=1 2 -1 -4 5 -3 -5
right_child=-2 4 3 6 -6 -7 -8
leaf_value=-0.10172889344567376 -0.06449248080054279 0.088885160923104611 -0.049759916783604093 0.037914124562888805 -0.0082994374601261314 0.026182736205680776 -0.01045685921989579
leaf_weight=6.9999999999999991 6.9999999999999991 7.0000000000000062 6.9999999999999991 21.000000000000004 6.9999999999999991 8.9999999999999982 7.9999999999999991
leaf_count=7 7 7 7 21 7 9 8
internal_value=0 0.00684219 -0.00809351 0.0101095 0.0347715 0.0536238 0.0245656
internal_weight=73 66 43 36 23 16 29
internal_count=73 66 43 36 23 16 29
is_linear=0
shrinkage=0.0238854


Tree=107
num_leaves=7
num_cat=0
split_feature=4 5 16 10 4 9
split_gain=53.7846 48.9197 60.2033 81.1738 91.2051 57.3887
threshold=86.731250000000017 37.500000000000007 -18692.830773420472 64.500000000000014 81.907452647012221 5.2145751236227573
decision_type=2 2 2 2 2 2
left_child=1 2 3 5 -5 -1
right_child=-2 -3 -4 4 -6 -7
leaf_value=-0.043317569840917378 -0.062952050883664956 0.048200404379647906 0.052780402510384711 -0.1234756550826755 -0.0015260808778028991 0.028770166529004066
leaf_weight=9.0000000000000018 6.9999999999999991 12.999999999999998 8.9999999999999982 6.9999999999999982 7 21
leaf_count=9 7 13 9 7 7 21
internal_value=0 0.00667866 -0.00350328 -0.015019 -0.0625109 0.00713918
internal_weight=73 66 53 44 14 30
internal_count=73 66 53 44 14 30
is_linear=0
shrinkage=0.0238854


Tree=108
num_leaves=10
num_cat=0
split_feature=0 4 5 9 0 10 10 16 1
split_gain=54.9675 148.669 201.179 42.9368 59.2588 33.3431 15.8433 11.9886 4.76625
threshold=6.6698602708513919 78.854261796042636 34.500000000000007 5.0744934425524955 5.851045336202076 56.500000000000007 62.500000000000007 -29443.073797678269 12.425294583526505
decision_type=2 2 2 2 2 2 2 2 2
left_child=3 5 -3 4 6 -2 -1 8 -5
right_child=1 2 -4 7 -6 -7 -8 -9 -10
leaf_value=-0.0036733867174271765 0.065620253054186103 0.0092104905313961614 -0.17185913455634111 0.011362039290834449 -0.064888459172355611 -0.0080867743335612703 0.045516513063081229 0.060689223625265666 0.039271500561809669
leaf_weight=8.0000000000000018 7.0000000000000018 6.9999999999999982 7 7.0000000000000018 6.9999999999999991 7 6.9999999999999991 8.9999999999999982 7
leaf_count=8 7 7 7 7 7 7 7 9 7
internal_value=0 -0.0262738 -0.0813144 0.0163508 -0.00749958 0.0287568 0.0192726 0.0391704 0.0253268
internal_weight=73 28 14 45 22 14 15 23 14
internal_count=73 28 14 45 22 14 15 23 14
is_linear=0
shrinkage=0.0238854


Tree=109
num_leaves=8
num_cat=0
split_feature=13 7 16 9 13 16 2
split_gain=52.4615 85.5757 125.06 51.9303 28.8306 25.5001 8.63427
threshold=1.5000000000000002 0.23902979260916629 -41924.210224586284 5.2815995835890144 6.5000000000000009 -36948.909722222212 5068.0000000000009
decision_type=2 2 2 2 2 2 2
left_child=-1 3 -3 4 -2 -5 -6
right_child=1 2 -4 5 6 -7 -8
leaf_value=-0.057715069867129841 0.040353792457517863 0.034732500432332593 -0.083044834740614942 0.023750784037826485 0.0045275586061358517 0.083224313783169579 -0.028546702098431184
leaf_weight=7.9999999999999991 9.0000000000000018 9.0000000000000018 11.999999999999998 7.0000000000000027 9.0000000000000018 9.9999999999999982 8.9999999999999982
leaf_count=8 9 9 12 7 9 10 9
internal_value=0 0.00710531 -0.0325622 0.0260407 0.00544489 0.0587435 -0.0120018
internal_weight=73 65 21 44 27 17 18
internal_count=73 65 21 44 27 17 18
is_linear=0
shrinkage=0.0238854


Tree=110
num_leaves=9
num_cat=0
split_feature=3 15 15 15 9 15 15 15
split_gain=51.9478 268.045 43.2166 56.3977 35.8563 33.7679 28.0855 21.4616
threshold=14.500000000000002 16.102652759067745 14.244982027035887 12.650261613192553 5.5056499004316306 18.739423419356694 13.355609071284809 10.430615369755166
decision_type=2 2 2 2 2 2 2 2
left_child=2 4 3 -1 7 -4 -6 -2
right_child=1 -3 5 -5 6 -7 -8 -9
leaf_value=0.032064852732989209 -0.041225832384785249 -0.13305438556470692 0.080965352461228518 -0.056330516984833351 0.076487732076833223 0.010992078877007743 0.010951445351499988 0.014531713947445273
leaf_weight=10.000000000000002 7.0000000000000062 8.9999999999999982 8.9999999999999982 6.9999999999999991 6.9999999999999991 6.9999999999999991 7.9999999999999991 8.9999999999999982
leaf_count=10 7 9 9 7 7 7 8 9
internal_value=0 -0.0182995 0.0221851 -0.00432502 0.015012 0.0503608 0.0415444 -0.00985348
internal_weight=73 40 33 17 31 16 15 16
internal_count=73 40 33 17 31 16 15 16
is_linear=0
shrinkage=0.0238854


Tree=111
num_leaves=9
num_cat=0
split_feature=0 4 5 9 3 10 16 7
split_gain=51.2989 137.696 185.863 39.5738 59.7209 29.9451 11.0257 0.427919
threshold=6.6698602708513919 78.854261796042636 34.500000000000007 5.0744934425524955 14.500000000000002 56.500000000000007 -36948.909722222212 0.16670817966042908
decision_type=2 2 2 2 2 2 2 2
left_child=3 5 -3 4 7 -2 -5 -1
right_child=1 2 -4 6 -6 -7 -8 -9
leaf_value=0.018400427032847808 0.062513569753249038 0.0086579776009252062 -0.16538221727268865 0.021850801643245793 -0.059165695444787697 -0.0073358434870207292 0.054984991131825353 0.026859901400622881
leaf_weight=7.0000000000000018 7.0000000000000018 6.9999999999999982 7 12.000000000000002 7.9999999999999991 7 10.999999999999998 7
leaf_count=7 7 7 7 12 8 7 11 7
internal_value=0 -0.0253817 -0.0783522 0.015796 -0.00710107 0.0275789 0.0377037 0.0226402
internal_weight=73 28 14 45 22 14 23 14
internal_count=73 28 14 45 22 14 23 14
is_linear=0
shrinkage=0.0238854


Tree=112
num_leaves=8
num_cat=0
split_feature=13 8 4 13 9 9 0
split_gain=49.5305 77.5464 37.7799 37.2438 33.9319 26.0792 15.2337
threshold=1.5000000000000002 1.0000000180025095e-35 85.790277777777803 9.5000000000000018 5.2815995835890144 6.0309144207517624 6.3406848080677962
decision_type=2 2 2 2 2 2 2
left_child=-1 3 4 -2 6 -6 -3
right_child=1 2 -4 -5 5 -7 -8
leaf_value=-0.056079357131177961 -0.081845294902252064 0.0062785926155896361 0.068240008109559769 -0.0039076519690480977 0.062100907090437675 0.0060375316573476751 -0.034084601428192494
leaf_weight=7.9999999999999991 6.9999999999999982 16.000000000000004 7.9999999999999991 7 10.000000000000002 8.9999999999999982 7.9999999999999991
leaf_count=8 7 16 8 7 10 9 8
internal_value=2.65335e-08 0.00690426 0.0205751 -0.0428865 0.0117039 0.0355519 -0.00716998
internal_weight=73 65 51 14 43 19 24
internal_count=73 65 51 14 43 19 24
is_linear=0
shrinkage=0.0238854


Tree=113
num_leaves=8
num_cat=0
split_feature=4 15 16 6 9 15 9
split_gain=49.1701 42.9113 160.627 187.067 41.2677 14.7187 12.3057
threshold=86.731250000000017 12.650261613192553 -45774.662560662924 26.500000000000004 5.2815995835890144 16.339963831669603 4.9193305668946392
decision_type=2 2 2 2 2 2 2
left_child=1 4 5 -4 6 -3 -1
right_child=-2 2 3 -5 -6 -7 -8
leaf_value=0.023529043674916147 -0.060190757930801538 0.0072621699053540744 -0.16028715364188326 0.0043322653414061621 0.064591325625635618 0.048462088923367702 -0.016210652194235675
leaf_weight=10.000000000000005 6.9999999999999991 8.0000000000000018 6.9999999999999991 8.9999999999999982 10.999999999999998 12.999999999999998 7.9999999999999991
leaf_count=10 7 8 7 9 11 13 8
internal_value=0 0.00638597 -0.0106621 -0.06768 0.0281417 0.0327736 0.00585918
internal_weight=73 66 37 16 29 21 18
internal_count=73 66 37 16 29 21 18
is_linear=0
shrinkage=0.0238854


Tree=114
num_leaves=8
num_cat=0
split_feature=13 7 15 9 6 13 3
split_gain=47.6765 77.5879 77.7806 45.28 42.0755 27.2655 5.32466
threshold=1.5000000000000002 0.23902979260916629 16.717087458457673 5.2815995835890144 17.500000000000004 6.5000000000000009 14.500000000000002
decision_type=2 2 2 2 2 2 2
left_child=-1 3 -3 5 -5 -2 -7
right_child=1 2 -4 4 -6 6 -8
leaf_value=-0.055019782205634901 0.039519781847344344 -0.07080925297605066 0.022070879566106722 0.1002604471299797 0.023883595371122508 0.0002109294940350785 -0.025919162895611404
leaf_weight=7.9999999999999991 9.0000000000000018 12.000000000000002 8.9999999999999982 7.0000000000000027 9.9999999999999982 10.000000000000002 7.9999999999999991
leaf_count=8 9 12 9 7 10 10 8
internal_value=2.61812e-08 0.00677385 -0.0309968 0.024804 0.0553411 0.00557163 -0.0113947
internal_weight=73 65 21 44 17 27 18
internal_count=73 65 21 44 17 27 18
is_linear=0
shrinkage=0.0238854


Tree=115
num_leaves=8
num_cat=0
split_feature=4 15 16 13 13 6 12
split_gain=47.735 41.315 151.83 190.171 47.6987 20.3249 15.8273
threshold=86.731250000000017 12.650261613192553 -45774.662560662924 8.5000000000000018 8.5000000000000018 26.500000000000004 146.50000000000003
decision_type=2 2 2 2 2 2 2
left_child=1 4 6 -4 5 -1 -3
right_child=-2 2 3 -5 -6 -7 -8
leaf_value=0.079001286073575386 -0.059305785249568026 0.053545827774420698 -0.15924298743094281 0.006737246929382385 -0.0063348713481597421 0.024698050501201999 0.012006271762367356
leaf_weight=9.0000000000000053 6.9999999999999991 10.000000000000002 6.9999999999999991 8.9999999999999982 12.999999999999998 6.9999999999999991 10.999999999999998
leaf_count=9 7 10 7 9 13 7 11
internal_value=7.12057e-08 0.00629221 -0.0104357 -0.0658704 0.0276395 0.0552524 0.0317937
internal_weight=73 66 37 16 29 16 21
internal_count=73 66 37 16 29 16 21
is_linear=0
shrinkage=0.0238854


Tree=116
num_leaves=8
num_cat=0
split_feature=3 15 14 3 9 1 15
split_gain=45.3107 238.489 40.5351 32.7243 31.0907 25.5576 23.1979
threshold=14.500000000000002 16.102652759067745 4.9696766989752357 13.500000000000002 5.5056499004316306 13.525000000000002 13.355609071284809
decision_type=2 2 2 2 2 2 2
left_child=2 4 -1 -4 5 -2 -6
right_child=1 -3 3 -5 6 -7 -8
leaf_value=0.060867748536376928 -0.035452375223111676 -0.1253335625297087 0.030541326667385498 -0.026492608881617426 0.070795644813064537 0.025395386213079459 0.011231242369537318
leaf_weight=9.9999999999999982 9.0000000000000053 8.9999999999999982 12 11 6.9999999999999991 6.9999999999999991 7.9999999999999991
leaf_count=10 9 9 12 11 7 7 8
internal_value=1.15352e-07 -0.0170902 0.0207199 0.00325814 0.0143308 -0.00882274 0.0390373
internal_weight=73 40 33 23 31 16 15
internal_count=73 40 33 23 31 16 15
is_linear=0
shrinkage=0.0238854


Tree=117
num_leaves=7
num_cat=0
split_feature=0 15 15 9 15 7
split_gain=45.1521 70.5834 192.006 73.9096 12.1671 6.14383
threshold=5.851045336202076 16.717087458457673 15.053099306027722 5.2815995835890144 14.244982027035887 0.21853337673926501
decision_type=2 2 2 2 2 2
left_child=4 2 3 -2 5 -1
right_child=1 -3 -4 -5 -6 -7
leaf_value=0.0020271977649097893 -0.039827921727506058 0.03274494815452611 -0.13481108195474434 0.04237540136812213 0.047202901110524977 0.030667016224523773
leaf_weight=11.000000000000005 13.000000000000002 12.999999999999998 7.9999999999999991 11.999999999999998 8.9999999999999982 6.9999999999999991
leaf_count=11 13 13 8 12 9 7
internal_value=1.58319e-07 -0.0143896 -0.032962 -0.00036473 0.0245213 0.0131727
internal_weight=73 46 33 25 27 18
internal_count=73 46 33 25 27 18
is_linear=0
shrinkage=0.0238854


Tree=118
num_leaves=7
num_cat=0
split_feature=13 8 0 13 4 0
split_gain=45.6824 67.2315 35.7286 32.9294 20.132 18.8174
threshold=1.5000000000000002 1.0000000180025095e-35 7.0399118308401638 9.5000000000000018 85.790277777777803 6.1163538928256207
decision_type=2 2 2 2 2 2
left_child=-1 3 4 -2 5 -3
right_child=1 2 -4 -5 -6 -7
leaf_value=-0.053856589627733223 -0.076362690524830482 0.016508317936465226 0.065713019760362257 -0.0030772228455959979 0.047797924103778915 -0.019442373642909658
leaf_weight=7.9999999999999991 6.9999999999999982 23 7.9999999999999991 7 6.9999999999999991 12.999999999999998
leaf_count=8 7 23 8 7 7 13
internal_value=2.46317e-07 0.00663094 0.0193602 -0.03973 0.0107332 0.00352224
internal_weight=73 65 51 14 43 36
internal_count=73 65 51 14 43 36
is_linear=0
shrinkage=0.0238854


Tree=119
num_leaves=7
num_cat=0
split_feature=0 15 15 9 15 7
split_gain=42.5689 68.6038 183.958 70.0079 11.5047 6.02441
threshold=5.851045336202076 16.717087458457673 15.053099306027722 5.2815995835890144 14.244982027035887 0.21853337673926501
decision_type=2 2 2 2 2 2
left_child=4 2 3 -2 5 -1
right_child=1 -3 -4 -5 -6 -7
leaf_value=0.0017372603211520956 -0.038782669071387332 0.0324969634753546 -0.13197368445759758 0.041221451847759577 0.045865232142713111 0.030097210601221197
leaf_weight=11.000000000000005 13.000000000000002 12.999999999999998 7.9999999999999991 11.999999999999998 8.9999999999999982 6.9999999999999991
leaf_count=11 13 13 8 12 9 7
internal_value=1.48727e-07 -0.0139719 -0.032282 -0.000375094 0.0238095 0.0127739
internal_weight=73 46 33 25 27 18
internal_count=73 46 33 25 27 18
is_linear=0
shrinkage=0.0238854


Tree=120
num_leaves=7
num_cat=0
split_feature=13 8 0 13 13 1
split_gain=43.2394 64.4853 35.9699 31.0901 18.1399 36.5503
threshold=1.5000000000000002 1.0000000180025095e-35 7.0399118308401638 9.5000000000000018 5.5000000000000009 12.335416666666669
decision_type=2 2 2 2 2 2
left_child=-1 3 4 -2 -3 -6
right_child=1 2 -4 -5 5 -7
leaf_value=-0.052396681051779213 -0.074547945199209611 0.042712190409913961 0.065426760982878515 -0.0033377980424183122 -0.03574811269068523 0.018281621449592705
leaf_weight=7.9999999999999991 6.9999999999999982 7.9999999999999991 7.9999999999999991 7 9.9999999999999982 25
leaf_count=8 7 8 8 7 10 25
internal_value=2.36233e-07 0.00645125 0.0189179 -0.0389529 0.0102618 0.00284055
internal_weight=73 65 51 14 43 35
internal_count=73 65 51 14 43 35
is_linear=0
shrinkage=0.0238854


Tree=121
num_leaves=8
num_cat=0
split_feature=4 16 13 12 13 9 3
split_gain=43.8942 36.2542 96.6051 43.373 26.8677 20.2315 18.7115
threshold=86.731250000000017 -29443.073797678269 3.5000000000000004 117.50000000000001 10.500000000000002 5.4690983124192796 16.500000000000004
decision_type=2 2 2 2 2 2 2
left_child=1 2 -1 -4 6 -5 -3
right_child=-2 4 3 5 -6 -7 -8
leaf_value=-0.088101730231543024 -0.056869704565407291 0.077622439671351406 -0.044483512903486219 0.0010962138829584288 -0.005093445211209969 0.041030802521052151 0.024114566939499607
leaf_weight=6.9999999999999991 6.9999999999999991 7.0000000000000027 6.9999999999999991 14.000000000000002 7.9999999999999991 14.999999999999998 7.9999999999999991
leaf_count=7 7 7 7 14 8 15 8
internal_value=1.38937e-07 0.00603391 -0.00691043 0.0088729 0.0302403 0.0217569 0.0490943
internal_weight=73 66 43 36 23 29 15
internal_count=73 66 43 36 23 29 15
is_linear=0
shrinkage=0.0238854


Tree=122
num_leaves=9
num_cat=0
split_feature=3 15 15 15 15 9 1 15
split_gain=40.7863 215.611 38.5766 46.3092 30.5085 28.2769 22.2541 19.3808
threshold=14.500000000000002 16.102652759067745 14.244982027035887 12.650261613192553 18.739423419356694 5.5056499004316306 13.525000000000002 13.355609071284809
decision_type=2 2 2 2 2 2 2 2
left_child=2 5 3 -1 -4 6 -2 -7
right_child=1 -3 4 -5 -6 7 -8 -9
leaf_value=0.027585711265467855 -0.033268781660364115 -0.11913517556593077 0.075368508140236629 -0.052513518906132275 0.0088575546951565626 0.066252403273459784 0.023510021016315861 0.011805428741139479
leaf_weight=10.000000000000002 9.0000000000000053 8.9999999999999982 8.9999999999999982 6.9999999999999991 6.9999999999999991 6.9999999999999991 6.9999999999999991 7.9999999999999991
leaf_count=10 9 9 9 7 7 7 7 8
internal_value=9.03888e-08 -0.0162144 0.0196582 -0.0053881 0.0462787 0.0136613 -0.00841931 0.0372234
internal_weight=73 40 33 17 16 31 16 15
internal_count=73 40 33 17 16 31 16 15
is_linear=0
shrinkage=0.0238854


Tree=123
num_leaves=7
num_cat=0
split_feature=4 15 6 13 15 9
split_gain=41.624 32.8579 88.3374 41.8744 26.3544 16.8741
threshold=86.731250000000017 12.650261613192553 17.500000000000004 8.5000000000000018 15.053099306027722 5.2815995835890144
decision_type=2 2 2 2 2 2
left_child=1 3 -3 5 -4 -1
right_child=-2 2 4 -5 -6 -7
leaf_value=0.026229789310050513 -0.055379444416300591 -0.062314035647421481 -0.0070289618114229716 -0.0069187553816211465 0.042050408052238038 0.07532430850130506
leaf_weight=8.0000000000000053 6.9999999999999991 11.999999999999998 13.000000000000002 12.999999999999998 11.999999999999998 7.9999999999999991
leaf_count=8 7 12 13 13 12 8
internal_value=1.79481e-07 0.0058759 -0.00904163 0.0249134 0.0165235 0.0507858
internal_weight=73 66 37 29 25 16
internal_count=73 66 37 29 25 16
is_linear=0
shrinkage=0.0238854


Tree=124
num_leaves=8
num_cat=0
split_feature=13 7 15 9 6 13 2
split_gain=40.6333 66.4924 73.324 38.873 38.069 23.5098 5.92464
threshold=1.5000000000000002 0.23902979260916629 16.717087458457673 5.2815995835890144 17.500000000000004 6.5000000000000009 5068.0000000000009
decision_type=2 2 2 2 2 2 2
left_child=-1 3 -3 5 -5 -2 -7
right_child=1 2 -4 4 -6 6 -8
leaf_value=-0.050793204661236192 0.036648540329354468 -0.067367171200846038 0.022812959769219366 0.093966557152899421 0.021316426074711708 0.0030603119616412085 -0.024334316124509873
leaf_weight=7.9999999999999991 9.0000000000000018 12.000000000000002 8.9999999999999982 7.0000000000000027 9.9999999999999982 9.0000000000000018 8.9999999999999982
leaf_count=8 9 12 9 7 10 9 9
internal_value=8.38061e-08 0.00625372 -0.0287119 0.022945 0.0512394 0.00512485 -0.0106292
internal_weight=73 65 21 44 17 27 18
internal_count=73 65 21 44 17 27 18
is_linear=0
shrinkage=0.0238854


Tree=125
num_leaves=7
num_cat=0
split_feature=5 13 2 12 12 1
split_gain=39.7401 37.2489 100.673 23.2715 21.0831 12.7892
threshold=42.500000000000007 3.5000000000000004 6515.5000000000009 117.50000000000001 134.00000000000003 13.357520891364905
decision_type=2 2 2 2 2 2
left_child=1 2 -1 -3 -5 -6
right_child=-2 3 -4 4 5 -7
leaf_value=0.035198766097512144 -0.054111718865089385 -0.012615110432278627 -0.092893759882017909 0.058856754730905181 0.025167067452300986 -0.0086218410558653313
leaf_weight=6.9999999999999982 6.9999999999999991 12.999999999999998 7 7.9999999999999991 22.000000000000004 8.9999999999999982
leaf_count=7 7 13 7 8 22 9
internal_value=1.27795e-07 0.00574139 -0.0288375 0.0150538 0.0242803 0.0153529
internal_weight=73 66 14 52 39 31
internal_count=73 66 14 52 39 31
is_linear=0
shrinkage=0.0238854


Tree=126
num_leaves=7
num_cat=0
split_feature=4 13 6 4 0 7
split_gain=39.7501 25.2085 60.0162 37.2285 51.2666 7.19019
threshold=86.731250000000017 3.5000000000000004 17.500000000000004 73.753390269151154 7.0399118308401638 0.17135998467225985
decision_type=2 2 2 2 2 2
left_child=1 2 -1 -3 5 -5
right_child=-2 3 -4 4 -6 -7
leaf_value=-0.072162962011776063 -0.05411858769990955 -0.030765700105061772 0.02673595233005616 -0.0056356607424333715 0.073344498805528138 0.017341840442249096
leaf_weight=6.9999999999999982 6.9999999999999991 8.9999999999999982 7 11.999999999999998 8.9999999999999982 22
leaf_count=7 7 9 7 12 9 22
internal_value=3.28523e-08 0.00574201 -0.0227035 0.0134031 0.022651 0.00922802
internal_weight=73 66 14 52 43 34
internal_count=73 66 14 52 43 34
is_linear=0
shrinkage=0.0238854


Tree=127
num_leaves=8
num_cat=0
split_feature=16 1 9 9 9 2 4
split_gain=40.1402 78.0647 35.7525 51.3984 20.4928 16.8558 7.74438
threshold=-49911.005128570388 11.738888888888891 5.5056499004316306 5.0248499808922675 4.7715898892670117 7571.0000000000009 80.249206349206361
decision_type=2 2 2 2 2 2 2
left_child=5 -2 3 4 -3 -1 -4
right_child=1 2 6 -5 -6 -7 -8
leaf_value=0.0093264171813263637 -0.061944127963282407 -0.016428040900684514 0.018407067564534221 -0.057137308075183579 0.038053388460154269 0.052585766475438188 0.053977469580317447
leaf_weight=12.000000000000002 12.999999999999998 7.0000000000000062 6.9999999999999982 8.9999999999999982 8.9999999999999982 8.9999999999999982 7
leaf_count=12 13 7 7 9 9 9 7
internal_value=0 -0.0112537 0.0056395 -0.0114701 0.014209 0.0278728 0.0362023
internal_weight=73 52 39 25 16 21 14
internal_count=73 52 39 25 16 21 14
is_linear=0
shrinkage=0.0238854


Tree=128
num_leaves=7
num_cat=0
split_feature=3 6 14 3 14 4
split_gain=38.3638 89.9907 35.0492 30.3077 10.7524 17.9208
threshold=14.500000000000002 17.500000000000004 4.9696766989752357 13.500000000000002 4.6973039018635818 80.249206349206361
decision_type=2 2 2 2 2 2
left_child=2 -2 -1 -4 -3 -6
right_child=1 4 3 -5 5 -7
leaf_value=0.056397882683667605 -0.07777913712462331 0.021309403887889211 0.029084635320162259 -0.025803111708721273 0.012963406190013693 -0.036860841499282156
leaf_weight=9.9999999999999982 9.9999999999999982 13.000000000000002 12 11 10.000000000000002 6.9999999999999991
leaf_count=10 10 13 12 11 10 7
internal_value=0 -0.0157255 0.0190655 0.00282789 0.00495435 -0.00754424
internal_weight=73 40 33 23 30 17
internal_count=73 40 33 23 30 17
is_linear=0
shrinkage=0.0238854


Tree=129
num_leaves=6
num_cat=0
split_feature=4 5 13 4 14
split_gain=37.0714 35.3017 76.4732 33.9314 20.7168
threshold=86.731250000000017 37.500000000000007 3.5000000000000004 73.753390269151154 4.6973039018635818
decision_type=2 2 2 2 2
left_child=1 2 -1 -4 -5
right_child=-2 -3 3 4 -6
leaf_value=-0.0626011887153613 -0.052263293930170221 0.040817461300764364 -0.030503841623380573 0.055264821034282825 0.011299356260208107
leaf_weight=9.9999999999999982 6.9999999999999991 12.999999999999998 8.9999999999999982 7.9999999999999991 26
leaf_count=10 7 13 9 8 26
internal_value=0 0.00554519 -0.00310387 0.0107295 0.0216483
internal_weight=73 66 53 43 34
internal_count=73 66 53 43 34
is_linear=0
shrinkage=0.0238854


Tree=130
num_leaves=8
num_cat=0
split_feature=0 0 14 4 13 9 4
split_gain=36.1833 51.9999 58.2504 56.1456 22.4527 10.6039 2.19616
threshold=5.851045336202076 7.1674896877929504 4.9235423855548683 80.249206349206361 10.500000000000002 5.043123453161737 80.744809610340511
decision_type=2 2 2 2 2 2 2
left_child=5 2 -2 4 -4 6 -1
right_child=1 -3 3 -5 -6 -7 -8
leaf_value=-0.001927677180798027 -0.089985156729779234 0.027574293891424476 0.050389920123365767 -0.050265917143054374 -0.010093501792471383 0.03748757108851436 0.016976794662849737
leaf_weight=7.0000000000000018 6.9999999999999991 12.999999999999998 7.0000000000000018 11.999999999999998 7 12.999999999999998 7
leaf_count=7 7 13 7 12 7 13 7
internal_value=0 -0.0128815 -0.0288228 -0.0123506 0.0201382 0.0219512 0.00751457
internal_weight=73 46 33 26 14 27 14
internal_count=73 46 33 26 14 27 14
is_linear=0
shrinkage=0.0238854


Tree=131
num_leaves=8
num_cat=0
split_feature=16 8 3 5 9 16 0
split_gain=36.1225 68.3891 72.4482 97.5826 43.5897 15.4686 11.0152
threshold=-49911.005128570388 1.0000000180025095e-35 15.500000000000002 34.500000000000007 5.0744934425524955 -29443.073797678269 5.7262766407371677
decision_type=2 2 2 2 2 2 2
left_child=6 -2 4 -4 -3 -6 -1
right_child=1 2 3 -5 5 -7 -8
leaf_value=0.0043696978222130586 -0.060687114862758192 -0.0093887956057046532 0.019801648399412414 -0.10230208428054968 0.029017910761853744 0.077679583538000183 0.040012902806911305
leaf_weight=8.0000000000000018 11.999999999999998 10.000000000000002 7.9999999999999982 7 6.9999999999999956 8.0000000000000018 12.999999999999998
leaf_count=8 12 10 8 7 7 8 13
internal_value=0 -0.0106756 0.00432432 -0.0371708 0.029227 0.0549802 0.0264412
internal_weight=73 52 40 15 25 15 21
internal_count=73 52 40 15 25 15 21
is_linear=0
shrinkage=0.0238854


Tree=132
num_leaves=8
num_cat=0
split_feature=16 15 9 9 12 5 12
split_gain=34.4177 224.124 61.9312 98.1525 22.8228 21.6693 10.7036
threshold=-49911.005128570388 16.102652759067745 5.2815995835890144 5.0248499808922675 146.50000000000003 28.500000000000004 117.50000000000001
decision_type=2 2 2 2 2 2 2
left_child=4 2 3 6 -1 -4 -2
right_child=1 -3 5 -5 -6 -7 -8
leaf_value=0.054563636393984552 -0.0020124555639146192 -0.12671533079792249 0.01307460414187586 -0.091468265139105137 0.0042327596753175996 0.060703073577772423 0.038415418100579177
leaf_weight=9.0000000000000018 8.0000000000000018 7.9999999999999991 10.000000000000002 6.9999999999999991 11.999999999999998 11.999999999999998 6.9999999999999991
leaf_count=9 8 8 10 7 12 12 7
internal_value=0 -0.0104206 0.0107208 -0.0176123 0.0258098 0.0390601 0.0168446
internal_weight=73 52 44 22 21 22 15
internal_count=73 52 44 22 21 22 15
is_linear=0
shrinkage=0.0238854


Tree=133
num_leaves=8
num_cat=0
split_feature=13 7 16 9 6 13 0
split_gain=34.1139 57.8173 83.0605 33.6464 37.0453 20.3001 3.04701
threshold=1.5000000000000002 0.23902979260916629 -41924.210224586284 5.2815995835890144 17.500000000000004 6.5000000000000009 6.3406848080677962
decision_type=2 2 2 2 2 2 2
left_child=-1 3 -3 5 -5 -2 -7
right_child=1 2 -4 4 -6 6 -8
leaf_value=-0.046540383896377005 0.034008553054246396 0.027965894446533628 -0.068016633474326751 0.089766465500515619 0.018100831343871991 -0.0020699590540885181 -0.022244608686021829
leaf_weight=7.9999999999999991 9.0000000000000018 9.0000000000000018 11.999999999999998 7.0000000000000027 9.9999999999999982 11.000000000000002 6.9999999999999991
leaf_count=8 9 9 12 7 10 11 7
internal_value=0 0.0057302 -0.0268746 0.0212948 0.0476185 0.00471539 -0.00992343
internal_weight=73 65 21 44 17 27 18
internal_count=73 65 21 44 17 27 18
is_linear=0
shrinkage=0.0238854


Tree=134
num_leaves=8
num_cat=0
split_feature=5 15 6 15 5 2 1
split_gain=33.4118 30.2494 69.8031 19.0784 17.1294 5.49269 1.5377
threshold=42.500000000000007 11.716637422794387 17.500000000000004 15.053099306027722 31.500000000000004 5068.0000000000009 12.425294583526505
decision_type=2 2 2 2 2 2 2
left_child=1 4 -3 5 -1 -4 -5
right_child=-2 2 3 6 -6 -7 -8
leaf_value=0.011725716930066712 -0.049616591530791641 -0.052276227887148384 0.014291374034084011 0.042175585420821345 0.056866335375174944 -0.012328892238721001 0.026257395492558355
leaf_weight=12.000000000000002 6.9999999999999991 12.999999999999998 7.0000000000000027 6.9999999999999982 7.9999999999999991 11.999999999999998 7
leaf_count=12 7 13 7 7 8 12 7
internal_value=0 0.00526443 -0.00539537 0.0130686 0.029789 -0.00251406 0.0342265
internal_weight=73 66 46 33 20 19 14
internal_count=73 66 46 33 20 19 14
is_linear=0
shrinkage=0.0238854


Tree=135
num_leaves=9
num_cat=0
split_feature=3 15 15 15 15 0 3 1
split_gain=33.3363 184.622 35.6359 40.7788 26.3627 11.0173 16.368 9.74826
threshold=14.500000000000002 16.102652759067745 14.244982027035887 12.650261613192553 18.739423419356694 7.1674896877929504 17.500000000000004 13.065541278509478
decision_type=2 2 2 2 2 2 2 2
left_child=2 5 3 -1 -4 6 7 -2
right_child=1 -3 4 -5 -6 -7 -8 -9
leaf_value=0.02464132268439783 0.040383794128651812 -0.10989676299363041 0.070399892147505388 -0.050522352160699731 0.0085709492929124127 0.039355552469645526 -0.022598211541798845 0.0027831646877623764
leaf_weight=10.000000000000002 7.0000000000000098 8.9999999999999982 8.9999999999999982 6.9999999999999991 6.9999999999999991 6.9999999999999991 7.9999999999999991 8.9999999999999982
leaf_count=10 7 9 9 7 7 7 8 9
internal_value=0 -0.0146588 0.0177725 -0.00630021 0.0433585 0.0129864 0.00528956 0.0192422
internal_weight=73 40 33 17 16 31 24 16
internal_count=73 40 33 17 16 31 24 16
is_linear=0
shrinkage=0.0238854


Tree=136
num_leaves=7
num_cat=0
split_feature=4 16 16 0 5 15
split_gain=33.5616 33.007 80.2276 168.615 17.2995 17.234
threshold=86.731250000000017 -29443.073797678269 -45774.662560662924 5.851045336202076 31.500000000000004 16.339963831669603
decision_type=2 2 2 2 2 2
left_child=1 2 5 -4 -3 -1
right_child=-2 4 3 -5 -6 -7
leaf_value=-0.00059527391305579731 -0.049727573940285624 0.010191745043980091 0.018133229068678432 -0.11862451595844611 0.051995512170963043 0.042387017616902362
leaf_weight=9.0000000000000018 6.9999999999999991 13.000000000000002 12.000000000000002 8.9999999999999982 9.9999999999999982 12.999999999999998
leaf_count=9 7 13 12 9 10 13
internal_value=8.61851e-08 0.00527636 -0.00707462 -0.0404706 0.0283734 0.024797
internal_weight=73 66 43 21 23 22
internal_count=73 66 43 21 23 22
is_linear=0
shrinkage=0.0238854


Tree=137
num_leaves=8
num_cat=0
split_feature=13 7 16 9 13 16 12
split_gain=32.0592 52.6345 75.8551 32.2674 19.2012 17.8834 4.07441
threshold=1.5000000000000002 0.23902979260916629 -41924.210224586284 5.2815995835890144 6.5000000000000009 -36948.909722222212 134.00000000000003
decision_type=2 2 2 2 2 2 2
left_child=-1 3 -3 4 -2 -5 -6
right_child=1 2 -4 5 6 -7 -8
leaf_value=-0.045116905196046449 0.03265912591525133 0.026853565034191035 -0.064871089820808817 0.016876662780768822 8.2864364393360021e-05 0.066685655602189545 -0.022772694217912434
leaf_weight=7.9999999999999991 9.0000000000000018 9.0000000000000018 11.999999999999998 7.0000000000000027 10.000000000000002 9.9999999999999982 7.9999999999999991
leaf_count=8 9 9 12 7 10 10 8
internal_value=8.45478e-08 0.0055551 -0.0255539 0.0204057 0.0041696 0.0461843 -0.0100674
internal_weight=73 65 21 44 27 17 18
internal_count=73 65 21 44 27 17 18
is_linear=0
shrinkage=0.0238854


Tree=138
num_leaves=8
num_cat=0
split_feature=4 15 12 4 13 14 4
split_gain=32.3826 29.2521 71.1771 140.597 34.8454 18.9235 17.5138
threshold=86.731250000000017 12.650261613192553 140.50000000000003 81.058527268453233 8.5000000000000018 4.6184922067606129 78.854261796042636
decision_type=2 2 2 2 2 2 2
left_child=1 4 3 -3 5 -1 -4
right_child=-2 2 6 -5 -6 -7 -8
leaf_value=0.017266271418245535 -0.048846215242492171 -0.11765545115029964 0.047827157017516331 0.023941589979999817 -0.0058913164113122245 0.069660744877964073 0.0028971685415447785
leaf_weight=7.0000000000000062 6.9999999999999991 7.9999999999999991 8.0000000000000018 7.9999999999999991 12.999999999999998 8.9999999999999982 12.999999999999998
leaf_count=7 7 8 8 8 13 9 13
internal_value=1.28229e-07 0.00518293 -0.00889219 -0.0468482 0.0231457 0.0467469 0.02002
internal_weight=73 66 37 16 29 16 21
internal_count=73 66 37 16 29 16 21
is_linear=0
shrinkage=0.0238854


Tree=139
num_leaves=9
num_cat=0
split_feature=0 4 1 10 12 10 6 4
split_gain=31.2808 96.6504 89.56 25.6887 25.538 21.7668 9.92337 4.31291
threshold=6.6698602708513919 78.854261796042636 12.219444444444447 65.500000000000014 138.50000000000003 64.500000000000014 17.500000000000004 82.11041666666668
decision_type=2 2 2 2 2 2 2 2
left_child=3 4 -3 5 -2 6 -1 -8
right_child=1 2 -4 -5 -6 -7 7 -9
leaf_value=0.038205843793829609 -0.0076921568952811282 -0.12461165849021449 -0.0037659582517553161 0.054384690068504632 0.056812168387700111 -0.033450991021589778 0.013037283800953285 -0.008434714196222463
leaf_weight=7.0000000000000027 7.0000000000000018 6.9999999999999982 7 6.9999999999999991 7 6.9999999999999991 16.000000000000004 7.9999999999999991
leaf_count=7 7 7 7 7 7 7 16 8
internal_value=1.70649e-07 -0.0198194 -0.0641988 0.0123355 0.02455 0.00458587 0.0131794 0.00587412
internal_weight=73 28 14 45 14 38 31 24
internal_count=73 28 14 45 14 38 31 24
is_linear=0
shrinkage=0.0238854


Tree=140
num_leaves=7
num_cat=0
split_feature=4 15 6 13 15 6
split_gain=30.6055 27.2102 69.0765 32.9749 20.1046 14.8447
threshold=86.731250000000017 12.650261613192553 17.500000000000004 8.5000000000000018 15.053099306027722 26.500000000000004
decision_type=2 2 2 2 2 2
left_child=1 3 -3 5 -4 -1
right_child=-2 2 4 -5 -6 -7
leaf_value=0.065618921657001159 -0.047486980803181658 -0.055644437704930286 -0.0064998776536755948 -0.0058834024878189548 0.036366058429099749 0.019206715170273593
leaf_weight=9.0000000000000053 6.9999999999999991 11.999999999999998 13.000000000000002 12.999999999999998 11.999999999999998 6.9999999999999991
leaf_count=9 7 12 13 13 12 7
internal_value=7.50355e-08 0.00503871 -0.00853619 0.0223632 0.0140702 0.0453223
internal_weight=73 66 37 29 25 16
internal_count=73 66 37 29 25 16
is_linear=0
shrinkage=0.0238854


Tree=141
num_leaves=9
num_cat=0
split_feature=3 15 15 15 16 0 3 10
split_gain=30.9701 167.71 34.0216 36.2103 25.2175 12.0992 14.8525 13.0076
threshold=14.500000000000002 16.102652759067745 14.244982027035887 12.650261613192553 -72229.209983766239 7.1674896877929504 17.500000000000004 60.500000000000007
decision_type=2 2 2 2 2 2 2 2
left_child=2 5 3 -1 -4 6 7 -2
right_child=1 -3 4 -5 -6 -7 -8 -9
leaf_value=0.022765407339250799 -0.0069575191169270372 -0.10490012019156751 0.012122699746322284 -0.048062440241954101 0.072119805156866251 0.039852095826424683 -0.02241126394881509 0.036441198369334682
leaf_weight=10.000000000000002 7.0000000000000098 8.9999999999999982 7.9999999999999991 6.9999999999999991 7.9999999999999991 6.9999999999999991 7.9999999999999991 8.9999999999999982
leaf_count=10 7 9 8 7 8 7 8 9
internal_value=0 -0.014129 0.0171302 -0.00639078 0.04213 0.0122195 0.00415409 0.0174455
internal_weight=73 40 33 17 16 31 24 16
internal_count=73 40 33 17 16 31 24 16
is_linear=0
shrinkage=0.0238854


Tree=142
num_leaves=7
num_cat=0
split_feature=16 15 16 12 2 5
split_gain=31.0044 187.966 35.7442 20.5842 19.9471 41.179
threshold=-49911.005128570388 16.102652759067745 -36948.909722222212 146.50000000000003 3429.5000000000005 31.500000000000004
decision_type=2 2 2 2 2 2
left_child=3 2 -2 -1 -4 -6
right_child=1 -3 4 -5 5 -7
leaf_value=0.051804035641475933 -0.025679444444680209 -0.1163918638138232 -0.0074777195832365223 0.0040045165585965064 0.0064111939461622058 0.070895048854677942
leaf_weight=9.0000000000000018 11.999999999999998 7.9999999999999991 8.9999999999999982 11.999999999999998 13.000000000000002 9.9999999999999982
leaf_count=9 12 8 9 12 13 10
internal_value=0 -0.00989023 0.00947054 0.0244967 0.0226562 0.0344538
internal_weight=73 52 44 21 32 23
internal_count=73 52 44 21 32 23
is_linear=0
shrinkage=0.0238854


Tree=143
num_leaves=8
num_cat=0
split_feature=3 6 14 3 9 1 7
split_gain=29.56 73.3702 28.0777 24.3771 12.6389 17.0274 1.27666
threshold=14.500000000000002 17.500000000000004 4.9696766989752357 13.500000000000002 5.2815995835890144 13.525000000000002 0.27054177479987757
decision_type=2 2 2 2 2 2 2
left_child=2 -2 -1 -4 5 -3 -6
right_child=1 4 3 -5 6 -7 -8
leaf_value=0.050149713797873724 -0.069834628619373534 -0.038045848772098906 0.025750578084990743 -0.023474962443621017 0.02704421601628797 0.014628480920843212 0.013393073632696123
leaf_weight=9.9999999999999982 9.9999999999999982 7.0000000000000018 12 11 6.9999999999999991 7 8.9999999999999982
leaf_count=10 10 7 12 11 7 7 9
internal_value=0 -0.0138035 0.0167358 0.00220185 0.00486885 -0.0116987 0.0193742
internal_weight=73 40 33 23 30 14 16
internal_count=73 40 33 23 30 14 16
is_linear=0
shrinkage=0.0238854


Tree=144
num_leaves=7
num_cat=0
split_feature=5 5 12 15 16 7
split_gain=29.4004 41.8184 36.1106 101.651 15.0436 8.73107
threshold=39.500000000000007 37.500000000000007 144.50000000000003 12.650261613192553 -21796.414250021833 0.32708733690535974
decision_type=2 2 2 2 2 2
left_child=1 2 3 4 -1 -4
right_child=-2 -3 5 -5 -6 -7
leaf_value=-0.00024292465364033302 -0.038044798571656657 0.053708982432266669 0.011967889740590865 -0.06937704484535212 0.04137589409850552 0.0450769674798705
leaf_weight=12.999999999999995 9.9999999999999982 8.9999999999999982 13.000000000000002 12.999999999999998 8.0000000000000053 6.9999999999999991
leaf_count=13 10 9 13 13 8 7
internal_value=2.87336e-08 0.00604111 -0.00190095 -0.0168839 0.0156052 0.0235631
internal_weight=73 63 54 34 21 20
internal_count=73 63 54 34 21 20
is_linear=0
shrinkage=0.0238854


Tree=145
num_leaves=7
num_cat=0
split_feature=13 7 15 4 7 5
split_gain=30.3368 46.2715 53.8147 26.7125 44.3609 4.85183
threshold=1.5000000000000002 0.23902979260916629 16.717087458457673 85.790277777777803 0.22298969960683421 31.500000000000004
decision_type=2 2 2 2 2 2
left_child=-1 3 -3 4 5 -2
right_child=1 2 -4 -5 -6 -7
leaf_value=-0.043888192301101935 -0.020840844338879658 -0.056880449875654923 0.020375667294364883 0.058811064925005423 0.06015484581895892 0.0021166874395705639
leaf_weight=7.9999999999999991 7.0000000000000027 12.000000000000002 8.9999999999999982 7.9999999999999991 7.9999999999999991 21
leaf_count=8 7 12 9 8 8 21
internal_value=2.792e-08 0.00540381 -0.023764 0.019328 0.0105501 -0.0036177
internal_weight=73 65 21 44 36 28
internal_count=73 65 21 44 36 28
is_linear=0
shrinkage=0.0238854


Tree=146
num_leaves=8
num_cat=0
split_feature=13 7 16 9 6 10 13
split_gain=28.905 44.0874 61.517 28.4631 23.2491 12.6124 3.20103
threshold=1.5000000000000002 0.23902979260916629 -41924.210224586284 5.0744934425524955 17.500000000000004 61.500000000000007 6.5000000000000009
decision_type=2 2 2 2 2 2 2
left_child=-1 3 -3 5 -5 -2 -7
right_child=1 2 -4 4 -6 6 -8
leaf_value=-0.042839906735459246 -0.021550242847376996 0.023997815736076518 -0.058603464573728219 0.071014823803923918 0.019241493929617059 0.026115246834191697 0.0032471220196716075
leaf_weight=7.9999999999999991 9.0000000000000018 9.0000000000000018 11.999999999999998 8.0000000000000018 12.999999999999998 6.9999999999999982 7
leaf_count=8 9 9 12 8 13 7 7
internal_value=2.72521e-08 0.00527479 -0.0231963 0.0188664 0.0389713 0.000503672 0.0146912
internal_weight=73 65 21 44 21 23 14
internal_count=73 65 21 44 21 23 14
is_linear=0
shrinkage=0.0238854


Tree=147
num_leaves=8
num_cat=0
split_feature=4 16 16 2 14 5 15
split_gain=29.5797 28.8582 68.2848 92.1715 16.9182 18.3262 14.4807
threshold=86.731250000000017 -29443.073797678269 -45774.662560662924 6515.5000000000009 4.6184922067606129 31.500000000000004 16.339963831669603
decision_type=2 2 2 2 2 2 2
left_child=1 2 6 -4 -3 -6 -1
right_child=-2 4 3 -5 5 -7 -8
leaf_value=-0.00046581240449186385 -0.046684380167177734 -0.0044027308579261256 0.010294927937638896 -0.089889500942580913 0.014515777105720469 0.065668801547313069 0.038932427329528146
leaf_weight=9.0000000000000018 6.9999999999999991 7.0000000000000027 11.000000000000002 9.9999999999999982 7.9999999999999991 7.9999999999999991 12.999999999999998
leaf_count=9 7 7 11 10 8 8 13
internal_value=7.25087e-08 0.00495358 -0.00659493 -0.0374053 0.0265503 0.0401011 0.0228086
internal_weight=73 66 43 21 23 16 22
internal_count=73 66 43 21 23 16 22
is_linear=0
shrinkage=0.0238854


Tree=148
num_leaves=8
num_cat=0
split_feature=0 0 4 4 13 15 14
split_gain=28.3258 86.5828 119.548 23.5376 24.8976 24.6588 20.1317
threshold=6.6698602708513919 7.1674896877929504 80.249206349206361 78.297772859616472 6.5000000000000009 12.046688210586407 4.9696766989752357
decision_type=2 2 2 2 2 2 2
left_child=3 2 -2 5 -5 -1 -6
right_child=1 -3 -4 4 6 -7 -8
leaf_value=0.012878732861992887 0.0050940560577147362 0.026249749854860768 -0.13005156750587143 0.061195742633328998 0.043146378140471717 -0.044462569979063109 -0.0078162196629662541
leaf_weight=11.000000000000002 8.0000000000000018 12.999999999999998 6.9999999999999991 8.0000000000000018 7.0000000000000027 6.9999999999999991 11.999999999999998
leaf_count=11 8 13 7 8 7 7 12
internal_value=2.58156e-08 -0.0188601 -0.0579646 0.0117383 0.0258443 -0.0094129 0.0109521
internal_weight=73 28 15 45 27 18 19
internal_count=73 28 15 45 27 18 19
is_linear=0
shrinkage=0.0238854


Tree=149
num_leaves=8
num_cat=0
split_feature=0 0 4 4 13 15 14
split_gain=26.9884 82.4959 113.906 22.4265 23.7223 23.495 19.1816
threshold=6.6698602708513919 7.1674896877929504 80.249206349206361 78.297772859616472 6.5000000000000009 12.046688210586407 4.9696766989752357
decision_type=2 2 2 2 2 2 2
left_child=3 2 -2 5 -5 -1 -6
right_child=1 -3 -4 4 6 -7 -8
leaf_value=0.012571119326341451 0.0049723829082699116 0.0256227643605784 -0.1269452449545202 0.05973406066719994 0.04211581250670219 -0.043400564662969134 -0.0076295273209916843
leaf_weight=11.000000000000002 8.0000000000000018 12.999999999999998 6.9999999999999991 8.0000000000000018 7.0000000000000027 6.9999999999999991 11.999999999999998
leaf_count=11 8 13 7 8 7 7 12
internal_value=7.03211e-08 -0.0184094 -0.0565799 0.0114579 0.025227 -0.00918788 0.0106903
internal_weight=73 28 15 45 27 18 19
internal_count=73 28 15 45 27 18 19
is_linear=0
shrinkage=0.0238854


Tree=150
num_leaves=8
num_cat=0
split_feature=13 7 16 9 13 16 14
split_gain=26.6356 41.6197 56.1588 27.4758 15.8219 13.4591 3.85827
threshold=1.5000000000000002 0.23902979260916629 -41924.210224586284 5.2815995835890144 6.5000000000000009 -36948.909722222212 5.2151115370270489
decision_type=2 2 2 2 2 2 2
left_child=-1 3 -3 4 -2 -5 -6
right_child=1 2 -4 5 6 -7 -8
leaf_value=-0.04112365184131743 0.029148725509156218 0.022492331252903734 -0.056429195776346329 0.016627504507519743 -0.018460154876290231 0.059843810526321123 0.0042099126647500975
leaf_weight=7.9999999999999991 9.0000000000000018 9.0000000000000018 11.999999999999998 7.0000000000000027 11.000000000000002 9.9999999999999982 6.9999999999999991
leaf_count=8 9 9 12 7 11 10 7
internal_value=1.13741e-07 0.00506366 -0.022599 0.0182695 0.0032869 0.0420571 -0.00963625
internal_weight=73 65 21 44 27 17 18
internal_count=73 65 21 44 27 17 18
is_linear=0
shrinkage=0.0238854


Tree=151
num_leaves=8
num_cat=0
split_feature=4 16 16 0 13 12 3
split_gain=26.0676 28.2708 63.5093 139.378 18.8689 15.23 11.722
threshold=86.731250000000017 -29443.073797678269 -45774.662560662924 5.851045336202076 11.500000000000002 146.50000000000003 16.500000000000004
decision_type=2 2 2 2 2 2 2
left_child=1 2 5 -4 6 -1 -3
right_child=-2 4 3 -5 -6 -7 -8
leaf_value=0.043347921472579355 -0.043825156654679689 0.06352971667859876 0.016787026663318542 -0.10754962267370681 -0.0066643937855998415 0.0034221390157491011 0.022283102485354381
leaf_weight=10.000000000000002 6.9999999999999991 7.0000000000000062 12.000000000000002 8.9999999999999982 6.9999999999999991 11.999999999999998 8.9999999999999982
leaf_count=10 7 7 12 9 7 12 9
internal_value=1.57821e-07 0.00465042 -0.00677995 -0.0364935 0.0260263 0.0215766 0.0403373
internal_weight=73 66 43 21 23 22 16
internal_count=73 66 43 21 23 22 16
is_linear=0
shrinkage=0.0238854


Tree=152
num_leaves=7
num_cat=0
split_feature=4 15 6 9 15 9
split_gain=24.8374 23.685 58.5258 22.6432 15.951 7.38572
threshold=86.731250000000017 12.650261613192553 17.500000000000004 5.2815995835890144 15.053099306027722 4.9193305668946392
decision_type=2 2 2 2 2 2
left_child=1 3 -3 5 -4 -1
right_child=-2 2 4 -5 -6 -7
leaf_value=0.017885843561296463 -0.042778378199803874 -0.051487222459593571 -0.0056387410147644892 0.047702760684997257 0.032542416334000478 -0.012900541775368399
leaf_weight=10.000000000000005 6.9999999999999991 11.999999999999998 13.000000000000002 10.999999999999998 11.999999999999998 7.9999999999999991
leaf_count=10 7 12 13 11 12 8
internal_value=1.99842e-07 0.00453945 -0.00812544 0.0207029 0.0126826 0.00419523
internal_weight=73 66 37 29 25 18
internal_count=73 66 37 29 25 18
is_linear=0
shrinkage=0.0238854


Tree=153
num_leaves=9
num_cat=0
split_feature=3 15 15 15 15 15 4 15
split_gain=24.6601 143.056 28.364 30.8435 19.7911 10.0585 11.9408 3.67895
threshold=14.500000000000002 16.102652759067745 14.244982027035887 12.650261613192553 18.739423419356694 10.430615369755166 77.593788290797121 14.244982027035887
decision_type=2 2 2 2 2 2 2 2
left_child=2 5 3 -1 -4 -2 -7 -8
right_child=1 -3 4 -5 -6 6 7 -9
leaf_value=0.02071844334084685 -0.0079790429559795893 -0.096441881592817261 0.061543287759425948 -0.044649896713944461 0.0079683513542981553 -0.0043360241537231305 0.046116350237740328 0.021572767368553451
leaf_weight=10.000000000000002 10.000000000000002 8.9999999999999982 8.9999999999999982 6.9999999999999991 6.9999999999999991 7.0000000000000027 6.9999999999999982 7
leaf_count=10 10 9 9 7 7 7 7 7
internal_value=1.03176e-07 -0.0126074 0.0152862 -0.00618971 0.038113 0.0117272 0.0211177 0.0338546
internal_weight=73 40 33 17 16 31 21 14
internal_count=73 40 33 17 16 31 21 14
is_linear=0
shrinkage=0.0238854


Tree=154
num_leaves=7
num_cat=0
split_feature=13 8 13 0 10 6
split_gain=25.2738 33.1013 25.9779 21.1936 12.8351 8.97706
threshold=1.5000000000000002 1.0000000180025095e-35 9.5000000000000018 7.0399118308401638 58.500000000000007 17.500000000000004
decision_type=2 2 2 2 2 2
left_child=-1 2 -2 4 -3 -6
right_child=1 3 -4 -5 5 -7
leaf_value=-0.040058521593814345 -0.060134601092737001 -0.015031447739981958 0.0049212517836857853 0.049565411550751948 0.038786291555337027 0.008171508059273221
leaf_weight=7.9999999999999991 6.9999999999999982 10.999999999999998 7 7.9999999999999991 6.9999999999999991 25
leaf_count=8 7 11 7 8 7 25
internal_value=1.01127e-07 0.00493255 -0.0275967 0.0138649 0.00721967 0.0148729
internal_weight=73 65 14 51 43 32
internal_count=73 65 14 51 43 32
is_linear=0
shrinkage=0.0238854


Tree=155
num_leaves=6
num_cat=0
split_feature=5 5 13 2 0
split_gain=25.5338 33.5469 52.1349 30.9324 42.1132
threshold=39.500000000000007 37.500000000000007 3.5000000000000004 10050.000000000002 6.9560322413630971
decision_type=2 2 2 2 2
left_child=1 2 -1 4 -4
right_child=-2 -3 3 -5 -6
leaf_value=-0.05071477068457643 -0.035454654497230065 0.048324148032569063 0.0061019075649221778 -0.036333488564370582 0.071171588286737336
leaf_weight=9.9999999999999982 9.9999999999999982 8.9999999999999982 30 6.9999999999999991 6.9999999999999991
leaf_count=10 10 9 30 7 7
internal_value=9.76047e-08 0.00563006 -0.00148304 0.00970282 0.0184162
internal_weight=73 63 54 44 37
internal_count=73 63 54 44 37
is_linear=0
shrinkage=0.0238854


Tree=156
num_leaves=6
num_cat=0
split_feature=5 5 13 14 0
split_gain=24.3286 31.9634 49.6741 20.1941 12.5728
threshold=39.500000000000007 37.500000000000007 3.5000000000000004 5.2594476832507073 6.5185854825901943
decision_type=2 2 2 2 2
left_child=1 2 -1 4 -4
right_child=-2 -3 3 -5 -6
leaf_value=-0.049503429454277437 -0.034607807254978341 0.047169908722141697 0.0092800460635823166 -0.016946908135650498 0.041592864708360287
leaf_weight=9.9999999999999982 9.9999999999999982 8.9999999999999982 22 11.999999999999998 9.9999999999999982
leaf_count=10 10 9 22 12 10
internal_value=4.99371e-08 0.00549558 -0.00144755 0.00947107 0.0193822
internal_weight=73 63 54 44 32
internal_count=73 63 54 44 32
is_linear=0
shrinkage=0.0238854


Tree=157
num_leaves=9
num_cat=0
split_feature=15 15 9 9 13 10 14 14
split_gain=23.664 96.433 40.1377 51.5653 15.6317 12.0267 9.43484 4.84299
threshold=16.717087458457673 15.700871947419392 5.2815995835890144 5.0248499808922675 10.500000000000002 62.500000000000007 5.2594476832507073 5.2594476832507073
decision_type=2 2 2 2 2 2 2 2
left_child=1 2 3 5 7 -1 -2 -4
right_child=6 -3 4 -5 -6 -7 -8 -9
leaf_value=-0.010935628191473479 0.04647253775227634 -0.07895172216956961 0.03101446004555557 -0.064299292448131387 0.00050035128417360187 0.028105540045798801 0.009474521019701334 0.058279187111269927
leaf_weight=9.0000000000000053 6.9999999999999991 8.9999999999999982 8.0000000000000018 7.9999999999999991 6.9999999999999991 8.9999999999999982 8.9999999999999982 6.9999999999999991
leaf_count=9 7 9 8 8 7 9 9 7
internal_value=3.23418e-09 -0.00720313 0.00624682 -0.013841 0.0299933 0.00857719 0.0256699 0.0437474
internal_weight=73 57 48 26 22 18 16 15
internal_count=73 57 48 26 22 18 16 15
is_linear=0
shrinkage=0.0238854


Tree=158
num_leaves=8
num_cat=0
split_feature=4 15 12 7 13 5 5
split_gain=23.6926 20.9573 56.9071 112.79 25.2902 15.8511 13.3272
threshold=86.731250000000017 12.650261613192553 140.50000000000003 0.21093369021437844 8.5000000000000018 30.500000000000004 28.500000000000004
decision_type=2 2 2 2 2 2 2
left_child=1 4 3 -3 6 -4 -1
right_child=-2 2 5 -5 -6 -7 -8
leaf_value=0.017920695495711559 -0.041780948915438355 0.021984241722792584 0.042333984917849281 -0.10483873220656162 -0.0050981318399148092 0.00038880437275115235 0.061551034117502991
leaf_weight=8.0000000000000053 6.9999999999999991 7.9999999999999991 9.0000000000000018 7.9999999999999991 12.999999999999998 11.999999999999998 7.9999999999999991
leaf_count=8 7 8 9 8 13 12 8
internal_value=9.47738e-08 0.00443354 -0.00747959 -0.0414185 0.0196379 0.018372 0.0397446
internal_weight=73 66 37 16 29 21 16
internal_count=73 66 37 16 29 21 16
is_linear=0
shrinkage=0.0238854


Tree=159
num_leaves=8
num_cat=0
split_feature=16 15 9 9 12 5 13
split_gain=22.9847 153.29 46.0785 62.9508 17.4835 11.17 9.30235
threshold=-49911.005128570388 16.102652759067745 5.2815995835890144 5.0248499808922675 146.50000000000003 28.500000000000004 6.5000000000000009
decision_type=2 2 2 2 2 2 2
left_child=4 2 3 6 -1 -4 -2
right_child=1 -3 5 -5 -6 -7 -8
leaf_value=0.046258582089270139 0.032234196981619764 -0.10469296839211445 0.014749550537749349 -0.074617807775872916 0.0022058907538921764 0.048955224509249683 -0.0054570732402976305
leaf_weight=9.0000000000000018 7.0000000000000027 7.9999999999999991 10.000000000000002 6.9999999999999991 11.999999999999998 11.999999999999998 7.9999999999999991
leaf_count=9 7 8 10 7 12 12 8
internal_value=1.38399e-07 -0.00851516 0.00896855 -0.0154701 0.0210923 0.0334136 0.0121229
internal_weight=73 52 44 22 21 22 15
internal_count=73 52 44 22 21 22 15
is_linear=0
shrinkage=0.0238854


Tree=160
num_leaves=8
num_cat=0
split_feature=15 15 9 9 6 10 16
split_gain=22.8943 89.0274 37.3492 45.5806 14.4525 10.7205 6.99316
threshold=16.717087458457673 15.700871947419392 5.2815995835890144 5.0248499808922675 17.500000000000004 62.500000000000007 -72229.209983766239
decision_type=2 2 2 2 2 2 2
left_child=1 2 3 5 -4 -1 -2
right_child=6 -3 4 -5 -6 -7 -8
leaf_value=-0.010884768607589961 0.0094355086483699797 -0.07602340955838173 0.052017198850194131 -0.06097899084725248 0.012622902549188344 0.025975458192502902 0.041045387055036416
leaf_weight=9.0000000000000053 7.9999999999999991 8.9999999999999982 9.0000000000000018 7.9999999999999991 12.999999999999998 8.9999999999999982 7.9999999999999991
leaf_count=9 8 9 9 8 13 9 8
internal_value=1.79902e-07 -0.00708481 0.00583827 -0.0135391 0.0287451 0.00753758 0.0252492
internal_weight=73 57 48 26 22 18 16
internal_count=73 57 48 26 22 18 16
is_linear=0
shrinkage=0.0238854


Tree=161
num_leaves=8
num_cat=0
split_feature=13 7 15 9 6 10 4
split_gain=22.4154 34.3399 42.4961 24.6727 18.3066 8.99161 10.6433
threshold=1.5000000000000002 0.23902979260916629 16.717087458457673 5.0744934425524955 17.500000000000004 61.500000000000007 81.907452647012221
decision_type=2 2 2 2 2 2 2
left_child=-1 3 -3 5 -5 -2 -7
right_child=1 2 -4 4 -6 6 -8
leaf_value=-0.037725070060647618 -0.01907585778836645 -0.049910366131215189 0.018741544385881766 0.063794744001750198 0.017850134088083232 -0.0092861332875755973 0.032354709740777532
leaf_weight=7.9999999999999991 9.0000000000000018 12.000000000000002 8.9999999999999982 8.0000000000000018 12.999999999999998 6.9999999999999982 7
leaf_count=8 9 12 9 8 13 7 7
internal_value=2.21694e-07 0.00464549 -0.0204815 0.0166411 0.0353595 -0.000443593 0.0115243
internal_weight=73 65 21 44 21 23 14
internal_count=73 65 21 44 21 23 14
is_linear=0
shrinkage=0.0238854


Tree=162
num_leaves=8
num_cat=0
split_feature=4 15 12 7 13 4 14
split_gain=22.3437 19.5445 52.7008 103.843 22.1313 12.4778 12.3033
threshold=86.731250000000017 12.650261613192553 140.50000000000003 0.21093369021437844 8.5000000000000018 78.854261796042636 4.6184922067606129
decision_type=2 2 2 2 2 2 2
left_child=1 4 3 -3 6 -4 -1
right_child=-2 2 5 -5 -6 -7 -8
leaf_value=0.014021508073615317 -0.040574072768838711 0.020975938607934601 0.041150472629827767 -0.10071241523916022 -0.004150330217216407 0.0032238835110576418 0.056274713938506304
leaf_weight=7.0000000000000062 6.9999999999999991 7.9999999999999991 8.0000000000000018 7.9999999999999991 12.999999999999998 12.999999999999998 8.9999999999999982
leaf_count=7 7 8 8 8 13 13 9
internal_value=1.70693e-07 0.00430562 -0.00719887 -0.0398595 0.0189886 0.0176788 0.0377977
internal_weight=73 66 37 16 29 21 16
internal_count=73 66 37 16 29 21 16
is_linear=0
shrinkage=0.0238854


Tree=163
num_leaves=8
num_cat=0
split_feature=13 7 16 9 6 10 2
split_gain=21.4389 32.2269 43.4953 24.1311 16.7663 8.27566 2.95405
threshold=1.5000000000000002 0.23902979260916629 -41924.210224586284 5.0744934425524955 17.500000000000004 61.500000000000007 4773.5000000000009
decision_type=2 2 2 2 2 2 2
left_child=-1 3 -3 5 -5 -2 -7
right_child=1 2 -4 4 -6 6 -8
leaf_value=-0.036894176179499395 -0.018607346362023262 0.019883488937170006 -0.049571272978474711 0.061889119038864633 0.017918435500793663 -0.00020295852866935999 0.021720968993120947
leaf_weight=7.9999999999999991 9.0000000000000018 9.0000000000000018 11.999999999999998 8.0000000000000018 12.999999999999998 6.9999999999999982 7
leaf_count=8 9 9 12 8 13 7 7
internal_value=2.12442e-07 0.00454322 -0.0197983 0.0161639 0.0346759 -0.000732175 0.010749
internal_weight=73 65 21 44 21 23 14
internal_count=73 65 21 44 21 23 14
is_linear=0
shrinkage=0.0238854


Tree=164
num_leaves=8
num_cat=0
split_feature=0 0 4 9 3 4 14
split_gain=22.1825 68.7202 97.1692 22.7634 25.3011 9.58394 7.20974
threshold=6.6698602708513919 7.1674896877929504 80.249206349206361 5.5056499004316306 14.500000000000002 79.661208205280133 5.2415234793469603
decision_type=2 2 2 2 2 2 2
left_child=3 2 -2 4 6 -5 -1
right_child=1 -3 -4 5 -6 -7 -8
leaf_value=0.034007264391506635 0.005321489293521128 0.023497642104631546 -0.11651883805276042 0.015260236826869982 -0.031074626272678735 0.051220225052049789 0.0023848916341898023
leaf_weight=7.0000000000000062 8.0000000000000018 12.999999999999998 6.9999999999999991 9.0000000000000018 10.999999999999998 7.9999999999999991 9.9999999999999982
leaf_count=7 8 13 7 9 11 8 10
internal_value=1.61558e-07 -0.0166897 -0.051528 0.0103881 -0.00284433 0.0321908 0.0154141
internal_weight=73 28 15 45 28 17 17
internal_count=73 28 15 45 28 17 17
is_linear=0
shrinkage=0.0238854


Tree=165
num_leaves=8
num_cat=0
split_feature=13 7 15 9 6 10 2
split_gain=19.9731 30.7982 37.4511 22.5384 15.8888 7.97344 2.88062
threshold=1.5000000000000002 0.23902979260916629 16.717087458457673 5.0744934425524955 17.500000000000004 61.500000000000007 4773.5000000000009
decision_type=2 2 2 2 2 2 2
left_child=-1 3 -3 5 -5 -2 -7
right_child=1 2 -4 4 -6 6 -8
leaf_value=-0.035610459070480417 -0.018129110215739007 -0.047037535946518223 0.01741004506237168 0.060127893607245693 0.01732272542451942 -0.00012836695458118147 0.021521004302822951
leaf_weight=7.9999999999999991 9.0000000000000018 12.000000000000002 8.9999999999999982 8.0000000000000018 12.999999999999998 6.9999999999999982 7
leaf_count=8 9 12 9 8 13 7 7
internal_value=2.95459e-07 0.00438531 -0.0194105 0.0157456 0.0336361 -0.000583196 0.0106863
internal_weight=73 65 21 44 21 23 14
internal_count=73 65 21 44 21 23 14
is_linear=0
shrinkage=0.0238854


Tree=166
num_leaves=6
num_cat=0
split_feature=5 5 13 4 9
split_gain=21.892 27.86 42.427 19.1489 6.16487
threshold=39.500000000000007 37.500000000000007 3.5000000000000004 73.753390269151154 5.2815995835890144
decision_type=2 2 2 2 2
left_child=1 2 -1 -4 -5
right_child=-2 -3 3 4 -6
leaf_value=-0.045681000554465931 -0.032828787257906319 0.044120843256643678 -0.022244812445172624 0.0052276576548580585 0.025497826124607843
leaf_weight=9.9999999999999982 9.9999999999999982 8.9999999999999982 8.9999999999999982 14.999999999999998 20
leaf_count=10 10 9 9 15 20
internal_value=2.42135e-07 0.00521342 -0.00126856 0.008822 0.0168146
internal_weight=73 63 54 44 35
internal_count=73 63 54 44 35
is_linear=0
shrinkage=0.0238854


Tree=167
num_leaves=8
num_cat=0
split_feature=0 0 4 9 3 4 13
split_gain=21.2231 65.0225 91.4312 21.8511 23.455 8.12112 7.14359
threshold=6.6698602708513919 7.1674896877929504 80.249206349206361 5.5056499004316306 14.500000000000002 79.661208205280133 7.5000000000000009
decision_type=2 2 2 2 2 2 2
left_child=3 2 -2 4 6 -5 -1
right_child=1 -3 -4 5 -6 -7 -8
leaf_value=0.033283364188562814 0.0049320648589493508 0.02276624413834551 -0.11325554890762339 0.015934755985313138 -0.029984448806947905 0.049041089640418603 0.001806934894667033
leaf_weight=7.0000000000000062 8.0000000000000018 12.999999999999998 6.9999999999999991 9.0000000000000018 10.999999999999998 7.9999999999999991 9.9999999999999982
leaf_count=7 8 13 7 9 11 8 10
internal_value=1.90747e-07 -0.0163247 -0.0502129 0.010161 -0.00280343 0.0315225 0.0147761
internal_weight=73 28 15 45 28 17 17
internal_count=73 28 15 45 28 17 17
is_linear=0
shrinkage=0.0238854


Tree=168
num_leaves=7
num_cat=0
split_feature=4 15 6 13 15 2
split_gain=20.2536 20.4413 48.8049 20.1652 13.6981 10.7872
threshold=86.731250000000017 12.650261613192553 17.500000000000004 8.5000000000000018 15.053099306027722 4773.5000000000009
decision_type=2 2 2 2 2 2
left_child=1 3 -3 5 -4 -1
right_child=-2 2 4 -5 -6 -7
leaf_value=0.017432143664470177 -0.038629498243381882 -0.047263417063319484 -0.0056425570734807244 -0.0029709109221046789 0.029739338551612166 0.0566895894526998
leaf_weight=8.0000000000000053 6.9999999999999991 11.999999999999998 13.000000000000002 12.999999999999998 11.999999999999998 7.9999999999999991
leaf_count=8 7 12 13 13 12 8
internal_value=3.23502e-07 0.00409955 -0.00766601 0.0191156 0.0113352 0.0370696
internal_weight=73 66 37 29 25 16
internal_count=73 66 37 29 25 16
is_linear=0
shrinkage=0.0238854


Tree=169
num_leaves=6
num_cat=0
split_feature=5 5 13 12 13
split_gain=19.9867 25.7886 39.965 20.2146 11.1151
threshold=39.500000000000007 37.500000000000007 3.5000000000000004 121.50000000000001 10.500000000000002
decision_type=2 2 2 2 2
left_child=1 2 -1 -4 -5
right_child=-2 -3 3 4 -6
leaf_value=-0.044359393295327655 -0.031367608209308805 0.042414572729106328 -0.021307493423808686 0.031807531621246402 0.004436094394295602
leaf_weight=9.9999999999999982 9.9999999999999982 8.9999999999999982 9.9999999999999982 15.999999999999998 18
leaf_count=10 10 9 10 16 18
internal_value=2.24102e-07 0.00498147 -0.0012548 0.00853853 0.0173209
internal_weight=73 63 54 44 34
internal_count=73 63 54 44 34
is_linear=0
shrinkage=0.0238854


Tree=170
num_leaves=9
num_cat=0
split_feature=4 16 16 6 14 12 7 7
split_gain=19.2667 24.204 50.2962 84.6263 14.5184 12.6381 8.29788 6.51219
threshold=86.731250000000017 -29443.073797678269 -49911.005128570388 17.500000000000004 4.6184922067606129 146.50000000000003 0.23902979260916629 0.21093369021437844
decision_type=2 2 2 2 2 2 2 2
left_child=1 2 5 -4 -3 -1 -6 -5
right_child=-2 4 3 7 6 -7 -8 -9
leaf_value=0.042986677903433669 -0.037676675861398216 -0.0048956231568726711 -0.099461328172378113 -0.013152215778254614 0.053541119040347578 0.0039550681704868902 0.019102053950173479 0.016884877778472671
leaf_weight=9.0000000000000018 6.9999999999999991 7.0000000000000027 7.0000000000000027 10.000000000000002 7.9999999999999991 9.9999999999999982 7.9999999999999991 6.9999999999999991
leaf_count=9 7 7 7 10 8 10 8 7
internal_value=1.72801e-07 0.00399833 -0.00657784 -0.0295649 0.0237772 0.0224511 0.0363303 -0.000775769
internal_weight=73 66 43 24 23 19 16 17
internal_count=73 66 43 24 23 19 16 17
is_linear=0
shrinkage=0.0238854


Tree=171
num_leaves=8
num_cat=0
split_feature=0 0 4 9 2 4 1
split_gain=19.7255 58.8619 86.5398 20.4157 18.7668 7.6371 6.22845
threshold=6.6698602708513919 7.1674896877929504 80.249206349206361 5.5056499004316306 6515.5000000000009 79.661208205280133 13.065541278509478
decision_type=2 2 2 2 2 2 2
left_child=3 2 -2 4 6 -5 -1
right_child=1 -3 -4 5 -6 -7 -8
leaf_value=0.018756777491387169 0.0056681611907358547 0.02145446372880034 -0.10931447352573326 0.015327267116706116 -0.036608466389689266 0.047432693299484824 -0.0080206308714801944
leaf_weight=13.000000000000005 8.0000000000000018 12.999999999999998 6.9999999999999991 9.0000000000000018 6.9999999999999991 7.9999999999999991 7.9999999999999991
leaf_count=13 8 13 7 9 7 8 8
internal_value=1.68419e-07 -0.0157382 -0.0479811 0.00979602 -0.00273523 0.0304439 0.0085492
internal_weight=73 28 15 45 28 17 21
internal_count=73 28 15 45 28 17 21
is_linear=0
shrinkage=0.0238854


Tree=172
num_leaves=8
num_cat=0
split_feature=0 0 14 16 15 2 15
split_gain=18.7941 56.0834 60.8013 16.9044 21.0121 17.9013 11.5762
threshold=6.6698602708513919 7.1674896877929504 5.4532831657484087 -36948.909722222212 16.339963831669603 5068.0000000000009 12.429345842531932
decision_type=2 2 2 2 2 2 2
left_child=3 2 -2 4 5 -1 -5
right_child=1 -3 -4 6 -6 -7 -8
leaf_value=0.0065158866905790811 -0.09181843253751544 0.020942016395546978 0.0045550497182793963 0.012195364232129519 0.027406582123164058 -0.041112413873675709 0.051510304586495116
leaf_weight=9.0000000000000053 8.0000000000000018 12.999999999999998 6.9999999999999991 11.000000000000002 8.9999999999999982 8.9999999999999982 6.9999999999999991
leaf_count=9 8 13 7 11 9 9 7
internal_value=2.1056e-07 -0.015362 -0.0468348 0.00956204 -0.00238629 -0.0172905 0.0274923
internal_weight=73 28 15 45 27 18 18
internal_count=73 28 15 45 27 18 18
is_linear=0
shrinkage=0.0238854


Tree=173
num_leaves=9
num_cat=0
split_feature=0 4 1 12 9 3 14 9
split_gain=17.9069 55.8277 61.4051 23.9595 19.4415 24.3026 10.4425 2.86651
threshold=6.6698602708513919 78.854261796042636 12.219444444444447 138.50000000000003 5.043123453161737 14.500000000000002 5.2151115370270489 5.978446296391815
decision_type=2 2 2 2 2 2 2 2
left_child=4 3 -3 -2 5 -1 7 -6
right_child=1 2 -4 -5 6 -7 -8 -9
leaf_value=0.013275416478687959 -0.012505931998182184 -0.098747875013042857 0.0012786873030563508 0.049975773065171022 0.047895022943676015 -0.040465074427982618 0.0059469965245618067 0.026210590483714897
leaf_weight=12.000000000000002 7.0000000000000018 6.9999999999999982 7 7 7.0000000000000018 7.9999999999999991 10.999999999999998 7
leaf_count=12 7 7 7 7 7 8 11 7
internal_value=3.42257e-07 -0.0149949 -0.0487246 0.0187249 0.0093338 -0.00821379 0.0233775 0.0370628
internal_weight=73 28 14 14 45 20 25 14
internal_count=73 28 14 14 45 20 25 14
is_linear=0
shrinkage=0.0238854


Tree=174
num_leaves=7
num_cat=0
split_feature=4 16 16 2 2 5
split_gain=17.7295 23.7675 47.1831 58.4654 9.58509 7.16281
threshold=86.731250000000017 -29443.073797678269 -49911.005128570388 6515.5000000000009 7571.0000000000009 31.500000000000004
decision_type=2 2 2 2 2 2
left_child=1 2 4 -4 -1 -3
right_child=-2 5 3 -5 -6 -7
leaf_value=0.006988452511243479 -0.036142104883882649 0.011729527891033573 0.0083607705791023928 -0.066190162402673405 0.04136829493218968 0.038639548134482046
leaf_weight=11.000000000000002 6.9999999999999991 13.000000000000002 12.000000000000002 11.999999999999998 7.9999999999999991 9.9999999999999982
leaf_count=11 7 13 12 12 8 10
internal_value=4.25925e-07 0.00383585 -0.0066445 -0.0289089 0.0214716 0.0234356
internal_weight=73 66 43 24 19 23
internal_count=73 66 43 24 19 23
is_linear=0
shrinkage=0.0238854


Tree=175
num_leaves=8
num_cat=0
split_feature=15 15 9 9 4 6 2
split_gain=17.3599 94.8595 33.2052 38.6877 11.2878 8.31905 2.07565
threshold=16.102652759067745 17.315304852445674 5.2815995835890144 5.0248499808922675 81.907452647012221 17.500000000000004 7571.0000000000009
decision_type=2 2 2 2 2 2 2
left_child=2 -2 3 4 -1 -4 -7
right_child=1 -3 5 -5 -6 6 -8
leaf_value=-0.0060195221369994138 -0.077344543953268632 0.023527461747108531 0.046260108488918476 -0.054579062355698607 0.032139613118010751 0.025507431774811629 0.0076614404027448048
leaf_weight=12.000000000000005 9.0000000000000018 12.999999999999998 9.0000000000000018 7.9999999999999991 6.9999999999999991 7.9999999999999982 7
leaf_count=12 9 13 9 8 7 8 7
internal_value=5.07263e-07 -0.017732 0.00765257 -0.0105144 0.00803175 0.0280963 0.0171886
internal_weight=73 22 51 27 19 24 15
internal_count=73 22 51 27 19 24 15
is_linear=0
shrinkage=0.0238854


Tree=176
num_leaves=8
num_cat=0
split_feature=0 0 14 10 10 6 15
split_gain=17.116 52.9843 56.3598 15.1097 16.0713 8.30052 4.57654
threshold=6.6698602708513919 7.1674896877929504 5.4532831657484087 65.500000000000014 64.500000000000014 17.500000000000004 15.700871947419392
decision_type=2 2 2 2 2 2 2
left_child=3 2 -2 4 5 -1 -7
right_child=1 -3 -4 -5 -6 6 -8
leaf_value=0.033454000115492377 -0.088560145226089529 0.020626840204213976 0.0042258463744547685 0.041374725916380833 -0.02950211869458139 -0.0049231352162554046 0.016228858499837434
leaf_weight=7.0000000000000027 8.0000000000000018 12.999999999999998 6.9999999999999991 6.9999999999999991 6.9999999999999991 14.000000000000002 9.9999999999999982
leaf_count=7 8 13 7 7 7 14 10
internal_value=5.40788e-07 -0.0146597 -0.0452507 0.00912558 0.00318126 0.0105659 0.00388437
internal_weight=73 28 15 45 38 31 24
internal_count=73 28 15 45 38 31 24
is_linear=0
shrinkage=0.0238854


Tree=177
num_leaves=9
num_cat=0
split_feature=4 16 16 1 15 14 5 2
split_gain=17.0841 22.1648 44.5543 92.93 16.775 12.7993 7.80001 4.89783
threshold=86.731250000000017 -29443.073797678269 -41924.210224586284 12.563888888888892 16.339963831669603 4.6184922067606129 31.500000000000004 5068.0000000000009
decision_type=2 2 2 2 2 2 2 2
left_child=1 2 4 -4 7 -3 -7 -1
right_child=-2 5 3 -5 -6 6 -8 -9
leaf_value=0.0088105372787874048 -0.035477962811697558 -0.0042275447520123619 -0.095190851557732395 0.023965134456812032 0.031297098949300564 0.017775640405577678 0.051165904136303321 -0.018539615896413644
leaf_weight=7.0000000000000027 6.9999999999999991 7.0000000000000027 7.9999999999999982 7 12.999999999999998 7.9999999999999991 7.9999999999999991 7.9999999999999991
leaf_count=7 7 7 8 7 13 8 8 8
internal_value=5.73837e-07 0.00376557 -0.00635517 -0.0395754 0.0114364 0.022693 0.0344795 -0.00576689
internal_weight=73 66 43 15 28 23 16 15
internal_count=73 66 43 15 28 23 16 15
is_linear=0
shrinkage=0.0238854


Tree=178
num_leaves=8
num_cat=0
split_feature=13 14 3 4 9 3 3
split_gain=16.7419 24.1971 65.3378 23.9164 23.2731 13.195 6.0886
threshold=16.500000000000004 5.2999699516937158 13.500000000000002 83.260416666666671 5.2815995835890144 14.500000000000002 15.500000000000002
decision_type=2 2 2 2 2 2 2
left_child=1 3 -3 4 5 -1 -6
right_child=-2 2 -4 -5 6 -7 -8
leaf_value=0.0095762561889526244 -0.030500433527599905 0.031683788963549397 -0.059890580009366146 0.04840311975744669 0.032122650290376559 -0.033168794702064082 0.0044674244828335312
leaf_weight=7.0000000000000027 8.9999999999999982 8.0000000000000018 9.9999999999999982 8.9999999999999982 13.000000000000002 9.9999999999999982 6.9999999999999991
leaf_count=7 9 8 10 9 13 10 7
internal_value=5.60074e-07 0.00429195 -0.0191831 0.0134809 0.00498249 -0.0155597 0.0224503
internal_weight=73 64 18 46 37 17 20
internal_count=73 64 18 46 37 17 20
is_linear=0
shrinkage=0.0238854


Tree=179
num_leaves=8
num_cat=0
split_feature=15 16 16 14 15 5 15
split_gain=17.09 121.612 21.998 17.8676 11.7389 17.756 9.66752
threshold=16.102652759067745 -49911.005128570388 -36948.909722222212 5.2415234793469603 10.430615369755166 31.500000000000004 12.429345842531932
decision_type=2 2 2 2 2 2 2
left_child=2 3 6 -2 -4 -6 -1
right_child=1 -3 4 -5 5 -7 -8
leaf_value=0.009532452545479431 0.051834102177857874 -0.09188664669654234 -0.00029381129359717061 -0.0021147704771392489 0.0091961708406348361 0.053190664995791746 -0.025776568047806123
leaf_weight=7.0000000000000027 7.0000000000000018 7.9999999999999991 10.999999999999998 7 11.000000000000002 9.9999999999999982 11.999999999999998
leaf_count=7 7 8 11 7 11 10 12
internal_value=5.92176e-07 -0.0175935 0.00759297 0.0248497 0.0196823 0.0301526 -0.0127606
internal_weight=73 22 51 14 32 21 19
internal_count=73 22 51 14 32 21 19
is_linear=0
shrinkage=0.0238854


Tree=180
num_leaves=7
num_cat=0
split_feature=2 0 0 16 12 4
split_gain=16.6073 33.8492 57.5894 19.4962 13.0284 6.42736
threshold=10050.000000000002 6.9560322413630971 6.6698602708513919 -36948.909722222212 129.50000000000003 80.249206349206361
decision_type=2 2 2 2 2 2
left_child=1 2 3 4 -1 -5
right_child=-2 -3 -4 5 -6 -7
leaf_value=0.017611029284818645 -0.025683437415688418 0.041010461524578795 -0.067176810257146891 0.01420930649276258 -0.019715533759798721 0.04351573835367939
leaf_weight=7.9999999999999956 11.999999999999998 11.999999999999998 6.9999999999999991 11.000000000000009 15.999999999999998 6.9999999999999991
leaf_count=8 12 12 7 11 16 7
internal_value=5.32623e-07 0.00505541 -0.00374705 0.00682125 -0.00726751 0.025614
internal_weight=73 61 49 42 24 18
internal_count=73 61 49 42 24 18
is_linear=0
shrinkage=0.0238854


Tree=181
num_leaves=9
num_cat=0
split_feature=0 4 5 12 16 16 14 5
split_gain=15.8673 49.0684 75.6104 20.9895 13.8265 16.3558 7.75761 7.39872
threshold=6.6698602708513919 78.854261796042636 34.500000000000007 138.50000000000003 -36948.909722222212 -45774.662560662924 5.2151115370270489 28.500000000000004
decision_type=2 2 2 2 2 2 2 2
left_child=4 3 -3 -2 5 6 -1 -6
right_child=1 2 -4 -5 7 -7 -8 -9
leaf_value=0.02805989843968585 -0.011732793671535036 0.0097532328173763391 -0.10124703811378635 0.046747530932968503 0.011286501972171702 -0.024444171196618937 -0.0054521775790633527 0.042129809641450598
leaf_weight=9.0000000000000053 7.0000000000000018 6.9999999999999982 7 7 10.000000000000002 10.999999999999998 6.9999999999999991 7.9999999999999991
leaf_count=9 7 7 7 7 10 11 7 8
internal_value=5.19746e-07 -0.0141148 -0.0457369 0.0174974 0.00878648 -0.00201896 0.0133896 0.0250024
internal_weight=73 28 14 14 45 27 16 18
internal_count=73 28 14 14 45 27 16 18
is_linear=0
shrinkage=0.0238854


Tree=182
num_leaves=8
num_cat=0
split_feature=15 16 9 9 14 4 5
split_gain=15.9112 112.779 29.1767 33.3278 16.5436 10.0593 7.13628
threshold=16.102652759067745 -49911.005128570388 5.2815995835890144 5.0248499808922675 5.2415234793469603 81.907452647012221 28.500000000000004
decision_type=2 2 2 2 2 2 2
left_child=2 4 3 5 -2 -1 -4
right_child=1 -3 6 -5 -6 -7 -8
leaf_value=-0.0057536595683302322 0.049862118361564615 -0.088520345373030065 0.01231210378997462 -0.050601330811416531 -0.0020488712965202522 0.03026886881722549 0.038475880060043814
leaf_weight=12.000000000000005 7.0000000000000018 7.9999999999999991 11.000000000000002 7.9999999999999991 7 6.9999999999999991 12.999999999999998
leaf_count=12 7 8 11 8 7 7 13
internal_value=5.07361e-07 -0.0169759 0.00732642 -0.00970269 0.0238966 0.00751044 0.02649
internal_weight=73 22 51 27 14 19 24
internal_count=73 22 51 27 14 19 24
is_linear=0
shrinkage=0.0238854


Tree=183
num_leaves=7
num_cat=0
split_feature=2 2 2 3 7 2
split_gain=15.18 32.7889 65.9996 21.4626 9.03817 8.34575
threshold=10050.000000000002 7571.0000000000009 6515.5000000000009 15.500000000000002 0.21853337673926501 4207.0000000000009
decision_type=2 2 2 2 2 2
left_child=1 2 4 -3 5 -1
right_child=-2 3 -4 -5 -6 -7
leaf_value=-0.014370578846950461 -0.024554915105046156 0.065574053884262934 -0.06346095727764893 0.0097871897558337948 0.028152343736056445 0.013019344650157796
leaf_weight=11.000000000000002 11.999999999999998 6.9999999999999991 8.9999999999999982 8.9999999999999982 9.9999999999999982 14.999999999999998
leaf_count=11 12 7 9 9 10 15
internal_value=4.49868e-07 0.00483331 -0.00560604 0.0342027 0.00885382 0.00142592
internal_weight=73 61 45 16 36 26
internal_count=73 61 45 16 36 26
is_linear=0
shrinkage=0.0238854


Tree=184
num_leaves=7
num_cat=0
split_feature=13 7 16 4 7 16
split_gain=15.3035 25.2852 29.5815 17.9379 23.6818 1.87632
threshold=1.5000000000000002 0.23902979260916629 -41924.210224586284 85.790277777777803 0.22298969960683421 -49911.005128570388
decision_type=2 2 2 2 2 2
left_child=-1 3 -3 4 5 -2
right_child=1 2 -4 -5 -6 -7
leaf_value=-0.031170543495515533 0.0063552803791998604 0.015000879667237043 -0.042275497396626553 0.046487385465537864 0.043182836363646379 -0.0073254915302477823
leaf_weight=7.9999999999999991 7.9999999999999991 9.0000000000000018 11.999999999999998 7.9999999999999991 7.9999999999999991 20.000000000000004
leaf_count=8 8 9 12 8 8 20
internal_value=4.38734e-07 0.00383902 -0.0177218 0.0141326 0.00693876 -0.0034117
internal_weight=73 65 21 44 36 28
internal_count=73 65 21 44 36 28
is_linear=0
shrinkage=0.0238854


Tree=185
num_leaves=9
num_cat=0
split_feature=15 15 7 14 2 7 2 15
split_gain=15.4006 38.8763 63.0503 37.9096 15.0375 15.3337 5.87448 5.38739
threshold=12.650261613192553 16.717087458457673 0.23902979260916629 5.2594476832507073 6515.5000000000009 0.21853337673926501 3429.5000000000005 18.739423419356694
decision_type=2 2 2 2 2 2 2 2
left_child=4 2 3 -2 5 6 -1 -3
right_child=1 7 -4 -5 -6 -7 -8 -9
leaf_value=-0.027303379688198029 0.019077430502608562 0.032562371337871085 -0.088344074576872433 -0.049864951097477343 0.04379178510620637 0.028129460344261 0.0036257472432253842 0.0045975385451859935
leaf_weight=7.0000000000000053 13.000000000000005 8.9999999999999982 6.9999999999999991 6.9999999999999991 6.9999999999999991 8.9999999999999982 7 6.9999999999999991
leaf_count=7 13 9 7 7 7 9 7 7
internal_value=4.28526e-07 -0.00916124 -0.0266466 -0.00504542 0.0131368 0.00380094 -0.0118288 0.0203365
internal_weight=73 43 27 20 30 23 14 16
internal_count=73 43 27 20 30 23 14 16
is_linear=0
shrinkage=0.0238854


Tree=186
num_leaves=8
num_cat=0
split_feature=15 3 9 9 4 6 2
split_gain=15.604 105.681 27.4487 30.4797 9.14959 6.27814 1.62924
threshold=16.102652759067745 14.500000000000002 5.2815995835890144 5.0248499808922675 81.907452647012221 17.500000000000004 7571.0000000000009
decision_type=2 2 2 2 2 2 2
left_child=2 -2 3 4 -1 -4 -7
right_child=1 -3 5 -5 -6 6 -8
leaf_value=-0.0054503101870173147 0.026738827189178038 -0.079732326241985618 0.041624135030373655 -0.048373804889332482 0.028904363672975796 0.023736911733029237 0.0079192325779472352
leaf_weight=12.000000000000005 13.000000000000002 8.9999999999999982 9.0000000000000018 7.9999999999999991 6.9999999999999991 7.9999999999999982 7
leaf_count=12 13 9 9 8 7 8 7
internal_value=5.09684e-07 -0.0168112 0.00725537 -0.00926162 0.00719932 0.0258428 0.0163647
internal_weight=73 22 51 27 19 24 15
internal_count=73 22 51 27 19 24 15
is_linear=0
shrinkage=0.0238854


Tree=187
num_leaves=7
num_cat=0
split_feature=15 3 9 9 4 5
split_gain=14.8673 100.693 26.1536 29.041 8.71781 6.02345
threshold=16.102652759067745 14.500000000000002 5.2815995835890144 5.0248499808922675 81.907452647012221 28.500000000000004
decision_type=2 2 2 2 2 2
left_child=2 -2 3 4 -1 -4
right_child=1 -3 5 -5 -6 -7
leaf_value=-0.0053201274385091396 0.026100162718679681 -0.077827894941043099 0.012198213335328022 -0.047218380361456237 0.028213973166021106 0.03623840265441608
leaf_weight=12.000000000000005 13.000000000000002 8.9999999999999982 11.000000000000002 7.9999999999999991 6.9999999999999991 12.999999999999998
leaf_count=12 13 9 11 8 7 13
internal_value=5.43326e-07 -0.0164095 0.00708214 -0.0090404 0.00702718 0.0252258
internal_weight=73 22 51 27 19 24
internal_count=73 22 51 27 19 24
is_linear=0
shrinkage=0.0238854


Tree=188
num_leaves=7
num_cat=0
split_feature=13 7 15 6 16 13
split_gain=14.8072 22.6947 27.8722 15.2915 10.0732 3.79811
threshold=1.5000000000000002 0.23902979260916629 16.717087458457673 17.500000000000004 -36948.909722222212 9.5000000000000018
decision_type=2 2 2 2 2 2
left_child=-1 3 -3 -2 5 -5
right_child=1 2 -4 4 -6 -7
leaf_value=-0.030660787994212901 0.037919441678020166 -0.040483924906414899 0.015113113690942922 -0.017527804184673357 0.022853177388620638 0.003383434707770912
leaf_weight=7.9999999999999991 10.999999999999998 12.000000000000002 8.9999999999999982 7.9999999999999991 12.000000000000002 12.999999999999998
leaf_count=8 11 12 9 8 12 13
internal_value=5.3083e-07 0.00377639 -0.01665 0.0135285 0.00539395 -0.00457609
internal_weight=73 65 21 44 33 21
internal_count=73 65 21 44 33 21
is_linear=0
shrinkage=0.0238854


Tree=189
num_leaves=9
num_cat=0
split_feature=4 16 16 1 15 14 5 10
split_gain=14.9744 19.9549 39.9496 81.1435 12.9793 11.4193 5.94554 2.63705
threshold=86.731250000000017 -29443.073797678269 -41924.210224586284 12.563888888888892 16.339963831669603 4.6184922067606129 31.500000000000004 58.500000000000007
decision_type=2 2 2 2 2 2 2 2
left_child=1 2 4 -4 7 -3 -7 -1
right_child=-2 5 3 -5 -6 6 -8 -9
leaf_value=0.0049933132767959196 -0.033215081893383347 -0.0039422512864078166 -0.089503355427375919 0.021839129303975267 0.028239361465254374 0.018029234866934973 0.047188819439207441 -0.015072918461651126
leaf_weight=8.0000000000000018 6.9999999999999991 7.0000000000000027 7.9999999999999982 7 12.999999999999998 7.9999999999999991 7.9999999999999991 6.9999999999999991
leaf_count=8 7 7 8 7 13 8 8 7
internal_value=5.17392e-07 0.00352551 -0.00607734 -0.0375342 0.0107696 0.0214847 0.0326178 -0.0043616
internal_weight=73 66 43 15 28 23 16 15
internal_count=73 66 43 15 28 23 16 15
is_linear=0
shrinkage=0.0238854


Tree=190
num_leaves=7
num_cat=0
split_feature=2 2 2 3 9 15
split_gain=14.7672 30.7485 59.5433 18.8098 11.876 5.91414
threshold=10050.000000000002 7571.0000000000009 6515.5000000000009 15.500000000000002 5.734612883255898 11.313843569011473
decision_type=2 2 2 2 2 2
left_child=1 2 4 -3 5 -1
right_child=-2 3 -4 -5 -6 -7
leaf_value=-0.012145203152890376 -0.024218684552891629 0.062577467908159309 -0.060294384344105174 0.010349743056022608 0.03631635756057109 0.010083507508116377
leaf_weight=11.000000000000002 11.999999999999998 6.9999999999999991 8.9999999999999982 8.9999999999999982 6.9999999999999991 18
leaf_count=11 12 7 9 9 7 18
internal_value=5.05103e-07 0.00476723 -0.00534198 0.0332081 0.00839224 0.0016471
internal_weight=73 61 45 16 36 29
internal_count=73 61 45 16 36 29
is_linear=0
shrinkage=0.0238854


Tree=191
num_leaves=8
num_cat=0
split_feature=1 4 2 13 13 9 13
split_gain=14.6406 70.9267 11.9735 14.9714 7.82617 5.13156 4.26124
threshold=11.738888888888891 78.854261796042636 6743.5000000000009 3.5000000000000004 7.5000000000000009 4.7715898892670117 13.500000000000002
decision_type=2 2 2 2 2 2 2
left_child=1 -1 3 -2 -4 -5 -7
right_child=2 -3 4 5 -6 6 -8
leaf_value=0.021176539347067935 -0.032430916628973148 -0.067520461637275542 0.042622081598589219 -0.0095348634329846544 0.0096688487899718942 0.024119166272529465 0.0020522446532985823
leaf_weight=12.000000000000002 6.9999999999999991 8.9999999999999982 7.0000000000000027 8.0000000000000018 9.9999999999999982 10.000000000000002 9.9999999999999982
leaf_count=12 7 9 7 8 10 10 10
internal_value=4.92995e-07 -0.0168298 0.00680004 -0.00118404 0.0232461 0.00662269 0.0130927
internal_weight=73 21 52 35 17 28 20
internal_count=73 21 52 35 17 28 20
is_linear=0
shrinkage=0.0238854


Tree=192
num_leaves=8
num_cat=0
split_feature=1 4 4 14 15 9 4
split_gain=13.9494 67.5791 10.377 13.8115 11.5542 6.77155 4.27866
threshold=11.738888888888891 78.854261796042636 77.593788290797121 4.9235423855548683 12.046688210586407 5.5056499004316306 82.11041666666668
decision_type=2 2 2 2 2 2 2
left_child=1 -1 4 -4 -2 6 -5
right_child=2 -3 3 5 -6 -7 -8
leaf_value=0.020670730452734803 0.0077965371106930598 -0.065907712792634299 0.037801463720652913 0.0073456986784515531 -0.032206857933990245 0.022703207069006408 -0.016656198084698336
leaf_weight=12.000000000000002 10.000000000000002 8.9999999999999982 9.9999999999999982 9.0000000000000053 6.9999999999999991 7.9999999999999991 7.9999999999999991
leaf_count=12 10 9 10 9 7 8 8
internal_value=5.27006e-07 -0.0164277 0.00663768 0.0140755 -0.00866723 0.0045795 -0.00394108
internal_weight=73 21 52 35 17 25 17
internal_count=73 21 52 35 17 25 17
is_linear=0
shrinkage=0.0238854


Tree=193
num_leaves=8
num_cat=0
split_feature=0 0 4 9 13 14 5
split_gain=13.972 40.4226 62.9729 15.2007 14.7019 11.5453 8.5825
threshold=6.6698602708513919 7.1674896877929504 80.249206349206361 5.043123453161737 6.5000000000000009 5.1713973998222338 27.500000000000004
decision_type=2 2 2 2 2 2 2
left_child=3 2 -2 6 -5 -6 -1
right_child=1 -3 -4 4 5 -7 -8
leaf_value=-0.028595813357342605 0.0057978303787650076 0.017575271912879605 -0.092284937627505267 0.04508843114756847 0.02481528780259994 -0.016078826505309844 0.004201822081835613
leaf_weight=7.0000000000000027 8.0000000000000018 12.999999999999998 6.9999999999999991 9.0000000000000018 8.9999999999999982 6.9999999999999991 12.999999999999998
leaf_count=7 8 13 7 9 9 7 13
internal_value=5.60061e-07 -0.0132448 -0.0399648 0.00824522 0.0206633 0.00691537 -0.00727036
internal_weight=73 28 15 45 25 16 20
internal_count=73 28 15 45 25 16 20
is_linear=0
shrinkage=0.0238854


Tree=194
num_leaves=8
num_cat=0
split_feature=15 15 9 9 16 9 6
split_gain=14.3107 60.4868 21.8789 24.8907 8.07466 7.50723 6.84851
threshold=16.717087458457673 15.700871947419392 5.2815995835890144 5.0248499808922675 -72229.209983766239 4.7715898892670117 17.500000000000004
decision_type=2 2 2 2 2 2 2
left_child=1 2 3 5 -2 -1 -4
right_child=4 -3 6 -5 -6 -7 -8
leaf_value=-0.013530807538140829 0.0029761646483062593 -0.062424670561838737 0.038606851896699809 -0.044836226832833628 0.036932985041992945 0.018105086997343756 0.011480010390039189
leaf_weight=7.0000000000000062 7.9999999999999991 8.9999999999999982 9.0000000000000018 7.9999999999999991 7.9999999999999991 10.999999999999998 12.999999999999998
leaf_count=7 8 9 9 8 8 11 13
internal_value=5.92579e-07 -0.00560053 0.00505109 -0.00977884 0.0199633 0.00579447 0.0225837
internal_weight=73 57 48 26 16 18 22
internal_count=73 57 48 26 16 18 22
is_linear=0
shrinkage=0.0238854


Tree=195
num_leaves=8
num_cat=0
split_feature=15 1 4 16 16 15 1
split_gain=13.6354 58.0352 9.64997 8.12868 7.69331 5.38312 3.36501
threshold=16.717087458457673 11.738888888888891 77.593788290797121 -31599.874644193424 -72229.209983766239 14.244982027035887 13.357520891364905
decision_type=2 2 2 2 2 2 2
left_child=1 -1 3 -3 -2 6 -4
right_child=4 2 5 -5 -6 -7 -8
leaf_value=-0.057718277325497842 0.0029050775976407275 -0.024431010862950613 -0.0021612920928409224 0.009877981600370591 0.036050828859878536 0.025952447839529796 0.018668638121326363
leaf_weight=9.9999999999999982 7.9999999999999991 8.9999999999999982 12.000000000000005 6.9999999999999991 7.9999999999999991 11.999999999999998 6.9999999999999991
leaf_count=10 8 9 12 7 8 12 7
internal_value=6.2418e-07 -0.0054667 0.00564769 -0.00941209 0.0194867 0.013425 0.00550553
internal_weight=73 57 47 16 16 31 19
internal_count=73 57 47 16 16 31 19
is_linear=0
shrinkage=0.0238854


Tree=196
num_leaves=7
num_cat=0
split_feature=2 2 2 3 9 16
split_gain=13.3872 27.7752 53.8448 17.6232 10.2414 6.20366
threshold=10050.000000000002 7571.0000000000009 6515.5000000000009 15.500000000000002 5.734612883255898 -21796.414250021833
decision_type=2 2 2 2 2 2
left_child=1 2 4 -3 5 -1
right_child=-2 3 -4 -5 -6 -7
leaf_value=0.0085504618283900029 -0.023059047113916518 0.059998052772972404 -0.057325417261221187 0.0094441024917057137 0.033923262769976717 -0.016165100485025688
leaf_weight=20.999999999999996 11.999999999999998 6.9999999999999991 8.9999999999999982 8.9999999999999982 6.9999999999999991 8.0000000000000053
leaf_count=21 12 7 9 9 7 8
internal_value=6.55165e-07 0.00453929 -0.00506861 0.0315702 0.00799172 0.00172755
internal_weight=73 61 45 16 36 29
internal_count=73 61 45 16 36 29
is_linear=0
shrinkage=0.0238854


Tree=197
num_leaves=7
num_cat=0
split_feature=13 2 15 16 13 2
split_gain=13.2467 21.9168 13.2395 18.8762 9.94384 9.69043
threshold=1.5000000000000002 10050.000000000002 17.315304852445674 -36948.909722222212 11.500000000000002 5068.0000000000009
decision_type=2 2 2 2 2 2
left_child=-1 2 3 5 -5 -2
right_child=1 -3 -4 4 -6 -7
leaf_value=-0.028999951337275447 0.0060817522321577819 -0.027154604971388507 0.036281812190636607 0.032265281009289472 6.9559372155039413e-05 -0.025745565983209449
leaf_weight=7.9999999999999991 9.9999999999999947 10.999999999999998 8.9999999999999982 14.000000000000009 8.9999999999999982 11.999999999999998
leaf_count=8 10 11 9 14 9 12
internal_value=6.39536e-07 0.0035721 0.00983384 0.00454113 0.019673 -0.0112722
internal_weight=73 65 54 45 23 22
internal_count=73 65 54 45 23 22
is_linear=0
shrinkage=0.0238854


Tree=198
num_leaves=9
num_cat=0
split_feature=4 16 16 0 14 2 5 7
split_gain=13.0677 16.8086 37.2607 71.2313 9.94155 7.58551 5.94821 4.30223
threshold=86.731250000000017 -29443.073797678269 -41924.210224586284 5.851045336202076 4.6184922067606129 7571.0000000000009 31.500000000000004 0.19295901844660945
decision_type=2 2 2 2 2 2 2 2
left_child=1 2 5 -4 -3 7 -6 -1
right_child=-2 4 3 -5 6 -7 -8 -9
leaf_value=-0.0089598646750394875 -0.031028219429443032 -0.0039472349186354758 0.019728315903464619 -0.084591104727908775 0.015573999938319139 0.027430773582416246 0.044737162077961461 0.01453825385464071
leaf_weight=10.000000000000005 6.9999999999999991 7.0000000000000027 6.9999999999999991 7.9999999999999991 7.9999999999999991 9.9999999999999982 7.9999999999999991 7.9999999999999991
leaf_count=10 7 7 7 8 8 10 8 8
internal_value=6.24073e-07 0.00329369 -0.00551944 -0.0358994 0.0197765 0.0107505 0.0301643 0.00147597
internal_weight=73 66 43 15 23 28 16 18
internal_count=73 66 43 15 23 28 16 18
is_linear=0
shrinkage=0.0238854


Tree=199
num_leaves=8
num_cat=0
split_feature=1 4 2 12 9 6 4
split_gain=12.935 60.668 10.9012 10.107 8.82704 9.26267 19.3226
threshold=11.738888888888891 78.854261796042636 6743.5000000000009 146.50000000000003 5.2815995835890144 35.500000000000007 75.556421536077934
decision_type=2 2 2 2 2 2 2
left_child=1 -1 4 -4 5 6 -2
right_child=2 -3 3 -5 -6 -7 -8
leaf_value=0.019330879799271325 0.0061488186096492984 -0.062700762613959252 0.037493106991335665 5.1773639767902575e-05 0.016487318071476829 0.0081966002395282792 -0.049957208469465615
leaf_weight=12.000000000000002 7 8.9999999999999982 10.000000000000002 6.9999999999999991 10.999999999999998 10 7
leaf_count=12 7 9 10 7 11 10 7
internal_value=6.09154e-07 -0.0158189 0.00639194 0.0220843 -0.00122608 -0.00935055 -0.0218942
internal_weight=73 21 52 17 35 24 14
internal_count=73 21 52 17 35 24 14
is_linear=0
shrinkage=0.0238854


Tree=200
num_leaves=9
num_cat=0
split_feature=15 15 9 9 16 13 9 5
split_gain=12.5612 55.3647 19.8006 21.4086 7.30515 7.14955 6.87554 1.51133
threshold=16.717087458457673 15.700871947419392 5.2815995835890144 5.0248499808922675 -72229.209983766239 10.500000000000002 4.7715898892670117 34.500000000000007
decision_type=2 2 2 2 2 2 2 2
left_child=1 2 3 6 -2 7 -1 -4
right_child=4 -3 5 -5 -6 -7 -8 -9
leaf_value=-0.013215596091994476 0.0025453636604050736 -0.059611744332202919 0.02277012915794735 -0.041676943480813848 0.034844339388289944 0.0016695689111646294 0.01706010621546385 0.038043418033153149
leaf_weight=7.0000000000000062 7.9999999999999991 8.9999999999999982 7.0000000000000027 7.9999999999999991 7.9999999999999991 6.9999999999999991 10.999999999999998 7.9999999999999991
leaf_count=7 8 9 7 8 8 7 11 8
internal_value=7.31961e-07 -0.00524674 0.00494379 -0.00916399 0.0187036 0.021623 0.00527845 0.0309252
internal_weight=73 57 48 26 16 22 18 15
internal_count=73 57 48 26 16 22 18 15
is_linear=0
shrinkage=0.0238854


Tree=201
num_leaves=8
num_cat=0
split_feature=1 4 4 14 15 9 13
split_gain=12.4493 57.2822 9.32622 12.8274 10.3229 5.4505 4.39935
threshold=11.738888888888891 78.854261796042636 77.593788290797121 4.9235423855548683 12.046688210586407 5.5056499004316306 13.500000000000002
decision_type=2 2 2 2 2 2 2
left_child=1 -1 4 -4 -2 6 -5
right_child=2 -3 3 5 -6 -7 -8
leaf_value=0.018635740399232763 0.0073231402116219393 -0.061073806497363457 0.036187321238180754 -0.013645212445426311 -0.030488284227766525 0.020430967071548414 0.011038877225076607
leaf_weight=12.000000000000002 10.000000000000002 8.9999999999999982 9.9999999999999982 10.000000000000005 6.9999999999999991 7.9999999999999991 6.9999999999999991
leaf_count=12 10 9 10 10 7 8 7
internal_value=8.05709e-07 -0.0155188 0.00627105 0.0133223 -0.00823805 0.00417071 -0.00347295
internal_weight=73 21 52 35 17 25 17
internal_count=73 21 52 35 17 25 17
is_linear=0
shrinkage=0.0238854


Tree=202
num_leaves=8
num_cat=0
split_feature=0 0 4 9 13 5 1
split_gain=13.0201 34.893 57.0509 13.6882 12.6707 7.78153 6.03447
threshold=6.6698602708513919 7.1674896877929504 80.249206349206361 5.043123453161737 6.5000000000000009 27.500000000000004 13.03888888888889
decision_type=2 2 2 2 2 2 2
left_child=3 2 -2 5 -5 -1 -6
right_child=1 -3 -4 4 6 -7 -8
leaf_value=-0.027069584211899006 0.0059463544808811648 0.015848655021596623 -0.087410127203028501 0.042419468162387446 -0.0076757144127606401 0.0041599641487792939 0.021653341889004505
leaf_weight=7.0000000000000027 8.0000000000000018 12.999999999999998 6.9999999999999991 9.0000000000000018 7.9999999999999991 12.999999999999998 7.9999999999999991
leaf_count=7 8 13 7 9 8 13 8
internal_value=8.32715e-07 -0.0127853 -0.0376107 0.00795975 0.0197439 -0.00676339 0.00698007
internal_weight=73 28 15 45 25 20 16
internal_count=73 28 15 45 25 20 16
is_linear=0
shrinkage=0.0238854


Tree=203
num_leaves=8
num_cat=0
split_feature=0 0 9 9 13 12 1
split_gain=12.4052 33.2459 42.651 13.0421 12.0725 7.76435 5.74973
threshold=6.6698602708513919 7.1674896877929504 5.978446296391815 5.043123453161737 6.5000000000000009 129.50000000000003 13.03888888888889
decision_type=2 2 2 2 2 2 2
left_child=3 2 -2 5 -5 -1 -6
right_child=1 -3 -4 4 6 -7 -8
leaf_value=0.0068500447014138528 0.0063267693890687688 0.015470104417198266 -0.074388631131874383 0.041406264145714328 -0.0074923776656016195 -0.02305820599239989 0.021136144115064009
leaf_weight=11.000000000000002 7.0000000000000027 12.999999999999998 7.9999999999999991 9.0000000000000018 7.9999999999999991 8.9999999999999982 7.9999999999999991
leaf_count=11 7 13 8 9 8 9 8
internal_value=8.58034e-07 -0.0124797 -0.0367121 0.00776963 0.0192723 -0.00660168 0.00681314
internal_weight=73 28 15 45 25 20 16
internal_count=73 28 15 45 25 20 16
is_linear=0
shrinkage=0.0238854


Tree=204
num_leaves=8
num_cat=0
split_feature=15 1 2 0 5 9 9
split_gain=12.7922 51.5532 15.7883 15.1695 7.37476 5.438 2.09507
threshold=16.717087458457673 11.738888888888891 6743.5000000000009 5.851045336202076 31.500000000000004 6.2553503672786421 5.0248499808922675
decision_type=2 2 2 2 2 2 2
left_child=1 -1 3 6 -4 -2 -3
right_child=5 2 4 -5 -6 -7 -8
leaf_value=-0.054541857750382151 0.032802840963299988 0.0027540555046768633 0.0097130395726913264 -0.025527503659766367 0.043311853924646884 0.0049293930617171997 0.018977895140059393
leaf_weight=9.9999999999999982 7.9999999999999991 13.000000000000002 7.9999999999999982 11.999999999999998 7 7.9999999999999991 6.9999999999999991
leaf_count=10 8 13 8 12 7 8 7
internal_value=8.83624e-07 -0.00529463 0.00518054 -0.00429382 0.0254018 0.0188749 0.0084394
internal_weight=73 57 47 32 15 16 20
internal_count=73 57 47 32 15 16 20
is_linear=0
shrinkage=0.0238854


Tree=205
num_leaves=8
num_cat=0
split_feature=15 15 15 15 2 7 15
split_gain=12.1884 51.3727 6.35601 15.6017 12.5033 11.757 4.22893
threshold=16.717087458457673 15.700871947419392 12.650261613192553 14.244982027035887 6515.5000000000009 0.21853337673926501 18.739423419356694
decision_type=2 2 2 2 2 2 2
left_child=1 2 4 -4 5 -1 -2
right_child=6 -3 3 -5 -6 -7 -8
leaf_value=-0.010816303993651558 0.029256721719886743 -0.057536412575108817 -0.028810520746573143 0.015659398432076459 0.039335121890987264 0.024172808542945394 0.0044767735155461967
leaf_weight=14.000000000000005 8.9999999999999982 8.9999999999999982 9.0000000000000018 8.9999999999999982 6.9999999999999991 8.9999999999999982 6.9999999999999991
leaf_count=14 9 9 9 9 7 9 7
internal_value=1e-06 -0.00516798 0.00464819 -0.00656779 0.0113824 0.00286901 0.0184242
internal_weight=73 57 48 18 30 23 16
internal_count=73 57 48 18 30 23 16
is_linear=0
shrinkage=0.0238854


Tree=206
num_leaves=8
num_cat=0
split_feature=15 15 16 2 2 5 16
split_gain=11.6133 48.948 15.4858 11.0712 9.92702 18.435 6.52627
threshold=16.717087458457673 15.700871947419392 -36948.909722222212 5068.0000000000009 3429.5000000000005 31.500000000000004 -72229.209983766239
decision_type=2 2 2 2 2 2 2
left_child=1 2 3 -1 -4 -6 -2
right_child=6 -3 4 -5 5 -7 -8
leaf_value=0.0043803555465430251 0.0027106068493573613 -0.056162136808553947 -0.0065343542182008758 -0.034225640324904785 0.0032603689228158017 0.047185051764511557 0.033240659367415354
leaf_weight=8.9999999999999982 7.9999999999999991 8.9999999999999982 9.0000000000000053 7.9999999999999991 12.000000000000002 9.9999999999999982 7.9999999999999991
leaf_count=9 8 9 9 8 12 10 8
internal_value=1.02176e-06 -0.00504449 0.00453716 -0.0137789 0.014586 0.0232325 0.0179844
internal_weight=73 57 48 17 31 22 16
internal_count=73 57 48 17 31 22 16
is_linear=0
shrinkage=0.0238854


Tree=207
num_leaves=9
num_cat=0
split_feature=0 3 14 9 3 13 14 15
split_gain=12.1276 36.4483 68.016 11.7357 13.8768 11.1147 9.01954 6.83838
threshold=6.6698602708513919 13.500000000000002 5.3217061301901731 5.043123453161737 14.500000000000002 6.5000000000000009 5.1713973998222338 14.727536933251391
decision_type=2 2 2 2 2 2 2 2
left_child=3 -2 7 4 -1 -5 -7 -3
right_child=1 2 -4 5 -6 6 -8 -9
leaf_value=0.010286328486872314 0.034853180120963265 0.01901160974384709 -0.088868354619355258 0.039831701531446516 -0.030321511165838408 0.022460381085336118 -0.013683523261172732 -0.014372380035797357
leaf_weight=12.000000000000002 7.0000000000000027 7.0000000000000018 6.9999999999999991 9.0000000000000018 7.9999999999999991 8.9999999999999982 6.9999999999999991 7
leaf_count=12 7 7 7 9 8 9 7 7
internal_value=1.04321e-06 -0.012339 -0.0280764 0.0076824 -0.00594982 0.0185938 0.00663868 0.00230962
internal_weight=73 28 21 45 20 25 16 14
internal_count=73 28 21 45 20 25 16 14
is_linear=0
shrinkage=0.0238854


Tree=208
num_leaves=9
num_cat=0
split_feature=13 13 9 5 9 6 14 13
split_gain=11.7915 12.8271 17.6566 26.9041 7.35304 18.6433 12.2634 6.85695
threshold=1.5000000000000002 16.500000000000004 5.2145751236227573 27.500000000000004 6.0309144207517624 17.500000000000004 5.2415234793469603 6.5000000000000009
decision_type=2 2 2 2 2 2 2 2
left_child=-1 2 3 -2 5 -4 -6 -5
right_child=1 -3 4 7 6 -7 -8 -9
leaf_value=-0.027360258333506672 -0.043988206248266833 -0.023092919161825941 0.056071212362814621 0.027635767187352226 0.025071431485126205 0.0071327948150145537 -0.017075735384881708 -0.0057832346742943469
leaf_weight=7.9999999999999991 8.0000000000000018 8.9999999999999982 8.0000000000000018 6.9999999999999982 8.9999999999999982 9.9999999999999982 6.9999999999999991 7
leaf_count=8 8 9 8 7 9 10 7 7
internal_value=1.01781e-06 0.00337071 0.0076263 -0.00904264 0.0184162 0.028891 0.0066233 0.0109163
internal_weight=73 65 56 22 34 18 16 14
internal_count=73 65 56 22 34 18 16 14
is_linear=0
shrinkage=0.0238854


Tree=209
num_leaves=9
num_cat=0
split_feature=0 3 14 16 15 15 4 15
split_gain=11.8736 34.4585 63.8482 8.38349 13.8477 9.34943 8.14034 5.35808
threshold=6.6698602708513919 13.500000000000002 5.3217061301901731 -36948.909722222212 16.339963831669603 12.429345842531932 82.11041666666668 12.429345842531932
decision_type=2 2 2 2 2 2 2 2
left_child=3 -2 6 4 5 -1 -3 -5
right_child=1 2 -4 7 -6 -7 -8 -9
leaf_value=0.0086523531106595091 0.033676346737176614 0.020151084978451948 -0.086410995760257792 0.009815179972149474 0.023374221675392593 -0.026647102216954481 -0.016273418340254101 0.036571655695164358
leaf_weight=7.0000000000000062 7.0000000000000027 7.0000000000000018 6.9999999999999991 11.000000000000002 8.9999999999999982 10.999999999999998 7 6.9999999999999991
leaf_count=7 7 7 7 11 9 11 7 7
internal_value=9.02305e-07 -0.0122093 -0.0275111 0.00760145 -0.000811252 -0.0129118 0.00192884 0.0202283
internal_weight=73 28 21 45 27 18 14 18
internal_count=73 28 21 45 27 18 14 18
is_linear=0
shrinkage=0.0238854


Tree=210
num_leaves=8
num_cat=0
split_feature=6 3 5 7 13 7 5
split_gain=11.8475 55.1655 59.3717 7.74343 7.731 2.82618 1.87075
threshold=17.500000000000004 13.500000000000002 35.500000000000007 0.16096269233719376 4.5000000000000009 0.19295901844660945 28.500000000000004
decision_type=2 2 2 2 2 2 2
left_child=1 -1 -3 -2 -5 -6 -7
right_child=3 2 -4 4 5 6 -8
leaf_value=0.024637553484732223 -0.012754164955888898 -0.094337714122765245 0.0040195649309437854 0.029910532555176898 -0.0065523538096356124 0.0029155630967593921 0.017545310889698768
leaf_weight=12.000000000000002 8.9999999999999982 6.9999999999999982 7 9.9999999999999982 8.0000000000000018 10.000000000000002 9.9999999999999982
leaf_count=12 9 7 7 10 8 10 10
internal_value=9.72299e-07 -0.0129345 -0.0451491 0.00715974 0.0118799 0.00543536 0.0102374
internal_weight=73 26 14 47 38 28 20
internal_count=73 26 14 47 38 28 20
is_linear=0
shrinkage=0.0238854


Tree=211
num_leaves=7
num_cat=0
split_feature=16 15 16 15 5 0
split_gain=11.3262 77.2255 15.737 7.5372 12.2979 6.36792
threshold=-49911.005128570388 16.102652759067745 -36948.909722222212 10.430615369755166 31.500000000000004 5.7262766407371677
decision_type=2 2 2 2 2 2
left_child=5 2 -2 -4 -5 -1
right_child=1 -3 3 4 -6 -7
leaf_value=-0.0019426675297273303 -0.016888287828790711 -0.07424137737248758 -0.00082200293899955851 0.0061298747343727523 0.042745278538974744 0.025126540410322491
leaf_weight=8.0000000000000018 11.999999999999998 7.9999999999999991 10.999999999999998 11.000000000000002 9.9999999999999982 12.999999999999998
leaf_count=8 12 8 11 11 10 13
internal_value=9.94788e-07 -0.00597599 0.00643273 0.0151825 0.0235725 0.0148078
internal_weight=73 52 44 32 21 21
internal_count=73 52 44 32 21 21
is_linear=0
shrinkage=0.0238854


Tree=212
num_leaves=9
num_cat=0
split_feature=0 3 14 2 5 5 14 0
split_gain=11.0534 31.3558 60.3083 22.2035 8.16639 15.5171 9.28645 5.60873
threshold=6.6698602708513919 13.500000000000002 5.3217061301901731 8644.5000000000018 28.500000000000004 24.500000000000004 4.9696766989752357 5.9787148678985123
decision_type=2 2 2 2 2 2 2 2
left_child=4 -2 3 -3 5 -1 -6 -8
right_child=1 2 -4 -5 6 -7 7 -9
leaf_value=0.017152693534284114 0.031990711120621532 0.032324466627203535 -0.083620704743857674 -0.027834049752414405 0.035045599119031198 -0.029886816554225794 -0.0044998684216907376 0.021312787288085201
leaf_weight=7.9999999999999991 7.0000000000000027 7.0000000000000018 6.9999999999999991 7 9.0000000000000018 7.9999999999999991 12.000000000000002 7.9999999999999991
leaf_count=8 7 7 7 7 9 8 12 8
internal_value=8.79236e-07 -0.0117799 -0.0263768 0.00223522 0.00733426 -0.00635832 0.0148936 0.0058182
internal_weight=73 28 21 14 45 16 29 20
internal_count=73 28 21 14 45 16 29 20
is_linear=0
shrinkage=0.0238854


Tree=213
num_leaves=7
num_cat=0
split_feature=13 7 15 4 7 9
split_gain=10.7854 19.9788 20.5233 10.7062 15.4175 3.99389
threshold=1.5000000000000002 0.23902979260916629 16.717087458457673 85.790277777777803 0.22298969960683421 5.0744934425524955
decision_type=2 2 2 2 2 2
left_child=-1 3 -3 4 5 -2
right_child=1 2 -4 -5 -6 -7
leaf_value=-0.026167020805348287 -0.0072452309320590802 -0.03639333866655238 0.011312361415708102 0.037371374006996909 0.036058600001952913 0.012721532728878961
leaf_weight=7.9999999999999991 20.000000000000004 12.000000000000002 8.9999999999999982 7.9999999999999991 7.9999999999999991 7.9999999999999991
leaf_count=8 20 12 9 8 8 8
internal_value=8.58592e-07 0.00322368 -0.0159414 0.0123738 0.00681491 -0.00153544
internal_weight=73 65 21 44 36 28
internal_count=73 65 21 44 36 28
is_linear=0
shrinkage=0.0238854


Tree=214
num_leaves=8
num_cat=0
split_feature=1 15 4 2 14 2 2
split_gain=11.0097 46.759 7.98047 9.54635 9.35232 6.01404 4.3176
threshold=11.738888888888891 16.717087458457673 77.593788290797121 5068.0000000000009 4.9235423855548683 4773.5000000000009 7126.5000000000009
decision_type=2 2 2 2 2 2 2
left_child=1 -1 3 -2 -4 -6 -7
right_child=2 -3 4 -5 5 6 -8
leaf_value=-0.051978626430458759 0.0093401610723151431 0.019379679606667269 0.031944831310021425 -0.026512768836153219 -0.01246375274549138 0.025413895091827787 0.0012802605407319541
leaf_weight=10.000000000000002 9.0000000000000018 10.999999999999998 9.9999999999999982 7.9999999999999991 8.0000000000000018 8.0000000000000018 8.9999999999999982
leaf_count=10 9 11 10 8 8 8 9
internal_value=8.38129e-07 -0.0145938 0.00589752 -0.00752358 0.0124203 0.00460494 0.0126455
internal_weight=73 21 52 17 35 25 17
internal_count=73 21 52 17 35 25 17
is_linear=0
shrinkage=0.0238854


Tree=215
num_leaves=8
num_cat=0
split_feature=6 3 5 7 10 7 1
split_gain=11.038 50.7889 53.953 6.90223 6.19481 3.55688 2.22987
threshold=17.500000000000004 13.500000000000002 35.500000000000007 0.16096269233719376 65.500000000000014 0.19295901844660945 13.357520891364905
decision_type=2 2 2 2 2 2 2
left_child=1 -1 -3 -2 5 -5 -7
right_child=3 2 -4 4 -6 6 -8
leaf_value=0.023565785788418003 -0.011889855248432573 -0.090285435087916685 0.0034750242866688564 -0.0075538201929383755 0.028682738465468718 0.016658039371774732 0.00012699170800996673
leaf_weight=12.000000000000002 8.9999999999999982 6.9999999999999982 7 8.0000000000000018 8.9999999999999982 14.000000000000002 6.9999999999999991
leaf_count=12 9 7 7 8 9 14 7
internal_value=8.63613e-07 -0.0124848 -0.0433952 0.00691079 0.0113673 0.00598865 0.0111544
internal_weight=73 26 14 47 38 29 21
internal_count=73 26 14 47 38 29 21
is_linear=0
shrinkage=0.0238854


Tree=216
num_leaves=8
num_cat=0
split_feature=15 16 16 2 5 2 2
split_gain=10.6912 73.4034 11.4081 9.79931 13.7223 8.85415 1.75037
threshold=16.102652759067745 -49911.005128570388 -36948.909722222212 3429.5000000000005 28.500000000000004 5068.0000000000009 8963.5000000000018
decision_type=2 2 2 2 2 2 2
left_child=2 6 5 -4 -5 -1 -2
right_child=1 -3 3 4 -6 -7 -8
leaf_value=0.0068078662660811355 0.010580068198706974 -0.071634391833166319 -0.0064050023327945401 0.0036985534302859399 0.040647355511748536 -0.025840130935436079 0.027516418868876624
leaf_weight=10.000000000000002 7.0000000000000018 7.9999999999999991 8.9999999999999982 11.000000000000002 11.999999999999998 8.9999999999999982 7
leaf_count=10 7 8 9 11 12 9 7
internal_value=8.88776e-07 -0.0139145 0.00600637 0.0147127 0.0229823 -0.00864962 0.0190582
internal_weight=73 22 51 32 23 19 14
internal_count=73 22 51 32 23 19 14
is_linear=0
shrinkage=0.0238854


Tree=217
num_leaves=8
num_cat=0
split_feature=4 15 12 7 14 0 5
split_gain=10.6523 11.0773 28.8417 57.8058 10.2215 6.44814 5.54847
threshold=86.731250000000017 12.650261613192553 140.50000000000003 0.21093369021437844 4.4115454154624478 6.4149640557327627 30.500000000000004
decision_type=2 2 2 2 2 2 2
left_child=1 4 3 -3 -1 -6 -4
right_child=-2 2 6 -5 5 -7 -8
leaf_value=-0.011097386791095417 -0.028013761111842197 0.015537264127809289 0.026894654142724631 -0.075251569006292832 0.011254859763573974 0.037577599279125302 0.0020713292325530339
leaf_weight=7.0000000000000027 6.9999999999999991 7.9999999999999991 9.0000000000000018 7.9999999999999991 13.000000000000002 8.9999999999999982 11.999999999999998
leaf_count=7 7 8 9 8 13 9 12
internal_value=9.13316e-07 0.00297429 -0.00568614 -0.0298484 0.0140286 0.0220296 0.0127166
internal_weight=73 66 37 16 29 22 21
internal_count=73 66 37 16 29 22 21
is_linear=0
shrinkage=0.0238854


Tree=218
num_leaves=7
num_cat=0
split_feature=13 7 16 4 7 9
split_gain=10.3062 17.2713 17.1169 9.84536 14.4124 3.54657
threshold=1.5000000000000002 0.23902979260916629 -41924.210224586284 85.790277777777803 0.22298969960683421 5.0744934425524955
decision_type=2 2 2 2 2 2
left_child=-1 3 -3 4 5 -2
right_child=1 2 -4 -5 -6 -7
leaf_value=-0.025578986325482413 -0.0071259691716431513 0.010220773012751235 -0.033345503851498898 0.035630611844307929 0.034602743700739909 0.011688966873157855
leaf_weight=7.9999999999999991 20.000000000000004 9.0000000000000018 11.999999999999998 7.9999999999999991 7.9999999999999991 7.9999999999999991
leaf_count=8 20 9 12 8 8 8
internal_value=9.37307e-07 0.00315139 -0.0146676 0.0116591 0.00632818 -0.00174527
internal_weight=73 65 21 44 36 28
internal_count=73 65 21 44 36 28
is_linear=0
shrinkage=0.0238854


Tree=219
num_leaves=9
num_cat=0
split_feature=4 16 16 0 13 15 15 10
split_gain=10.4538 11.4288 29.9592 57.9139 7.61098 7.3935 5.6139 1.89737
threshold=86.731250000000017 -29443.073797678269 -41924.210224586284 5.851045336202076 11.500000000000002 16.339963831669603 10.430615369755166 58.500000000000007
decision_type=2 2 2 2 2 2 2 2
left_child=1 2 5 -4 6 7 -3 -1
right_child=-2 4 3 -5 -6 -7 -8 -9
leaf_value=0.0067869493875476064 -0.027751473231573918 0.0095581231707644043 0.018595588974167146 -0.075466924743390992 -0.0042177653295041124 0.023453145549121566 0.038110314872139409 -0.010238326760239011
leaf_weight=8.0000000000000018 6.9999999999999991 7.0000000000000062 6.9999999999999991 7.9999999999999991 6.9999999999999991 12.999999999999998 8.9999999999999982 6.9999999999999991
leaf_count=8 7 7 7 8 7 13 9 7
internal_value=9.14833e-07 0.00294647 -0.0043202 -0.0315618 0.0165381 0.0102685 0.0256275 -0.00114885
internal_weight=73 66 43 15 23 28 16 15
internal_count=73 66 43 15 23 28 16 15
is_linear=0
shrinkage=0.0238854


Tree=220
num_leaves=7
num_cat=0
split_feature=2 2 2 3 9 16
split_gain=10.4002 21.6195 41.5836 14.5413 6.5338 5.61836
threshold=10050.000000000002 7571.0000000000009 6515.5000000000009 15.500000000000002 5.734612883255898 -21796.414250021833
decision_type=2 2 2 2 2 2
left_child=1 2 4 -3 5 -1
right_child=-2 3 -4 -5 -6 -7
leaf_value=0.0084908070724814995 -0.020323772311261253 0.053672499634410946 -0.050398267548154775 0.0077499025732146792 0.027715307971191722 -0.015029493232543415
leaf_weight=20.999999999999996 11.999999999999998 6.9999999999999991 8.9999999999999982 8.9999999999999982 6.9999999999999991 8.0000000000000053
leaf_count=21 12 7 9 9 7 8
internal_value=8.93119e-07 0.00400148 -0.00447481 0.0278498 0.00700217 0.00199762
internal_weight=73 61 45 16 36 29
internal_count=73 61 45 16 36 29
is_linear=0
shrinkage=0.0238854


Tree=221
num_leaves=8
num_cat=0
split_feature=6 3 12 7 13 7 9
split_gain=10.4137 46.145 22.3472 6.27535 6.57529 3.03992 0.412405
threshold=17.500000000000004 13.500000000000002 140.50000000000003 0.16096269233719376 4.5000000000000009 0.19295901844660945 5.6410425748246951
decision_type=2 2 2 2 2 2 2
left_child=1 -1 -3 -2 -5 -6 -7
right_child=3 2 -4 4 5 6 -8
leaf_value=0.022236001188709081 -0.011213508523257145 -0.071771064305045748 -0.011389041492669429 0.027590632135552212 -0.0074156383939456595 0.0057660208362135396 0.012808725614635271
leaf_weight=12.000000000000002 8.9999999999999982 6.9999999999999982 7 9.9999999999999982 8.0000000000000018 8.0000000000000018 11.999999999999998
leaf_count=12 9 7 7 10 8 8 12
internal_value=8.71441e-07 -0.0121265 -0.0415901 0.00671261 0.010962 0.00501814 0.00999864
internal_weight=73 26 14 47 38 28 20
internal_count=73 26 14 47 38 28 20
is_linear=0
shrinkage=0.0238854


Tree=222
num_leaves=7
num_cat=0
split_feature=15 3 9 9 4 5
split_gain=10.3034 62.4581 14.8456 15.5344 6.02095 4.0812
threshold=16.102652759067745 14.500000000000002 5.2815995835890144 5.0248499808922675 81.907452647012221 28.500000000000004
decision_type=2 2 2 2 2 2
left_child=2 -2 3 4 -1 -4
right_child=1 -3 5 -5 -6 -7
leaf_value=-0.0047594033510774281 0.019817995263037798 -0.062032448157873142 0.0088402499523119529 -0.034172744771428107 0.023108485219593761 0.028631513928018836
leaf_weight=12.000000000000005 13.000000000000002 8.9999999999999982 11.000000000000002 7.9999999999999991 6.9999999999999991 12.999999999999998
leaf_count=12 13 9 11 8 7 13
internal_value=8.05074e-07 -0.0136599 0.00589641 -0.00624946 0.00550036 0.0195664
internal_weight=73 22 51 27 19 24
internal_count=73 22 51 27 19 24
is_linear=0
shrinkage=0.0238854


Tree=223
num_leaves=7
num_cat=0
split_feature=2 2 2 15 9 16
split_gain=9.94102 19.8411 38.235 9.46113 6.29976 5.11426
threshold=10050.000000000002 7571.0000000000009 6515.5000000000009 15.053099306027722 5.734612883255898 -21796.414250021833
decision_type=2 2 2 2 2 2
left_child=1 2 4 -3 5 -1
right_child=-2 3 -4 -5 -6 -7
leaf_value=0.0080781636729145116 -0.019870137051703939 0.0083698377149548468 -0.048243660759875566 0.045129733951424708 0.027135834208143264 -0.01436212069173658
leaf_weight=20.999999999999996 11.999999999999998 7.9999999999999991 8.9999999999999982 7.9999999999999991 6.9999999999999991 8.0000000000000053
leaf_count=21 12 8 9 8 7 8
internal_value=7.85513e-07 0.00391212 -0.00420795 0.0267585 0.0067971 0.00188291
internal_weight=73 61 45 16 36 29
internal_count=73 61 45 16 36 29
is_linear=0
shrinkage=0.0238854


Tree=224
num_leaves=9
num_cat=0
split_feature=4 16 16 1 14 15 9 2
split_gain=9.88499 10.6685 27.5995 59.9437 8.0233 7.07868 3.00823 1.79114
threshold=86.731250000000017 -29443.073797678269 -41924.210224586284 12.563888888888892 4.6184922067606129 16.339963831669603 5.6410425748246951 5068.0000000000009
decision_type=2 2 2 2 2 2 2 2
left_child=1 2 5 -4 -3 7 -6 -1
right_child=-2 4 3 -5 6 -7 -8 -9
leaf_value=0.0074878117541982807 -0.02698596698316243 -0.0053148330901745117 -0.074970703696465801 0.020726969702597655 0.037088560582266672 0.022747630811068911 0.016168065464666852 -0.0090534839095893806
leaf_weight=7.0000000000000027 6.9999999999999991 7.0000000000000027 7.9999999999999982 7 6.9999999999999991 12.999999999999998 8.9999999999999982 7.9999999999999991
leaf_count=7 7 7 8 7 7 13 9 8
internal_value=7.66938e-07 0.00286512 -0.00415561 -0.0303025 0.0159969 0.00984665 0.0253295 -0.00132489
internal_weight=73 66 43 15 23 28 16 15
internal_count=73 66 43 15 23 28 16 15
is_linear=0
shrinkage=0.0238854


Tree=225
num_leaves=9
num_cat=0
split_feature=6 3 5 2 16 6 14 2
split_gain=9.68234 42.1324 47.8165 6.71795 4.35483 2.65821 4.77399 1.77291
threshold=17.500000000000004 13.500000000000002 35.500000000000007 4569.0000000000009 -21796.414250021833 35.500000000000007 5.2999699516937158 6515.5000000000009
decision_type=2 2 2 2 2 2 2 2
left_child=1 -1 -3 -2 5 7 -7 -5
right_child=3 2 -4 4 -6 6 -8 -9
leaf_value=0.02114123122101208 -0.0098569720928021898 -0.083989915293019399 0.0042769658873300382 0.0091696630338718721 0.028381994052506822 0.028812152926409675 0.00089508449790221781 -0.0072893484594994005
leaf_weight=12.000000000000002 10.999999999999998 6.9999999999999982 7 6.9999999999999973 7.0000000000000027 7 7 7.9999999999999991
leaf_count=12 11 7 7 7 7 7 7 8
internal_value=7.48662e-07 -0.0116929 -0.0398465 0.00647258 0.011466 0.00737806 0.0148636 0.000382197
internal_weight=73 26 14 47 36 29 14 15
internal_count=73 26 14 47 36 29 14 15
is_linear=0
shrinkage=0.0238854


Tree=226
num_leaves=8
num_cat=0
split_feature=15 16 9 9 14 4 5
split_gain=9.675 62.1682 13.6498 14.13 11.6449 5.65108 4.13913
threshold=16.102652759067745 -49911.005128570388 5.2815995835890144 5.0248499808922675 5.2415234793469603 81.907452647012221 28.500000000000004
decision_type=2 2 2 2 2 2 2
left_child=2 4 3 5 -2 -1 -4
right_child=1 -3 6 -5 -6 -7 -8
leaf_value=-0.0046659414321283269 0.038893270612009263 -0.066356034385259693 0.008020498105271421 -0.032563689974221474 -0.0046588347555742322 0.022332264377986639 0.027950516810067175
leaf_weight=12.000000000000005 7.0000000000000018 7.9999999999999991 11.000000000000002 7.9999999999999991 7 6.9999999999999991 12.999999999999998
leaf_count=12 7 8 11 8 7 7 13
internal_value=8.22118e-07 -0.0132367 0.00571387 -0.00593241 0.0171072 0.00527341 0.0188218
internal_weight=73 22 51 27 14 19 24
internal_count=73 22 51 27 14 19 24
is_linear=0
shrinkage=0.0238854


Tree=227
num_leaves=7
num_cat=0
split_feature=2 2 2 16 9 16
split_gain=9.44746 18.7686 34.7276 7.71711 5.75261 4.67291
threshold=10050.000000000002 7571.0000000000009 6515.5000000000009 -34032.315972222241 5.734612883255898 -21796.414250021833
decision_type=2 2 2 2 2 2
left_child=1 2 4 -3 5 -1
right_child=-2 3 -4 -5 -6 -7
leaf_value=0.0076302782747522061 -0.019370562323315264 0.044850263847226512 -0.04605114446604032 0.011383952601831388 0.025839740062017284 -0.013819904682598716
leaf_weight=20.999999999999996 11.999999999999998 6.9999999999999991 8.9999999999999982 8.9999999999999982 6.9999999999999991 8.0000000000000053
leaf_count=21 12 7 9 9 7 8
internal_value=7.56741e-07 0.0038138 -0.00408368 0.0260342 0.0064043 0.00170816
internal_weight=73 61 45 16 36 29
internal_count=73 61 45 16 36 29
is_linear=0
shrinkage=0.0238854


Tree=228
num_leaves=7
num_cat=0
split_feature=4 5 15 15 6 2
split_gain=9.26813 9.93824 12.3562 21.2765 45.6604 2.29539
threshold=86.731250000000017 37.500000000000007 11.716637422794387 16.717087458457673 26.500000000000004 3429.5000000000005
decision_type=2 2 2 2 2 2
left_child=1 2 5 4 -4 -1
right_child=-2 -3 3 -5 -6 -7
leaf_value=0.0054368231938835155 -0.026130334861478328 0.021489782134968077 -0.064991424268430964 0.016736752643717445 0.002250316095111244 0.023704268054799197
leaf_weight=6.9999999999999991 6.9999999999999991 12.999999999999998 9.0000000000000018 11.999999999999998 15.999999999999998 8.9999999999999982
leaf_count=7 7 13 9 12 16 9
internal_value=7.38472e-07 0.00277434 -0.0018136 -0.00939992 -0.0219511 0.015721
internal_weight=73 66 53 37 25 16
internal_count=73 66 53 37 25 16
is_linear=0
shrinkage=0.0238854


Tree=229
num_leaves=8
num_cat=0
split_feature=13 7 16 5 2 16 7
split_gain=9.4817 16.0253 12.4186 9.27692 9.69401 6.03017 2.82096
threshold=1.5000000000000002 0.31504239128764294 -36948.909722222212 28.500000000000004 6381.5000000000009 -45774.662560662924 0.19295901844660945
decision_type=2 2 2 2 2 2 2
left_child=-1 2 5 -4 -5 6 -2
right_child=1 -3 3 4 -6 -7 -8
leaf_value=-0.024534464606475081 -0.0029507671063034213 -0.024787622827095585 0.0021223886510940986 0.011133777872343951 0.047297601667491092 -0.017089011756541057 0.017256028418060291
leaf_weight=7.9999999999999991 9.0000000000000053 9.9999999999999982 11.000000000000005 8.0000000000000018 8.9999999999999982 10.999999999999995 6.9999999999999991
leaf_count=8 9 10 11 8 9 11 7
internal_value=8.12272e-07 0.00302269 0.00808166 0.0192277 0.0302876 -0.00347199 0.00588097
internal_weight=73 65 55 28 17 27 16
internal_count=73 65 55 28 17 27 16
is_linear=0
shrinkage=0.0238854


Tree=230
num_leaves=8
num_cat=0
split_feature=0 0 4 9 12 2 4
split_gain=9.23044 27.1681 38.1052 8.04421 9.07359 5.09555 3.73741
threshold=6.6698602708513919 7.1674896877929504 80.249206349206361 5.5056499004316306 129.50000000000003 6381.5000000000009 79.661208205280133
decision_type=2 2 2 2 2 2 2
left_child=3 2 -2 4 -1 -6 -5
right_child=1 -3 -4 6 5 -7 -8
leaf_value=0.013438221883995674 0.0029232341090742794 0.014500834154854713 -0.073369614005514644 0.0090826087401231284 -0.00078426782790253944 -0.028707624805982754 0.031549079735731997
leaf_weight=13.000000000000002 8.0000000000000018 12.999999999999998 6.9999999999999991 9.0000000000000018 7.9999999999999982 7 7.9999999999999991
leaf_count=13 8 13 7 9 8 7 8
internal_value=7.4739e-07 -0.0107647 -0.0326708 0.00670235 -0.00116181 -0.0138245 0.0196633
internal_weight=73 28 15 45 28 15 17
internal_count=73 28 15 45 28 15 17
is_linear=0
shrinkage=0.0238854


Tree=231
num_leaves=8
num_cat=0
split_feature=0 0 4 10 9 0 7
split_gain=8.79451 25.8856 36.307 8.48583 11.4142 10.1691 0.390982
threshold=6.6698602708513919 7.1674896877929504 80.249206349206361 65.500000000000014 5.6410425748246951 5.5560033067975043 0.18435942582878781
decision_type=2 2 2 2 2 2 2
left_child=3 2 -2 4 5 6 -1
right_child=1 -3 -4 -5 -6 -7 -8
leaf_value=0.0021290782595103602 0.0028534105719364585 0.014154476299485163 -0.071617155464409027 0.030710299641162939 0.020242917830918705 -0.024537515581045471 0.010142957484529576
leaf_weight=7.0000000000000018 8.0000000000000018 12.999999999999998 6.9999999999999991 6.9999999999999991 12.999999999999998 10.999999999999998 7
leaf_count=7 8 13 7 7 13 11 7
internal_value=7.75132e-07 -0.0105073 -0.0318902 0.00654226 0.00208656 -0.00734915 0.00614601
internal_weight=73 28 15 45 38 25 14
internal_count=73 28 15 45 38 25 14
is_linear=0
shrinkage=0.0238854


Tree=232
num_leaves=7
num_cat=0
split_feature=2 2 2 3 9 16
split_gain=8.92255 17.8182 31.7498 12.0011 5.03614 4.56919
threshold=10050.000000000002 7571.0000000000009 6515.5000000000009 15.500000000000002 5.734612883255898 -21796.414250021833
decision_type=2 2 2 2 2 2
left_child=1 2 4 -3 5 -1
right_child=-2 3 -4 -5 -6 -7
leaf_value=0.0075015378870847537 -0.018824529907417755 0.048816495856154517 -0.044116190995366886 0.0070953467725247688 0.024224795475032736 -0.013709275353224689
leaf_weight=20.999999999999996 11.999999999999998 6.9999999999999991 8.9999999999999982 8.9999999999999982 6.9999999999999991 8.0000000000000053
leaf_count=21 12 7 9 9 7 8
internal_value=8.94007e-07 0.00370655 -0.00398832 0.0253571 0.00603977 0.00164545
internal_weight=73 61 45 16 36 29
internal_count=73 61 45 16 36 29
is_linear=0
shrinkage=0.0238854


Tree=233
num_leaves=8
num_cat=0
split_feature=1 4 15 4 9 1 15
split_gain=8.95267 36.6184 6.52607 11.7192 8.06326 7.20136 2.75219
threshold=11.738888888888891 78.854261796042636 10.430615369755166 85.790277777777803 5.043123453161737 12.675872507122508 15.053099306027722
decision_type=2 2 2 2 2 2 2
left_child=1 -1 -2 4 5 -4 -6
right_child=2 -3 3 -5 6 -7 -8
leaf_value=0.014146291754802923 -0.013170807539618717 -0.049583257000033111 -0.026840466887417241 0.037471632101667124 0.0074246437631399912 0.0047380812818668813 0.026294312505248725
leaf_weight=12.000000000000002 8.9999999999999982 8.9999999999999982 7.0000000000000027 6.9999999999999991 12.000000000000002 9.9999999999999982 6.9999999999999991
leaf_count=12 9 9 7 7 12 10 7
internal_value=8.72753e-07 -0.0131597 0.00531842 0.00919151 0.00368871 -0.00825663 0.014384
internal_weight=73 21 52 43 36 17 19
internal_count=73 21 52 43 36 17 19
is_linear=0
shrinkage=0.0238854


Tree=234
num_leaves=8
num_cat=0
split_feature=15 3 14 5 2 10 1
split_gain=8.54001 52.726 4.8481 8.34628 9.31699 8.45519 1.99986
threshold=16.102652759067745 14.500000000000002 5.5500401752715982 28.500000000000004 6743.5000000000009 58.500000000000007 12.675872507122508
decision_type=2 2 2 2 2 2 2
left_child=2 -2 3 5 6 -1 -5
right_child=1 -3 -4 4 -6 -7 -8
leaf_value=-0.022107858970208425 0.018322847841366927 -0.056880564194005508 -0.013087054633439092 -0.0022867094053873284 0.0388555832180974 0.0095902860896018537 0.014720525105293446
leaf_weight=8.0000000000000018 13.000000000000002 8.9999999999999982 6.9999999999999991 7.0000000000000062 7.9999999999999991 11.999999999999998 8.9999999999999982
leaf_count=8 13 9 7 7 8 12 9
internal_value=8.97833e-07 -0.0124358 0.00536851 0.0083078 0.0178051 -0.00308198 0.00727112
internal_weight=73 22 51 44 24 20 16
internal_count=73 22 51 44 24 20 16
is_linear=0
shrinkage=0.0238854


Tree=235
num_leaves=7
num_cat=0
split_feature=2 2 2 3 1 0
split_gain=8.47396 16.6827 29.9892 11.0879 4.70285 4.63186
threshold=10050.000000000002 7571.0000000000009 6515.5000000000009 15.500000000000002 12.047277275537013 5.851045336202076
decision_type=2 2 2 2 2 2
left_child=1 2 4 -3 -1 -6
right_child=-2 3 -4 -5 5 -7
leaf_value=0.023485720324236105 -0.018345215298890064 0.047111018046312174 -0.042832832155544162 0.0070075099124656181 0.0080737443310753224 -0.012557894954559307
leaf_weight=6.9999999999999991 11.999999999999998 6.9999999999999991 8.9999999999999982 8.9999999999999982 20.000000000000004 8.9999999999999982
leaf_count=7 12 7 9 9 20 9
internal_value=8.30297e-07 0.00361218 -0.00383337 0.0245616 0.00591261 0.001666
internal_weight=73 61 45 16 36 29
internal_count=73 61 45 16 36 29
is_linear=0
shrinkage=0.0238854


Tree=236
num_leaves=8
num_cat=0
split_feature=13 7 16 13 9 13 2
split_gain=8.70426 15.4864 11.6461 7.44769 6.83569 11.2054 2.4185
threshold=1.5000000000000002 0.31504239128764294 -36948.909722222212 11.500000000000002 5.978446296391815 10.500000000000002 4207.0000000000009
decision_type=2 2 2 2 2 2 2
left_child=-1 2 4 6 5 -2 -4
right_child=1 -3 3 -5 -6 -7 -8
leaf_value=-0.023507011398080164 -0.030201243071401304 -0.024442467424614103 0.016831633707307149 0.0021208488067258821 0.016988030626905574 0.0057277057034898519 0.034841848204659583
leaf_weight=7.9999999999999991 9.0000000000000018 9.9999999999999982 7.0000000000000098 9.9999999999999982 6.9999999999999991 10.999999999999998 10.999999999999998
leaf_count=8 9 10 7 10 7 11 11
internal_value=8.10551e-07 0.00289624 0.00786946 0.0186632 -0.0033189 -0.0104333 0.0278457
internal_weight=73 65 55 28 27 20 18
internal_count=73 65 55 28 27 20 18
is_linear=0
shrinkage=0.0238854


Tree=237
num_leaves=9
num_cat=0
split_feature=1 4 4 4 9 1 4 15
split_gain=8.44132 36.3652 8.27045 7.74554 5.81663 8.43704 0.923442 0.567108
threshold=11.84027777777778 80.249206349206361 76.7326388888889 83.260416666666671 5.0744934425524955 12.675872507122508 77.593788290797121 11.716637422794387
decision_type=2 2 2 2 2 2 2 2
left_child=1 2 -1 4 5 -2 -6 -7
right_child=3 -3 -4 -5 6 7 -8 -9
leaf_value=-0.0077809456307654104 -0.029074104640943385 -0.049562818213131021 0.027757955800860785 0.024441558735757717 0.0040322410205661146 -0.0017560937968167005 0.015161701087517672 0.0078458443541424214
leaf_weight=7.0000000000000027 7.0000000000000027 8.9999999999999982 7.9999999999999991 9.9999999999999982 7.0000000000000027 6.9999999999999982 10.999999999999998 7
leaf_count=7 7 9 8 10 7 7 11 7
internal_value=8.36986e-07 -0.0116029 0.0111638 0.00568713 0.000874715 -0.00766146 0.0108414 0.00303488
internal_weight=73 24 15 49 39 21 18 14
internal_count=73 24 15 49 39 21 18 14
is_linear=0
shrinkage=0.0238854


Tree=238
num_leaves=7
num_cat=0
split_feature=13 2 15 16 5 13
split_gain=8.42984 14.7604 8.50676 9.23147 6.67847 5.48408
threshold=1.5000000000000002 10050.000000000002 17.315304852445674 -36948.909722222212 28.500000000000004 7.5000000000000009
decision_type=2 2 2 2 2 2
left_child=-1 2 3 5 -5 -2
right_child=1 -3 -4 4 -6 -7
leaf_value=-0.023133434248255355 -0.024768783516533017 -0.022365198571530354 0.02918996892849824 0.00087241630113898386 0.026651977238691074 0.00082639073902255646
leaf_weight=7.9999999999999991 6.9999999999999956 10.999999999999998 8.9999999999999982 11.000000000000009 11.999999999999998 14.999999999999998
leaf_count=8 7 11 9 11 12 15
internal_value=8.17036e-07 0.00285026 0.00798934 0.0037461 0.0143287 -0.00731118
internal_weight=73 65 54 45 23 22
internal_count=73 65 54 45 23 22
is_linear=0
shrinkage=0.0238854


Tree=239
num_leaves=8
num_cat=0
split_feature=0 0 14 10 10 7 1
split_gain=8.65903 23.1012 32.6455 7.22805 8.32826 8.24596 1.52628
threshold=6.6698602708513919 7.1674896877929504 5.4532831657484087 65.500000000000014 64.500000000000014 0.23241884671028853 12.675872507122508
decision_type=2 2 2 2 2 2 2
left_child=3 2 -2 4 5 6 -1
right_child=1 -3 -4 -5 -6 -7 -8
leaf_value=-0.0092282365501378076 -0.063589087377104003 0.012871136536237988 0.007025622944023922 0.028797306771678331 -0.021147018372330854 0.023197856474229502 0.0043254810710337899
leaf_weight=9.0000000000000053 8.0000000000000018 12.999999999999998 6.9999999999999991 6.9999999999999991 6.9999999999999991 11.999999999999998 9.9999999999999982
leaf_count=9 8 13 7 7 7 12 10
internal_value=7.9697e-07 -0.010426 -0.0306262 0.00649171 0.0023791 0.00769597 -0.00208734
internal_weight=73 28 15 45 38 31 19
internal_count=73 28 15 45 38 31 19
is_linear=0
shrinkage=0.0238854


Tree=240
num_leaves=8
num_cat=0
split_feature=0 0 4 4 13 12 14
split_gain=8.25009 22.0108 32.2867 5.11604 9.08827 7.15837 4.49145
threshold=6.6698602708513919 7.1674896877929504 80.249206349206361 78.297772859616472 5.5000000000000009 121.50000000000001 4.9696766989752357
decision_type=2 2 2 2 2 2 2
left_child=3 2 -2 5 -5 -1 -6
right_child=1 -3 -4 4 6 -7 -8
leaf_value=0.0084857510914170368 0.0028682018663546581 0.012563705151907675 -0.067357538350766799 0.036340259890026788 0.018573556672632465 -0.022408471291605062 -0.004525406908135127
leaf_weight=11.000000000000002 8.0000000000000018 12.999999999999998 6.9999999999999991 7.0000000000000027 8.0000000000000018 6.9999999999999991 11.999999999999998
leaf_count=11 8 13 7 7 8 7 12
internal_value=8.23949e-07 -0.0101768 -0.0298945 0.00633666 0.0129135 -0.0035209 0.00470719
internal_weight=73 28 15 45 27 18 20
internal_count=73 28 15 45 27 18 20
is_linear=0
shrinkage=0.0238854


Tree=241
num_leaves=8
num_cat=0
split_feature=6 3 16 2 12 16 4
split_gain=8.03003 35.5308 31.8602 5.98592 3.71386 3.60563 1.49536
threshold=17.500000000000004 13.500000000000002 -22793.090277777756 4569.0000000000009 134.00000000000003 -36948.909722222212 82.540484008017472
decision_type=2 2 2 2 2 2 2
left_child=1 -1 -3 -2 -5 6 -6
right_child=3 2 -4 4 5 -7 -8
leaf_value=0.019503451008544108 -0.0095191490264833912 -0.072534984984030229 -0.00045010651913126199 0.022178307333073181 0.005215536613888648 0.018735916648286274 -0.0091767220821100219
leaf_weight=12.000000000000002 10.999999999999998 7 6.9999999999999982 10.999999999999998 10.000000000000002 8.0000000000000018 6.9999999999999991
leaf_count=12 11 7 7 11 10 8 7
internal_value=8.49944e-07 -0.0106483 -0.0365026 0.00589482 0.0106085 0.00551223 -0.000702459
internal_weight=73 26 14 47 36 25 17
internal_count=73 26 14 47 36 25 17
is_linear=0
shrinkage=0.0238854


Tree=242
num_leaves=8
num_cat=0
split_feature=13 7 16 13 16 3 7
split_gain=8.16719 14.2681 10.2324 7.10029 5.32438 4.04909 2.4259
threshold=1.5000000000000002 0.31504239128764294 -36948.909722222212 11.500000000000002 -45774.662560662924 15.500000000000002 0.19295901844660945
decision_type=2 2 2 2 2 2 2
left_child=-1 2 4 5 6 -4 -2
right_child=1 -3 3 -5 -6 -7 -8
leaf_value=-0.022770191215410004 -0.0023082074286506897 -0.023435596767372259 0.038001289105389809 0.0015446479064560766 -0.01570360586250022 0.015307620527167999 0.016428777348464822
leaf_weight=7.9999999999999991 9.0000000000000053 9.9999999999999982 9.0000000000000089 9.9999999999999982 10.999999999999995 8.9999999999999982 6.9999999999999991
leaf_count=8 9 10 9 10 11 9 7
internal_value=7.83968e-07 0.00280552 0.00757918 0.0176967 -0.00290785 0.0266622 0.00588048
internal_weight=73 65 55 28 27 18 16
internal_count=73 65 55 28 27 18 16
is_linear=0
shrinkage=0.0238854


Tree=243
num_leaves=7
num_cat=0
split_feature=15 1 16 15 4 14
split_gain=8.04357 34.5806 7.63779 5.83668 10.5019 5.28261
threshold=16.717087458457673 11.738888888888891 -72229.209983766239 10.430615369755166 77.593788290797121 4.9235423855548683
decision_type=2 2 2 2 2 2
left_child=1 -1 -2 -3 -5 -6
right_child=2 3 -4 4 5 -7
leaf_value=-0.044532185139908899 -0.001518574108041598 -0.012908719391094907 0.031470999449119977 -0.011185628143092137 0.032785331046016247 0.0096301318538427588
leaf_weight=9.9999999999999982 7.9999999999999991 8.9999999999999982 7.9999999999999991 10.999999999999998 8.0000000000000018 19
leaf_count=10 8 9 8 11 8 19
internal_value=7.19736e-07 -0.00419802 0.0149675 0.00438074 0.0084793 0.0164961
internal_weight=73 57 16 47 38 27
internal_count=73 57 16 47 38 27
is_linear=0
shrinkage=0.0238854


Tree=244
num_leaves=7
num_cat=0
split_feature=4 4 14 14 9 4
split_gain=7.84785 7.07508 13.0899 31.4509 11.9025 9.71559
threshold=86.731250000000017 83.260416666666671 5.3916057577307308 5.2415234793469603 5.2145751236227573 78.854261796042636
decision_type=2 2 2 2 2 2
left_child=1 2 3 4 -1 -4
right_child=-2 -3 5 -5 -6 -7
leaf_value=-0.01340205782072334 -0.024044886605842274 0.022234128260606431 0.039403177923213011 -0.049813605070147149 0.014742850933266664 -0.00037257586554211307
leaf_weight=14.999999999999998 6.9999999999999991 8.9999999999999982 6.9999999999999982 7.9999999999999991 20 7
leaf_count=15 7 9 7 8 20 7
internal_value=6.10604e-07 0.00255301 -0.00055208 -0.00708565 0.00267675 0.0195053
internal_weight=73 66 57 43 35 14
internal_count=73 66 57 43 35 14
is_linear=0
shrinkage=0.0238854


Tree=245
num_leaves=7
num_cat=0
split_feature=13 2 0 16 2 16
split_gain=7.69872 13.5015 13.5571 7.89475 10.2431 5.40224
threshold=1.5000000000000002 10050.000000000002 6.8739124093034771 -36948.909722222212 6515.5000000000009 -21796.414250021833
decision_type=2 2 2 2 2 2
left_child=-1 2 3 4 -2 -5
right_child=1 -3 -4 5 -6 -7
leaf_value=-0.022107703066430989 0.0023648103089249205 -0.021392387987006812 0.030029197355968137 0.024717852379266804 -0.03227039409677513 -0.00077537641665018119
leaf_weight=7.9999999999999991 15.999999999999995 10.999999999999998 11.999999999999998 10.000000000000002 6.9999999999999991 9.0000000000000053
leaf_count=8 16 11 12 10 7 9
internal_value=5.0485e-07 0.00272367 0.00763879 0.0012382 -0.00817026 0.0126348
internal_weight=73 65 54 42 23 19
internal_count=73 65 54 42 23 19
is_linear=0
shrinkage=0.0238854


Tree=246
num_leaves=8
num_cat=0
split_feature=0 0 14 9 12 2 13
split_gain=7.65271 19.7319 30.2223 6.5532 7.52932 4.04415 1.60617
threshold=6.6698602708513919 7.1674896877929504 5.4532831657484087 5.5056499004316306 129.50000000000003 6381.5000000000009 10.500000000000002
decision_type=2 2 2 2 2 2 2
left_child=3 2 -2 4 -1 -6 -5
right_child=1 -3 -4 6 5 -7 -8
leaf_value=0.012304317936410965 -0.060187174503182062 0.011728970439056123 0.0077561388723533424 0.023951951212949369 -0.00091092439259892605 -0.025789558853984422 0.0089937161815386232
leaf_weight=13.000000000000002 8.0000000000000018 12.999999999999998 6.9999999999999991 10.000000000000002 7.9999999999999982 7 6.9999999999999991
leaf_count=13 8 13 7 10 8 7 7
internal_value=4.0099e-07 -0.00980172 -0.028471 0.00610261 -0.000994939 -0.0125303 0.0178009
internal_weight=73 28 15 45 28 15 17
internal_count=73 28 15 45 28 15 17
is_linear=0
shrinkage=0.0238854


Tree=247
num_leaves=8
num_cat=0
split_feature=15 1 2 13 5 15 12
split_gain=8.08474 32.2934 9.53978 7.83797 4.72883 3.57417 2.47235
threshold=16.717087458457673 11.738888888888891 6743.5000000000009 4.5000000000000009 31.500000000000004 18.739423419356694 117.50000000000001
decision_type=2 2 2 2 2 2 2
left_child=1 -1 3 -3 -4 -2 -5
right_child=5 2 4 6 -6 -7 -8
leaf_value=-0.043186486730494585 0.024962995674460694 -0.023759775521947166 0.0072327005878360436 -0.0063506255292485022 0.034142213667758242 0.0021828777935159445 0.009479096212967688
leaf_weight=9.9999999999999982 8.9999999999999982 7.9999999999999991 7.9999999999999982 9.0000000000000018 7 6.9999999999999991 14.999999999999998
leaf_count=10 9 8 8 9 7 7 15
internal_value=4.36852e-07 -0.00420904 0.00408106 -0.00328274 0.0197998 0.0150054 0.00353712
internal_weight=73 57 47 32 15 16 24
internal_count=73 57 47 32 15 16 24
is_linear=0
shrinkage=0.0238854


Tree=248
num_leaves=9
num_cat=0
split_feature=0 4 5 4 10 9 2 12
split_gain=7.1844 18.7042 31.1694 9.22815 6.37812 9.74985 10.3513 1.16798
threshold=6.6698602708513919 78.854261796042636 34.500000000000007 77.316876498800966 65.500000000000014 5.6410425748246951 6381.5000000000009 134.00000000000003
decision_type=2 2 2 2 2 2 2 2
left_child=4 3 -3 -2 5 6 7 -1
right_child=1 2 -4 -5 -6 -7 -8 -9
leaf_value=0.0091074308051554333 -0.0093593910796855445 0.0065999749398893918 -0.064662774053500002 0.029414481434149327 0.026866205518702384 0.018830306169702101 -0.029077495564926361 -0.003603312584944078
leaf_weight=10.000000000000005 7.0000000000000018 6.9999999999999982 7 7 6.9999999999999991 12.999999999999998 7.9999999999999991 6.9999999999999991
leaf_count=10 7 7 7 7 7 13 8 7
internal_value=4.72422e-07 -0.00949694 -0.0290214 0.0100176 0.00591308 0.00204961 -0.00667076 0.00386537
internal_weight=73 28 14 14 45 38 25 17
internal_count=73 28 14 14 45 38 25 17
is_linear=0
shrinkage=0.0238854


Tree=249
num_leaves=7
num_cat=0
split_feature=15 15 4 0 6 15
split_gain=7.67234 31.0081 5.54089 10.31 4.10355 3.48255
threshold=16.717087458457673 15.700871947419392 72.436497691015958 7.1674896877929504 26.500000000000004 18.739423419356694
decision_type=2 2 2 2 2 2
left_child=1 2 -1 4 -4 -2
right_child=5 -3 3 -5 -6 -7
leaf_value=-0.013362152151122485 0.024446780620820199 -0.044786046107648345 0.012021613747130054 0.033684847665154741 -0.0053922349983017486 0.0019605602555192508
leaf_weight=8.9999999999999982 8.9999999999999982 8.9999999999999982 12.999999999999998 6.9999999999999991 19 6.9999999999999991
leaf_count=9 9 9 13 7 19 7
internal_value=4.6135e-07 -0.0041002 0.00352549 0.00742622 0.00167777 0.0146178
internal_weight=73 57 48 39 32 16
internal_count=73 57 48 39 32 16
is_linear=0
shrinkage=0.0238854


Tree=250
num_leaves=7
num_cat=0
split_feature=15 1 13 9 9 12
split_gain=7.31037 30.4148 5.41838 5.79397 4.35304 3.30864
threshold=16.717087458457673 11.738888888888891 3.5000000000000004 4.7715898892670117 6.2553503672786421 134.00000000000003
decision_type=2 2 2 2 2 2
left_child=1 -1 -3 -4 -2 -5
right_child=4 2 3 5 -6 -7
leaf_value=-0.041829081634574439 0.026728689050144389 -0.011550919822982276 -0.0084005783982818612 0.025558852743024513 0.0017915416130120871 0.0079603449953312404
leaf_weight=9.9999999999999982 7.9999999999999991 9.9999999999999982 8.9999999999999982 9.0000000000000018 7.9999999999999991 19
leaf_count=10 8 10 9 9 8 19
internal_value=4.50093e-07 -0.00400227 0.00404302 0.00826138 0.0142689 0.013622
internal_weight=73 57 47 37 16 28
internal_count=73 57 47 37 16 28
is_linear=0
shrinkage=0.0238854


Tree=251
num_leaves=8
num_cat=0
split_feature=15 15 9 9 16 9 6
split_gain=6.96548 29.2936 8.98731 8.72891 6.99634 4.5306 3.8034
threshold=16.717087458457673 15.700871947419392 5.2815995835890144 5.0248499808922675 -72229.209983766239 4.7715898892670117 17.500000000000004
decision_type=2 2 2 2 2 2 2
left_child=1 2 3 5 -2 -1 -4
right_child=4 -3 6 -5 -6 -7 -8
leaf_value=-0.011790070651046118 -0.0018498334536937249 -0.043451773618805263 0.026683620033628633 -0.026759558198283406 0.029723824465888827 0.012786699013242293 0.006465135515303368
leaf_weight=7.0000000000000062 7.9999999999999991 8.9999999999999982 9.0000000000000018 7.9999999999999991 7.9999999999999991 10.999999999999998 12.999999999999998
leaf_count=7 8 9 9 8 8 11 13
internal_value=4.39268e-07 -0.00390667 0.00350513 -0.00599821 0.0139283 0.00322129 0.0147427
internal_weight=73 57 48 26 16 18 22
internal_count=73 57 48 26 16 18 22
is_linear=0
shrinkage=0.0238854


Tree=252
num_leaves=7
num_cat=0
split_feature=2 2 15 15 9 12
split_gain=6.84834 14.4943 28.8148 8.94111 6.55964 3.23566
threshold=10050.000000000002 7571.0000000000009 16.102652759067745 16.102652759067745 5.5056499004316306 131.50000000000003
decision_type=2 2 2 2 2 2
left_child=1 2 4 -3 5 -1
right_child=-2 3 -4 -5 -6 -7
leaf_value=0.0045810994143926373 -0.016492121676969812 0.0070087344331913456 -0.044799043231349971 0.043024145935402214 0.018857275506638807 -0.013531435932639084
leaf_weight=15.000000000000002 11.999999999999998 8.9999999999999982 7.9999999999999991 6.9999999999999991 12.999999999999998 8.9999999999999982
leaf_count=15 12 9 8 7 13 9
internal_value=3.83071e-07 0.00324711 -0.00369277 0.0227742 0.0051913 -0.00220527
internal_weight=73 61 45 16 37 24
internal_count=73 61 45 16 37 24
is_linear=0
shrinkage=0.0238854


Tree=253
num_leaves=8
num_cat=0
split_feature=6 3 5 2 16 0 14
split_gain=7.00144 31.2429 36.7937 5.19997 3.14474 2.98302 2.51377
threshold=17.500000000000004 13.500000000000002 35.500000000000007 4569.0000000000009 -21796.414250021833 6.1163538928256207 5.0603439512410473
decision_type=2 2 2 2 2 2 2
left_child=1 -1 -3 -2 5 6 -5
right_child=3 2 -4 4 -6 -7 -8
leaf_value=0.018330158698724161 -0.0088619269321580738 -0.072910328072768663 0.0045153858479075404 0.024069254798643958 0.02427361963922188 -0.0020666902213575182 0.0049597984195413145
leaf_weight=12.000000000000002 10.999999999999998 6.9999999999999982 7 6.9999999999999991 7.0000000000000027 12.999999999999998 8.9999999999999982
leaf_count=12 11 7 7 7 7 13 9
internal_value=3.73841e-07 -0.0099432 -0.0341875 0.00550405 0.00989754 0.00642263 0.0133289
internal_weight=73 26 14 47 36 29 16
internal_count=73 26 14 47 36 29 16
is_linear=0
shrinkage=0.0238854


Tree=254
num_leaves=8
num_cat=0
split_feature=16 1 13 9 13 13 16
split_gain=6.93695 15.9309 7.49041 7.70173 5.19382 3.3964 2.30629
threshold=-49911.005128570388 11.738888888888891 3.5000000000000004 4.7715898892670117 7.5000000000000009 10.500000000000002 -83702.089652542069
decision_type=2 2 2 2 2 2 2
left_child=4 -2 -3 -4 -1 -5 -6
right_child=1 2 3 5 6 -7 -8
leaf_value=0.028390085635209648 -0.027576520112761474 -0.014867691280519178 -0.012707829584252603 0.027334780581294158 -0.006503236747886886 0.0082247041880428307 0.012879161635217788
leaf_weight=7.0000000000000027 12.999999999999998 9.9999999999999982 7.0000000000000027 9.0000000000000018 7.0000000000000009 12.999999999999998 6.9999999999999973
leaf_count=7 13 10 7 9 7 13 7
internal_value=4.10788e-07 -0.00467678 0.00295289 0.00910274 0.0115887 0.0160488 0.00317797
internal_weight=73 52 39 29 21 22 14
internal_count=73 52 39 29 21 22 14
is_linear=0
shrinkage=0.0238854


Tree=255
num_leaves=8
num_cat=0
split_feature=16 16 13 13 2 2 5
split_gain=6.60953 13.6536 37.5112 17.7692 9.559 5.85705 1.29163
threshold=-49911.005128570388 -29443.073797678269 6.5000000000000009 11.500000000000002 4207.0000000000009 7571.0000000000009 32.500000000000007
decision_type=2 2 2 2 2 2 2
left_child=5 2 -2 4 -3 -1 -4
right_child=1 3 6 -5 -6 -7 -8
leaf_value=0.0003757713227953561 -0.060017497738689855 -0.003684717267066507 0.011019155434188115 -0.023315051793953295 0.030918993764391486 0.025877798077221285 -0.0026523380703322953
leaf_weight=12.000000000000002 8.0000000000000018 7.0000000000000062 6.9999999999999991 7.9999999999999991 12.999999999999998 8.9999999999999982 8.9999999999999982
leaf_count=12 8 7 7 8 13 9 9
internal_value=3.54936e-07 -0.00456507 -0.0177866 0.00676263 0.0188007 0.0113119 0.0033202
internal_weight=73 52 24 28 20 21 16
internal_count=73 52 24 28 20 21 16
is_linear=0
shrinkage=0.0238854


Tree=256
num_leaves=9
num_cat=0
split_feature=4 16 16 1 0 13 13 4
split_gain=6.8897 7.36145 20.8939 45.3248 5.97215 5.19356 5.1367 13.4992
threshold=86.731250000000017 -29443.073797678269 -41924.210224586284 12.563888888888892 6.4149640557327627 7.5000000000000009 13.500000000000002 77.316876498800966
decision_type=2 2 2 2 2 2 2 2
left_child=1 2 6 -4 -3 -6 7 -1
right_child=-2 4 3 -5 5 -7 -8 -9
leaf_value=-0.0043194875519733875 -0.022529451677815792 -0.0033505463578877418 -0.06503168077924576 0.018181064819523717 0.035341475948643772 0.00714007142383316 -0.0030600942397009776 0.039545376539513982
leaf_weight=8.0000000000000053 6.9999999999999991 8.0000000000000018 7.9999999999999982 7 7.9999999999999982 7 11.999999999999998 7.9999999999999991
leaf_count=8 7 8 8 7 8 7 12 8
internal_value=3.00943e-07 0.00239194 -0.00343954 -0.0261898 0.0133004 0.0221902 0.00874308 0.0176042
internal_weight=73 66 43 15 23 15 28 16
internal_count=73 66 43 15 23 15 28 16
is_linear=0
shrinkage=0.0238854


Tree=257
num_leaves=7
num_cat=0
split_feature=4 13 6 4 0 9
split_gain=6.56448 7.08544 17.1036 7.70936 11.1756 3.45398
threshold=86.731250000000017 3.5000000000000004 17.500000000000004 72.436497691015958 7.0399118308401638 6.1902553461293239
decision_type=2 2 2 2 2 2
left_child=1 2 -1 -3 5 -5
right_child=-2 3 -4 4 -6 -7
leaf_value=-0.039150251468479787 -0.021991327901755193 -0.015164156991669812 0.013640964241904859 0.0086292702507592342 0.034061446030052157 -0.0085335208869985572
leaf_weight=6.9999999999999982 6.9999999999999991 7.9999999999999991 7 26 8.9999999999999982 8.9999999999999982
leaf_count=7 7 8 7 26 9 9
internal_value=2.0212e-07 0.00233476 -0.0127447 0.00639729 0.0103207 0.00421198
internal_weight=73 66 14 52 44 35
internal_count=73 66 14 52 44 35
is_linear=0
shrinkage=0.0238854


Tree=258
num_leaves=9
num_cat=0
split_feature=0 4 5 4 9 5 7 9
split_gain=6.5952 17.3126 27.3014 7.87886 5.38666 3.96253 2.79598 4.8752
threshold=6.6698602708513919 78.854261796042636 34.500000000000007 77.316876498800966 5.043123453161737 27.500000000000004 0.1814893406426934 5.6410425748246951
decision_type=2 2 2 2 2 2 2 2
left_child=4 3 -3 -2 5 -1 -6 -8
right_child=1 2 -4 -5 6 -7 7 -9
leaf_value=-0.018061039008749818 -0.0082282027130508566 0.0054529192861861812 -0.061240254585503258 0.027597799907791532 0.025875910305269006 0.0042241448802232389 -0.0075032333922277024 0.017985150717810199
leaf_weight=7.0000000000000027 7.0000000000000018 6.9999999999999982 7 7 7.0000000000000027 12.999999999999998 7.0000000000000027 10.999999999999998
leaf_count=7 7 7 7 7 7 13 7 11
internal_value=1.05885e-07 -0.00909945 -0.0278837 0.00967481 0.00566516 -0.00356868 0.0130578 0.00806523
internal_weight=73 28 14 14 45 20 25 18
internal_count=73 28 14 14 45 20 25 18
is_linear=0
shrinkage=0.0238854


Tree=259
num_leaves=7
num_cat=0
split_feature=2 1 13 16 13 2
split_gain=6.34176 13.4351 14.5317 3.82658 4.13013 2.03134
threshold=10050.000000000002 11.086945142378561 3.5000000000000004 -36948.909722222212 10.500000000000002 6515.5000000000009
decision_type=2 2 2 2 2 2
left_child=1 -1 -3 5 -5 -4
right_child=-2 2 3 4 -6 -7
leaf_value=0.031977473463423417 -0.015870635100076084 -0.024348301752854278 0.0037744009298506234 0.025227362003378065 0.002325948564440353 -0.011650761249541336
leaf_weight=7.9999999999999991 11.999999999999998 11.999999999999998 15.999999999999995 9.0000000000000089 8.9999999999999982 6.9999999999999991
leaf_count=8 12 12 16 9 9 7
internal_value=1.0298e-07 0.00312451 -0.00122802 0.00553549 0.0137844 -0.000914133
internal_weight=73 61 53 41 18 23
internal_count=73 61 53 41 18 23
is_linear=0
shrinkage=0.0238854


Tree=260
num_leaves=8
num_cat=0
split_feature=15 1 2 0 9 13 3
split_gain=6.42307 26.3066 8.39933 7.78583 4.01615 3.53337 1.07458
threshold=16.717087458457673 11.738888888888891 6743.5000000000009 5.851045336202076 6.2553503672786421 7.5000000000000009 14.500000000000002
decision_type=2 2 2 2 2 2 2
left_child=1 -1 3 6 -2 -4 -3
right_child=4 2 5 -5 -6 -7 -8
leaf_value=-0.038931283469063264 0.025342488447872603 0.010949854130901724 0.03087929434179228 -0.018392098488067121 0.0013894388879476418 0.0076126135016738039 -0.00016382789247218777
leaf_weight=9.9999999999999982 7.9999999999999991 11.000000000000002 6.9999999999999991 11.999999999999998 7.9999999999999991 7.9999999999999991 8.9999999999999982
leaf_count=10 8 11 7 12 8 8 9
internal_value=1.00935e-07 -0.00375172 0.00373032 -0.0031791 0.0133747 0.0184797 0.0059417
internal_weight=73 57 47 32 16 15 20
internal_count=73 57 47 32 16 15 20
is_linear=0
shrinkage=0.0238854


Tree=261
num_leaves=8
num_cat=0
split_feature=15 15 1 9 9 15 9
split_gain=6.2749 15.9674 61.4375 11.6309 5.87103 4.13132 3.82643
threshold=12.650261613192553 16.717087458457673 11.84027777777778 5.043123453161737 5.2815995835890144 10.430615369755166 6.2553503672786421
decision_type=2 2 2 2 2 2 2
left_child=4 2 -2 -4 5 -1 -3
right_child=1 6 3 -5 -6 -7 -8
leaf_value=-0.012713942749730098 -0.077957087664527691 0.024737174708676684 -0.020558165393345915 0.017626980286031678 0.022273188981922491 0.0098441791159843244 0.001356251459424753
leaf_weight=8.0000000000000053 7.0000000000000027 7.9999999999999991 7.0000000000000027 12.999999999999998 10.999999999999998 10.999999999999998 7.9999999999999991
leaf_count=8 7 8 7 13 11 11 8
internal_value=1.44008e-07 -0.00584719 -0.0170539 0.00425518 0.00838599 0.000338658 0.0130555
internal_weight=73 43 27 20 30 19 16
internal_count=73 43 27 20 30 19 16
is_linear=0
shrinkage=0.0238854


Tree=262
num_leaves=9
num_cat=0
split_feature=0 3 14 10 9 0 6 7
split_gain=5.93268 17.5197 37.2667 5.68583 8.01834 7.22552 2.61802 0.38606
threshold=6.6698602708513919 13.500000000000002 5.3217061301901731 65.500000000000014 5.6410425748246951 5.5560033067975043 26.500000000000004 0.18435942582878781
decision_type=2 2 2 2 2 2 2 2
left_child=3 -2 6 4 5 7 -3 -1
right_child=1 2 -4 -5 -6 -7 -8 -9
leaf_value=0.0012022932013335983 0.024085685528135094 -0.0073684328775125265 -0.064541370275914903 0.025156505616720021 0.01694347590727794 -0.02067162488079129 0.013283652429293876 0.0091611649024021732
leaf_weight=7.0000000000000018 7.0000000000000027 7.0000000000000018 6.9999999999999991 6.9999999999999991 12.999999999999998 10.999999999999998 7 7
leaf_count=7 7 7 7 7 13 11 7 7
internal_value=1.86175e-07 -0.00863013 -0.0195421 0.00537327 0.0017253 -0.00618256 0.00294762 0.00519173
internal_weight=73 28 21 45 38 25 14 14
internal_count=73 28 21 45 38 25 14 14
is_linear=0
shrinkage=0.0238854


Tree=263
num_leaves=8
num_cat=0
split_feature=13 16 13 13 4 5 13
split_gain=5.86735 7.10042 15.378 14.717 12.719 7.03863 3.12001
threshold=1.5000000000000002 -36948.909722222212 10.500000000000002 9.5000000000000018 76.7326388888889 31.500000000000004 14.500000000000002
decision_type=2 2 2 2 2 2 2
left_child=-1 3 5 4 -2 -3 -5
right_child=1 2 -4 6 -6 -7 -8
leaf_value=-0.019299830009804415 -0.04636021639846051 0.0049608190982488283 -0.010513439008674789 0.021474224920165708 -0.0022538565642600187 0.035123927521547971 0.0013949861966802402
leaf_weight=7.9999999999999991 6.9999999999999991 7.0000000000000062 11.999999999999998 7.0000000000000027 7.9999999999999991 11.999999999999998 11.999999999999998
leaf_count=8 7 7 12 7 8 12 12
internal_value=2.73554e-07 0.00237783 0.0106468 -0.00515745 -0.0228462 0.0240186 0.00879997
internal_weight=73 65 31 34 15 19 19
internal_count=73 65 31 34 15 19 19
is_linear=0
shrinkage=0.0238854


Tree=264
num_leaves=6
num_cat=0
split_feature=4 5 13 4 0
split_gain=6.01062 7.87556 16.2566 5.72479 6.4079
threshold=86.731250000000017 37.500000000000007 3.5000000000000004 72.436497691015958 6.9560322413630971
decision_type=2 2 2 2 2
left_child=1 2 -1 -4 -5
right_child=-2 -3 3 4 -6
leaf_value=-0.029282670642881131 -0.021043041761498033 0.018894844001279804 -0.01369557121431929 0.0026768957122164233 0.02606849950786928
leaf_weight=9.9999999999999982 6.9999999999999991 12.999999999999998 7.9999999999999991 26 8.9999999999999982
leaf_count=10 7 13 8 26 9
internal_value=2.21269e-07 0.0022342 -0.00184973 0.00452677 0.00869588
internal_weight=73 66 53 43 35
internal_count=73 66 53 43 35
is_linear=0
shrinkage=0.0238854


Tree=265
num_leaves=8
num_cat=0
split_feature=15 16 6 2 5 14 4
split_gain=5.95584 20.9589 32.9985 6.25896 7.0495 5.1216 2.19211
threshold=12.650261613192553 -45774.662560662924 17.500000000000004 4773.5000000000009 28.500000000000004 5.1713973998222338 77.316876498800966
decision_type=2 2 2 2 2 2 2
left_child=3 5 -3 6 -5 -2 -1
right_child=1 2 -4 4 -6 -7 -8
leaf_value=0.0070174118360090548 0.022700465080101321 -0.05750089696575103 0.0041586077845584676 0.0037448304214798543 0.036588427322209426 -2.5468146458406323e-05 -0.011279656312444987
leaf_weight=7.0000000000000027 10.000000000000002 9.0000000000000018 10.999999999999998 7.9999999999999982 7 12.999999999999998 7.9999999999999991
leaf_count=7 10 9 11 8 7 13 8
internal_value=1.69762e-07 -0.00569651 -0.0235812 0.00817008 0.0190812 0.00984929 -0.0027317
internal_weight=73 43 20 30 15 23 15
internal_count=73 43 20 30 15 23 15
is_linear=0
shrinkage=0.0238854


Tree=266
num_leaves=6
num_cat=0
split_feature=2 1 13 9 12
split_gain=5.66715 13.3083 13.2267 3.58444 5.23763
threshold=10050.000000000002 11.086945142378561 3.5000000000000004 4.7715898892670117 134.00000000000003
decision_type=2 2 2 2 2
left_child=1 -1 -3 -4 -5
right_child=-2 2 3 4 -6
leaf_value=0.031670363954357836 -0.015002556254121545 -0.023435806010374843 -0.0082344328169309273 0.02217481828755195 0.001820934277847732
leaf_weight=7.9999999999999991 11.999999999999998 11.999999999999998 8.9999999999999982 10.999999999999998 21
leaf_count=8 12 12 9 11 21
internal_value=2.11734e-07 0.00295387 -0.00137806 0.00507446 0.00882196
internal_weight=73 61 53 41 32
internal_count=73 61 53 41 32
is_linear=0
shrinkage=0.0238854


Tree=267
num_leaves=8
num_cat=0
split_feature=15 3 9 9 4 6 5
split_gain=5.71611 35.6297 8.49615 7.12876 3.44219 3.05102 1.58182
threshold=16.102652759067745 14.500000000000002 5.2815995835890144 5.0248499808922675 81.907452647012221 17.500000000000004 25.500000000000004
decision_type=2 2 2 2 2 2 2
left_child=2 -2 3 4 -1 -4 -7
right_child=1 -3 5 -5 -6 6 -8
leaf_value=-0.0045938946990797995 0.015109136287866153 -0.046710405856588554 0.025735273083057595 -0.023711864445918714 0.016477261126733988 0.01641646266942122 0.00084935567240471122
leaf_weight=12.000000000000005 13.000000000000002 8.9999999999999982 9.0000000000000018 7.9999999999999991 6.9999999999999991 6.9999999999999991 7.9999999999999991
leaf_count=12 13 9 9 8 7 7 8
internal_value=1.60798e-07 -0.0101743 0.0043919 -0.00479559 0.0031618 0.0147336 0.00812334
internal_weight=73 22 51 27 19 24 15
internal_count=73 22 51 27 19 24 15
is_linear=0
shrinkage=0.0238854


Tree=268
num_leaves=9
num_cat=0
split_feature=15 15 9 16 9 9 5 5
split_gain=5.70656 23.8813 7.38897 6.50847 6.33351 3.73505 2.91098 2.10319
threshold=16.717087458457673 15.700871947419392 5.2815995835890144 -72229.209983766239 5.0248499808922675 4.7715898892670117 34.500000000000007 25.500000000000004
decision_type=2 2 2 2 2 2 2 2
left_child=1 2 4 -2 5 -1 7 -4
right_child=3 -3 6 -5 -6 -7 -8 -9
leaf_value=-0.011237980819587297 -0.0026110365556043643 -0.039241709934559436 0.016024350190844468 0.0278422943500574 -0.023145497354476737 0.011077302777447997 0.024845658400774028 -0.0024766085212477372
leaf_weight=7.0000000000000062 7.9999999999999991 8.9999999999999982 7.0000000000000018 7.9999999999999991 7.9999999999999991 10.999999999999998 7.9999999999999991 7
leaf_count=7 8 9 7 8 8 11 8 7
internal_value=2.02966e-07 -0.00353606 0.00315584 0.0126069 -0.00546076 0.00239136 0.0133454 0.00676388
internal_weight=73 57 48 16 26 18 22 14
internal_count=73 57 48 16 26 18 22 14
is_linear=0
shrinkage=0.0238854


Tree=269
num_leaves=6
num_cat=0
split_feature=2 1 13 9 15
split_gain=5.59362 12.3347 12.6448 3.20505 3.55939
threshold=10050.000000000002 11.086945142378561 3.5000000000000004 4.7715898892670117 11.716637422794387
decision_type=2 2 2 2 2
left_child=1 -1 -3 -4 -5
right_child=-2 2 3 4 -6
leaf_value=0.030580687732083327 -0.014904997455157548 -0.022803004758784079 -0.0075110295703133901 0.019625663524280849 0.0028435772656901443
leaf_weight=7.9999999999999991 11.999999999999998 11.999999999999998 8.9999999999999982 10.999999999999998 21
leaf_count=8 12 12 9 11 21
internal_value=1.06682e-07 0.00293455 -0.00123581 0.00507313 0.00861679
internal_weight=73 61 53 41 32
internal_count=73 61 53 41 32
is_linear=0
shrinkage=0.0238854


Tree=270
num_leaves=8
num_cat=0
split_feature=6 3 5 13 4 9 5
split_gain=5.35876 25.3986 31.6074 2.02582 1.64188 1.75822 0.878139
threshold=17.500000000000004 13.500000000000002 35.500000000000007 4.5000000000000009 83.260416666666671 5.0248499808922675 28.500000000000004
decision_type=2 2 2 2 2 2 2
left_child=1 -1 -3 -2 5 -5 -7
right_child=3 2 -4 4 -6 6 -8
leaf_value=0.01679255554434278 0.013788447236301651 -0.066449306753107396 0.0053117898661578025 -0.0024120098079259719 -0.0083058411061487508 0.0037402454245212152 0.01464517850295911
leaf_weight=12.000000000000002 10.999999999999998 6.9999999999999982 7 12.000000000000002 6.9999999999999991 8.0000000000000018 8.9999999999999982
leaf_count=12 11 7 7 12 7 8 9
internal_value=5.82953e-08 -0.00869894 -0.0305588 0.00481525 0.00206955 0.00457878 0.00952168
internal_weight=73 26 14 47 36 29 17
internal_count=73 26 14 47 36 29 17
is_linear=0
shrinkage=0.0238854


Tree=271
num_leaves=7
num_cat=0
split_feature=16 1 16 2 2 4
split_gain=5.33575 12.9902 6.01563 5.34352 5.30553 4.96012
threshold=-49911.005128570388 11.738888888888891 -36948.909722222212 7571.0000000000009 3429.5000000000005 83.260416666666671
decision_type=2 2 2 2 2 2
left_child=3 -2 -3 -1 -4 -6
right_child=1 2 4 -5 5 -7
leaf_value=-0.00025927942265352449 -0.0247802976812024 -0.01127840986591599 -0.0059179116943057671 0.024076243433295303 0.0065151132051908802 0.032256007109658799
leaf_weight=12.000000000000002 12.999999999999998 11.999999999999995 9.0000000000000053 8.9999999999999982 11.000000000000002 6.9999999999999991
leaf_count=12 13 12 9 9 11 7
internal_value=1.02647e-07 -0.00410169 0.0027876 0.0101636 0.00904434 0.0165332
internal_weight=73 52 39 21 27 18
internal_count=73 52 39 21 27 18
is_linear=0
shrinkage=0.0238854


Tree=272
num_leaves=8
num_cat=0
split_feature=4 14 14 13 2 10 0
split_gain=5.41742 5.74163 29.6209 14.4129 7.59102 4.66133 1.66897
threshold=86.731250000000017 5.3916057577307308 5.2594476832507073 14.500000000000002 7126.5000000000009 61.500000000000007 7.0399118308401638
decision_type=2 2 2 2 2 2 2
left_child=1 2 4 -3 5 -1 -6
right_child=-2 3 -4 -5 6 -7 -8
leaf_value=0.0043701525212857164 -0.019977798520844494 0.034572462288491645 -0.047428819160944158 -0.01111422784781765 0.027797189890186969 -0.017200562634079701 0.011781943389209001
leaf_weight=20.000000000000004 6.9999999999999991 8.9999999999999982 6.9999999999999991 6.9999999999999991 6.9999999999999991 7.9999999999999991 7.9999999999999991
leaf_count=20 7 9 7 7 7 8 8
internal_value=8.57663e-09 0.00212099 -0.00186175 0.0145758 0.0055529 -0.00178792 0.0192651
internal_weight=73 66 50 16 43 28 15
internal_count=73 66 50 16 43 28 15
is_linear=0
shrinkage=0.0238854


Tree=273
num_leaves=9
num_cat=0
split_feature=15 15 9 16 9 13 13 6
split_gain=5.37609 22.0337 6.69285 6.44389 5.79521 4.32029 3.65454 2.50046
threshold=16.717087458457673 15.700871947419392 5.2815995835890144 -72229.209983766239 5.0248499808922675 10.500000000000002 6.5000000000000009 17.500000000000004
decision_type=2 2 2 2 2 2 2 2
left_child=1 2 4 -2 6 7 -1 -4
right_child=3 -3 5 -5 -6 -7 -8 -9
leaf_value=0.014344344852681925 -0.0029061069162666822 -0.037729009859002759 0.029055764105466567 0.027396039034565358 -0.022121701706315156 -0.0027835918006778805 -0.007311342712287768 0.0094699939663675462
leaf_weight=8.0000000000000053 7.9999999999999991 8.9999999999999982 8.0000000000000018 7.9999999999999991 7.9999999999999991 6.9999999999999991 9.9999999999999982 6.9999999999999991
leaf_count=8 8 9 8 8 8 7 10 7
internal_value=0 -0.00343233 0.00299539 0.0122362 -0.00520509 0.0126932 0.00230564 0.0199251
internal_weight=73 57 48 16 26 22 18 15
internal_count=73 57 48 16 26 22 18 15
is_linear=0
shrinkage=0.0238854


Tree=274
num_leaves=6
num_cat=0
split_feature=4 5 13 14 1
split_gain=5.19758 7.48886 14.41 7.30377 4.32056
threshold=86.731250000000017 37.500000000000007 3.5000000000000004 5.2999699516937158 13.858333333333336
decision_type=2 2 2 2 2
left_child=1 2 -1 4 -4
right_child=-2 -3 3 -5 -6
leaf_value=-0.027732955422019888 -0.019568335588825904 0.018323957707692847 0.014005995782200673 -0.01377846124712034 -0.0071234544182807655
leaf_weight=9.9999999999999982 6.9999999999999991 12.999999999999998 26 9.9999999999999982 6.9999999999999991
leaf_count=10 7 13 26 10 7
internal_value=0 0.00207741 -0.00190496 0.00409831 0.00951975
internal_weight=73 66 53 43 33
internal_count=73 66 53 43 33
is_linear=0
shrinkage=0.0238854


Tree=275
num_leaves=7
num_cat=0
split_feature=2 1 14 9 1 7
split_gain=5.44903 11.8475 12.5224 4.69031 6.82251 5.52947
threshold=10050.000000000002 11.086945142378561 5.3217061301901731 5.043123453161737 12.893750000000002 0.1814893406426934
decision_type=2 2 2 2 2 2
left_child=1 -1 3 4 -3 -5
right_child=-2 2 -4 5 -6 -7
leaf_value=0.029990697742583759 -0.014711448173523531 -0.022773294907166949 -0.023879653802489551 0.029713410794760451 0.0068940051662301259 0.0042474922798266465
leaf_weight=7.9999999999999991 11.999999999999998 7.0000000000000027 10.999999999999998 7.0000000000000027 11.999999999999998 15.999999999999998
leaf_count=8 12 7 11 7 12 16
internal_value=0 0.00289604 -0.00119109 0.00474783 -0.00402869 0.0120041
internal_weight=73 61 53 42 19 23
internal_count=73 61 53 42 19 23
is_linear=0
shrinkage=0.0238854


Tree=276
num_leaves=6
num_cat=0
split_feature=2 1 15 0 9
split_gain=5.19187 11.2882 11.2704 3.21352 3.38727
threshold=10050.000000000002 11.086945142378561 16.102652759067745 6.7296591212957635 5.5056499004316306
decision_type=2 2 2 2 2
left_child=1 -1 3 4 -3
right_child=-2 2 -4 -5 -6
leaf_value=0.029274359870526307 -0.014360060273761898 -0.0042409496435087202 -0.024004640974334641 0.018955574731858334 0.011011241735946765
leaf_weight=7.9999999999999991 11.999999999999998 23 9.9999999999999982 6.9999999999999991 12.999999999999998
leaf_count=8 12 23 10 7 13
internal_value=0 0.00282692 -0.00116251 0.00414636 0.0012629
internal_weight=73 61 53 43 36
internal_count=73 61 53 43 36
is_linear=0
shrinkage=0.0238854


Tree=277
num_leaves=9
num_cat=0
split_feature=0 3 14 10 10 7 4 1
split_gain=5.36395 14.938 30.732 5.05037 5.69263 5.72994 4.27359 0.880324
threshold=6.6698602708513919 13.500000000000002 5.3217061301901731 65.500000000000014 64.500000000000014 0.23241884671028853 82.11041666666668 12.675872507122508
decision_type=2 2 2 2 2 2 2 2
left_child=3 -2 6 4 5 7 -3 -1
right_child=1 2 -4 -5 -6 -7 -8 -9
leaf_value=-0.0075110112108072828 0.022002031308917144 0.015344437006057605 -0.059146498977472886 0.023753957369397324 -0.01777922843469204 0.018989571463372289 -0.011045637523591679 0.0027799342889037889
leaf_weight=9.0000000000000053 7.0000000000000027 7.0000000000000018 6.9999999999999991 6.9999999999999991 6.9999999999999991 11.999999999999998 7 9.9999999999999982
leaf_count=9 7 7 7 7 7 12 7 10
internal_value=0 -0.00820643 -0.0182826 0.00510885 0.00167054 0.00606694 0.00213941 -0.00208736
internal_weight=73 28 21 45 38 31 14 19
internal_count=73 28 21 45 38 31 14 19
is_linear=0
shrinkage=0.0238854


Tree=278
num_leaves=8
num_cat=0
split_feature=0 9 9 15 16 15 16
split_gain=5.11068 14.7591 16.1264 4.7109 5.97749 4.49729 2.23641
threshold=6.6698602708513919 5.978446296391815 5.2815995835890144 16.339963831669603 -36948.909722222212 12.429345842531932 -21796.414250021833
decision_type=2 2 2 2 2 2 2
left_child=3 2 -2 4 5 -1 -6
right_child=1 -3 -4 -5 6 -7 -8
leaf_value=0.0062148067573701716 -0.014136227763105871 -0.028036670984575907 0.034196834307480752 0.019445568272688733 0.021371342366982741 -0.018264027076416483 0.0037472664679243832
leaf_weight=6.9999999999999991 9.0000000000000053 11.999999999999998 6.9999999999999991 9.9999999999999982 7.0000000000000027 10.999999999999998 10.000000000000002
leaf_count=7 9 12 7 10 7 11 10
internal_value=0 -0.0080103 0.00700075 0.00498682 0.000851755 -0.00873671 0.0110125
internal_weight=73 28 16 45 35 18 17
internal_count=73 28 16 45 35 18 17
is_linear=0
shrinkage=0.0238854


Tree=279
num_leaves=7
num_cat=0
split_feature=16 15 12 16 15 5
split_gain=5.19565 34.7964 9.82725 7.292 3.30722 6.60503
threshold=-49911.005128570388 16.102652759067745 146.50000000000003 -36948.909722222212 10.430615369755166 31.500000000000004
decision_type=2 2 2 2 2 2
left_child=2 3 -1 -2 -5 -6
right_child=1 -3 -4 4 5 -7
leaf_value=0.028898067690554259 -0.011592514279418313 -0.049871641316278907 -0.0041112623987885353 -0.00035977721722099085 0.0030087689454987346 0.029845955077794077
leaf_weight=9.0000000000000018 11.999999999999998 7.9999999999999991 11.999999999999998 10.999999999999998 11.000000000000002 9.9999999999999982
leaf_count=9 12 8 12 11 11 10
internal_value=0 -0.00404779 0.0100289 0.00428065 0.0102375 0.015795
internal_weight=73 52 21 44 32 21
internal_count=73 52 21 44 32 21
is_linear=0
shrinkage=0.0238854


Tree=280
num_leaves=7
num_cat=0
split_feature=15 1 16 4 1 1
split_gain=5.2375 21.4238 5.91421 4.67046 3.89034 3.53084
threshold=16.717087458457673 11.738888888888891 -72229.209983766239 83.260416666666671 12.675872507122508 13.065541278509478
decision_type=2 2 2 2 2 2
left_child=1 -1 -2 4 -3 -6
right_child=2 3 -4 -5 5 -7
leaf_value=-0.03513542427086612 -0.0024285489874137736 -0.011729392678621912 0.026600474326349318 0.017847317763787028 0.019209978695596566 -0.0007752929403942061
leaf_weight=9.9999999999999982 7.9999999999999991 11.999999999999998 7.9999999999999991 9.9999999999999982 7.0000000000000027 18
leaf_count=10 8 12 8 10 7 18
internal_value=0 -0.00338806 0.0120772 0.00336373 -0.000546975 0.00481499
internal_weight=73 57 16 47 37 25
internal_count=73 57 16 47 37 25
is_linear=0
shrinkage=0.0238854


Tree=281
num_leaves=8
num_cat=0
split_feature=15 1 2 16 5 1 15
split_gain=4.99015 20.4125 6.65138 5.6352 4.54309 3.62544 2.50938
threshold=16.717087458457673 11.738888888888891 6743.5000000000009 -72229.209983766239 31.500000000000004 12.675872507122508 11.133400940609643
decision_type=2 2 2 2 2 2 2
left_child=1 -1 5 -2 -4 -3 -7
right_child=3 2 4 -5 -6 6 -8
leaf_value=-0.034296202191900181 -0.0023705422380943036 -0.01397544901199973 0.0040924729328804012 0.025965112834032168 0.030464493860338716 -0.0065762686245973232 0.010103396225964588
leaf_weight=9.9999999999999982 7.9999999999999991 10.999999999999998 7.9999999999999982 7.9999999999999991 7 9.0000000000000018 11.999999999999998
leaf_count=10 8 11 8 8 7 9 12
internal_value=0 -0.00330713 0.00328331 0.0117885 0.0164088 -0.00286486 0.00294831
internal_weight=73 57 47 16 15 32 21
internal_count=73 57 47 16 15 32 21
is_linear=0
shrinkage=0.0238854


Tree=282
num_leaves=6
num_cat=0
split_feature=2 1 13 13 7
split_gain=4.77173 10.851 11.5248 2.89475 2.05739
threshold=10050.000000000002 11.086945142378561 3.5000000000000004 6.5000000000000009 0.18435942582878781
decision_type=2 2 2 2 2
left_child=1 -1 -3 -4 -5
right_child=-2 2 3 4 -6
leaf_value=0.028640275127485973 -0.013766900930618603 -0.021791334171696156 0.017713534655986133 -0.0044500111870367717 0.0074809435368201494
leaf_weight=7.9999999999999991 11.999999999999998 11.999999999999998 7.9999999999999991 15.999999999999998 17
leaf_count=8 12 12 8 16 17
internal_value=0 0.00271001 -0.00120136 0.00482157 0.001692
internal_weight=73 61 53 41 33
internal_count=73 61 53 41 33
is_linear=0
shrinkage=0.0238854


Tree=283
num_leaves=7
num_cat=0
split_feature=14 14 4 15 15 14
split_gain=5.09978 19.1781 10.2251 9.08325 9.56875 4.53729
threshold=5.3916057577307308 5.2594476832507073 78.854261796042636 16.339963831669603 15.053099306027722 4.4115454154624478
decision_type=2 2 2 2 2 2
left_child=1 3 -2 4 5 -1
right_child=2 -3 -4 -5 -6 -7
leaf_value=-0.012139043382783044 0.033605859369687269 -0.0354980324773174 -0.0033124387667959523 0.02414776125307239 -0.027753752779987474 0.0088628160515781089
leaf_weight=8.0000000000000018 7.0000000000000027 8.9999999999999982 10.999999999999998 8.9999999999999982 6.9999999999999991 22
leaf_count=8 7 9 11 9 7 22
internal_value=0 -0.00361017 0.0110369 0.00262572 -0.00260559 0.00325765
internal_weight=73 55 18 46 37 30
internal_count=73 55 18 46 37 30
is_linear=0
shrinkage=0.0238854


Tree=284
num_leaves=8
num_cat=0
split_feature=14 14 13 14 1 13 14
split_gain=4.85894 18.2729 8.72384 5.6955 12.5752 4.05838 2.26917
threshold=5.3916057577307308 5.2594476832507073 14.500000000000002 4.6184922067606129 12.893750000000002 6.5000000000000009 5.1713973998222338
decision_type=2 2 2 2 2 2 2
left_child=1 3 -2 4 -1 -5 -7
right_child=2 -3 -4 5 -6 6 -8
leaf_value=-0.032897703509132827 0.024041696139764705 -0.034650150899421722 -0.01005754982941302 0.02388982141719171 0.0073798244098025418 -0.0026966058174049414 0.014408799613197298
leaf_weight=7.0000000000000027 11.000000000000002 8.9999999999999982 6.9999999999999991 8.0000000000000018 11.999999999999998 12.000000000000002 6.9999999999999991
leaf_count=7 11 9 7 8 12 12 7
internal_value=0 -0.00352394 0.0107731 0.00256293 -0.00745191 0.0096156 0.00359803
internal_weight=73 55 18 46 19 27 19
internal_count=73 55 18 46 19 27 19
is_linear=0
shrinkage=0.0238854


Tree=285
num_leaves=8
num_cat=0
split_feature=15 1 2 0 16 5 3
split_gain=4.86844 19.3548 6.59473 5.50407 5.48194 4.52571 0.97801
threshold=16.717087458457673 11.738888888888891 6743.5000000000009 5.851045336202076 -72229.209983766239 31.500000000000004 14.500000000000002
decision_type=2 2 2 2 2 2 2
left_child=1 -1 3 6 -2 -4 -3
right_child=4 2 5 -5 -6 -7 -8
leaf_value=-0.033442243342427749 -0.0023212666786807069 0.0094754518189307663 0.0039274994417804014 -0.015762594869928485 0.025626205716834272 0.030248837522767906 -0.0011290065060454609
leaf_weight=9.9999999999999982 7.9999999999999991 11.000000000000002 7.9999999999999982 11.999999999999998 7.9999999999999991 7 8.9999999999999982
leaf_count=10 8 11 8 12 8 7 9
internal_value=0 -0.00326672 0.00315063 -0.00297132 0.0116437 0.0162201 0.00469645
internal_weight=73 57 47 32 16 15 20
internal_count=73 57 47 32 16 15 20
is_linear=0
shrinkage=0.0238854


Tree=286
num_leaves=7
num_cat=0
split_feature=14 14 4 8 2 14
split_gain=4.82023 17.5305 9.93198 6.54553 4.74752 1.94517
threshold=5.3916057577307308 5.2594476832507073 78.854261796042636 1.0000000180025095e-35 7126.5000000000009 4.4115454154624478
decision_type=2 2 2 2 2 2
left_child=1 3 -2 -1 5 -5
right_child=2 -3 -4 4 -6 -7
leaf_value=-0.012709731032091207 0.032973244218177836 -0.033997276263974398 -0.0034119975514686415 -0.0085488603339170868 0.02163579480710014 0.0064076498482322532
leaf_weight=11.999999999999998 7.0000000000000027 8.9999999999999982 10.999999999999998 7.0000000000000027 9.9999999999999982 17
leaf_count=12 7 9 11 7 10 17
internal_value=0 -0.00350994 0.0107301 0.00245194 0.00780724 0.0020395
internal_weight=73 55 18 46 34 24
internal_count=73 55 18 46 34 24
is_linear=0
shrinkage=0.0238854


Tree=287
num_leaves=9
num_cat=0
split_feature=15 15 9 9 13 9 13 14
split_gain=4.75497 19.1307 5.48346 4.65242 4.06621 3.57948 3.01232 2.8811
threshold=16.717087458457673 15.700871947419392 5.2815995835890144 5.0248499808922675 10.500000000000002 6.2553503672786421 6.5000000000000009 5.2594476832507073
decision_type=2 2 2 2 2 2 2 2
left_child=1 2 3 6 7 -2 -1 -4
right_child=5 -3 4 -5 -6 -7 -8 -9
leaf_value=0.012997566703879972 0.022804786215798727 -0.035186159102276397 0.0087383989830141194 -0.01981901993082192 -0.003476208735097601 0.00019200804646297216 -0.0066631919808808797 0.029754264134564817
leaf_weight=8.0000000000000053 7.9999999999999991 8.9999999999999982 8.0000000000000018 7.9999999999999991 6.9999999999999991 7.9999999999999991 9.9999999999999982 6.9999999999999991
leaf_count=8 8 9 8 8 7 8 10 7
internal_value=0 -0.00322852 0.00276063 -0.00466168 0.0115388 0.0115071 0.00206715 0.0185551
internal_weight=73 57 48 26 22 16 18 15
internal_count=73 57 48 26 22 16 18 15
is_linear=0
shrinkage=0.0238854


Tree=288
num_leaves=9
num_cat=0
split_feature=9 4 4 16 9 2 13 1
split_gain=4.59072 16.5366 8.33714 13.6335 11.2794 6.74467 4.97058 2.1876
threshold=5.978446296391815 80.249206349206361 77.316876498800966 -34032.315972222241 5.5056499004316306 4569.0000000000009 7.5000000000000009 10.660416666666668
decision_type=2 2 2 2 2 2 2 2
left_child=2 7 3 -1 5 -4 -7 -2
right_child=1 -3 4 -5 -6 6 -8 -9
leaf_value=-0.035348180822008246 -0.0028978614056396263 -0.036515668212622608 -0.015310107663751337 0.0090887651956359315 0.035378623435440605 0.02682772910300581 0.0014878585870128 0.015971788130880644
leaf_weight=6.9999999999999991 7.0000000000000018 7.9999999999999991 8.0000000000000018 8.9999999999999982 7.9999999999999991 7.0000000000000027 11.999999999999998 7
leaf_count=7 7 8 8 9 8 7 12 7
internal_value=0 -0.00911854 0.00393526 -0.0103437 0.0104668 0.00308028 0.010831 0.00652697
internal_weight=73 22 51 16 35 27 19 14
internal_count=73 22 51 16 35 27 19 14
is_linear=0
shrinkage=0.0238854


Tree=289
num_leaves=8
num_cat=0
split_feature=15 1 2 0 9 4 3
split_gain=4.56483 18.2964 6.10073 5.25781 3.40133 2.44348 0.897975
threshold=16.717087458457673 11.738888888888891 6743.5000000000009 5.851045336202076 6.2553503672786421 83.260416666666671 14.500000000000002
decision_type=2 2 2 2 2 2 2
left_child=1 -1 3 6 -2 -4 -3
right_child=4 2 5 -5 -6 -7 -8
leaf_value=-0.032502135845649961 0.022287730142230969 0.0092613480650688296 0.0053151547903337185 -0.015313920771185286 0.0002443344571670357 0.024669078503531526 -0.00089891238226162858
leaf_weight=9.9999999999999982 7.9999999999999991 11.000000000000002 6.9999999999999991 11.999999999999998 7.9999999999999991 7.9999999999999991 8.9999999999999982
leaf_count=10 8 11 7 12 8 8 9
internal_value=0 -0.00316325 0.00307609 -0.00281195 0.0112748 0.0156466 0.00468224
internal_weight=73 57 47 32 16 15 20
internal_count=73 57 47 32 16 15 20
is_linear=0
shrinkage=0.0238854


Tree=290
num_leaves=7
num_cat=0
split_feature=14 14 4 8 1 4
split_gain=4.39847 16.9333 9.46927 6.29754 4.85341 2.16033
threshold=5.3916057577307308 5.2594476832507073 78.854261796042636 1.0000000180025095e-35 12.219444444444447 82.540484008017472
decision_type=2 2 2 2 2 2
left_child=1 3 -2 -1 -5 -6
right_child=2 -3 -4 4 5 -7
leaf_value=-0.012364924334539822 0.031969008079787795 -0.033316389510754954 -0.0035585514908314593 0.025485799859779612 -0.00083185687293077222 0.014579962389601265
leaf_weight=11.999999999999998 7.0000000000000027 8.9999999999999982 10.999999999999998 6.9999999999999991 20.000000000000004 6.9999999999999991
leaf_count=12 7 9 11 7 20 7
internal_value=0 -0.00335279 0.01025 0.00250662 0.00775951 0.00315862
internal_weight=73 55 18 46 34 27
internal_count=73 55 18 46 34 27
is_linear=0
shrinkage=0.0238854


Tree=291
num_leaves=8
num_cat=0
split_feature=13 2 0 16 13 16 14
split_gain=4.36124 8.43818 9.17598 4.38092 6.64886 5.07057 1.88767
threshold=1.5000000000000002 10050.000000000002 6.7296591212957635 -36948.909722222212 9.5000000000000018 -21796.414250021833 5.1713973998222338
decision_type=2 2 2 2 2 2 2
left_child=-1 2 3 4 -2 -5 -4
right_child=1 -3 6 5 -6 -7 -8
leaf_value=-0.016640055420296833 -0.02270457633801715 -0.017015084999877094 0.013772031506862761 0.021606235277573292 0.0036027556518407737 -0.0045167544579180728 0.031364691864710748
leaf_weight=7.9999999999999991 8.9999999999999947 10.999999999999998 6.9999999999999982 9.0000000000000018 13.999999999999998 8.0000000000000053 7
leaf_count=8 9 11 7 9 14 8 7
internal_value=0 0.0020494 0.0059355 0.000106989 -0.00668534 0.00930484 0.0225784
internal_weight=73 65 54 40 23 17 14
internal_count=73 65 54 40 23 17 14
is_linear=0
shrinkage=0.0238854


Tree=292
num_leaves=8
num_cat=0
split_feature=10 10 7 16 16 3 0
split_gain=4.47497 6.16205 11.2338 7.95401 6.82907 2.41716 1.28317
threshold=67.500000000000014 58.500000000000007 0.28318423061577264 -36948.909722222212 -45774.662560662924 15.500000000000002 6.3406848080677962
decision_type=2 2 2 2 2 2 2
left_child=1 2 -1 4 6 -5 -3
right_child=-2 3 -4 5 -6 -7 -8
leaf_value=0.0054915065471458861 -0.014842263067950405 -0.00033539547260444304 -0.030475976139500194 0.026544407241753179 -0.022014954034692641 0.010289244325453991 0.014107956741701629
leaf_weight=13.000000000000002 9.9999999999999982 6.9999999999999982 7.9999999999999991 10.000000000000005 6.9999999999999991 10.999999999999998 7
leaf_count=13 10 7 8 10 7 11 7
internal_value=0 0.00235731 -0.00820374 0.00764117 -0.00274747 0.0180365 0.00687629
internal_weight=73 63 21 42 21 21 14
internal_count=73 63 21 42 21 21 14
is_linear=0
shrinkage=0.0238854


Tree=293
num_leaves=7
num_cat=0
split_feature=16 1 12 4 1 16
split_gain=4.33156 9.78625 8.52409 4.648 5.05601 2.46324
threshold=-49911.005128570388 11.738888888888891 146.50000000000003 84.666774009814233 12.675872507122508 -22793.090277777756
decision_type=2 2 2 2 2 2
left_child=2 -2 -1 4 -3 -6
right_child=1 3 -4 -5 5 -7
leaf_value=0.026730522491428533 -0.02164456799475244 -0.014912046702557816 -0.0040119674573277945 0.01851640935720637 0.013631812686049162 -0.003124283970003854
leaf_weight=9.0000000000000018 12.999999999999998 11.000000000000002 11.999999999999998 7.9999999999999991 10 10
leaf_count=9 13 11 12 8 10 10
internal_value=0 -0.00369626 0.00915673 0.00228293 -0.00190185 0.00524677
internal_weight=73 52 21 39 31 20
internal_count=73 52 21 39 31 20
is_linear=0
shrinkage=0.0238854


Tree=294
num_leaves=8
num_cat=0
split_feature=10 10 7 16 16 3 4
split_gain=4.28001 5.76023 10.6448 7.62815 6.32666 2.28729 1.35205
threshold=67.500000000000014 58.500000000000007 0.28318423061577264 -36948.909722222212 -45774.662560662924 15.500000000000002 81.907452647012221
decision_type=2 2 2 2 2 2 2
left_child=1 2 -1 4 6 -5 -3
right_child=-2 3 -4 5 -6 -7 -8
leaf_value=0.0054256748046690442 -0.014515422991731749 0.01392714965943034 -0.029586071861086315 0.025870737909827933 -0.021304760787464329 0.010057383317941511 -0.00090080412029970168
leaf_weight=13.000000000000002 9.9999999999999982 6.9999999999999982 7.9999999999999991 10.000000000000005 6.9999999999999991 10.999999999999998 7
leaf_count=13 10 7 8 10 7 11 7
internal_value=0 0.00230532 -0.00790548 0.00741404 -0.00275947 0.0175942 0.00650318
internal_weight=73 63 21 42 21 21 14
internal_count=73 63 21 42 21 21 14
is_linear=0
shrinkage=0.0238854


Tree=295
num_leaves=8
num_cat=0
split_feature=15 15 16 16 2 5 15
split_gain=4.39177 17.8818 5.01748 4.31131 4.30821 8.69759 3.83732
threshold=16.717087458457673 15.700871947419392 -72229.209983766239 -36948.909722222212 3429.5000000000005 31.500000000000004 12.429345842531932
decision_type=2 2 2 2 2 2 2
left_child=1 3 -2 6 -5 -6 -1
right_child=2 -3 -4 4 5 -7 -8
leaf_value=0.0065744581861243729 -0.0023008117738543689 -0.033999776676451002 0.024435993480511363 -0.0059202352939621691 -1.0440909976539421e-05 0.030139343244112358 -0.016473225801761967
leaf_weight=6.9999999999999991 7.9999999999999991 8.9999999999999982 7.9999999999999991 9.0000000000000053 12.000000000000002 9.9999999999999982 9.9999999999999982
leaf_count=7 8 9 8 9 12 10 10
internal_value=0 -0.00310286 0.0110589 0.0026874 0.00799053 0.0136877 -0.00697477
internal_weight=73 57 16 48 31 22 17
internal_count=73 57 16 48 31 22 17
is_linear=0
shrinkage=0.0238854


Tree=296
num_leaves=7
num_cat=0
split_feature=16 1 12 13 9 14
split_gain=4.35667 9.39652 8.2573 4.6216 4.95705 3.39142
threshold=-49911.005128570388 11.738888888888891 146.50000000000003 3.5000000000000004 4.7715898892670117 4.6973039018635818
decision_type=2 2 2 2 2 2
left_child=2 -2 -1 -3 -5 -6
right_child=1 3 -4 4 5 -7
leaf_value=0.026479551701084448 -0.021294456722488 -0.011845291047510189 -0.003777743352010626 -0.01051288261786032 0.02629036764878406 0.0061376874114282423
leaf_weight=9.0000000000000018 12.999999999999998 9.9999999999999982 11.999999999999998 7.0000000000000027 7.0000000000000027 14.999999999999998
leaf_count=9 13 10 12 7 7 15
internal_value=0 -0.00370718 0.00918301 0.00215167 0.00698303 0.0125563
internal_weight=73 52 21 39 29 22
internal_count=73 52 21 39 29 22
is_linear=0
shrinkage=0.0238854


Tree=297
num_leaves=7
num_cat=0
split_feature=15 15 9 9 5 14
split_gain=4.26995 23.5592 5.2676 4.64498 2.57172 2.08332
threshold=16.102652759067745 17.315304852445674 5.2815995835890144 5.0248499808922675 28.500000000000004 4.4115454154624478
decision_type=2 2 2 2 2 2
left_child=2 -2 3 5 -4 -1
right_child=1 -3 4 -5 -6 -7
leaf_value=-0.0073607173616348099 -0.038504594756846082 0.011763260895125863 0.0034228527948818623 -0.018708401683664212 0.019132825595405963 0.0090298690568209293
leaf_weight=7.0000000000000062 9.0000000000000018 12.999999999999998 11.000000000000002 7.9999999999999991 12.999999999999998 11.999999999999998
leaf_count=7 9 13 11 8 13 12
internal_value=0 -0.00879451 0.00379499 -0.00343829 0.0119383 0.00298387
internal_weight=73 22 51 27 24 19
internal_count=73 22 51 27 24 19
is_linear=0
shrinkage=0.0238854


Tree=298
num_leaves=8
num_cat=0
split_feature=16 15 12 9 9 7 5
split_gain=4.18173 28.8071 8.08551 5.71035 6.31565 3.60589 2.41758
threshold=-49911.005128570388 16.102652759067745 146.50000000000003 5.2815995835890144 5.0248499808922675 0.1814893406426934 28.500000000000004
decision_type=2 2 2 2 2 2 2
left_child=2 3 -1 4 5 -2 -5
right_child=1 -3 -4 6 -6 -7 -8
leaf_value=0.026112462620606344 -0.0084267230830197288 -0.045326185257162761 -0.0038284276975802394 0.0038609829571372286 -0.023391273133620265 0.015040868246648686 0.019782885926657296
leaf_weight=9.0000000000000018 7.0000000000000027 7.9999999999999991 11.999999999999998 10.000000000000002 6.9999999999999991 7.9999999999999991 11.999999999999998
leaf_count=9 7 8 12 10 7 8 12
internal_value=0 -0.00363201 0.00899673 0.00394558 -0.00465451 0.00408 0.012552
internal_weight=73 52 21 44 22 15 22
internal_count=73 52 21 44 22 15 22
is_linear=0
shrinkage=0.0238854


Tree=299
num_leaves=8
num_cat=0
split_feature=0 0 14 10 10 7 7
split_gain=3.97586 12.2288 18.8381 4.56873 5.1177 4.33245 0.818664
threshold=6.6698602708513919 7.1674896877929504 5.4532831657484087 65.500000000000014 64.500000000000014 0.23241884671028853 0.16670817966042908
decision_type=2 2 2 2 2 2 2
left_child=3 2 -2 4 5 6 -1
right_child=1 -3 -4 -5 -6 -7 -8
leaf_value=0.0040099475255960465 -0.046804421297040807 0.0098826421250699775 0.0068343413615160227 0.022131328638274946 -0.017314063508758356 0.01653323448545338 -0.0060266429009270123
leaf_weight=8.0000000000000053 8.0000000000000018 12.999999999999998 6.9999999999999991 6.9999999999999991 6.9999999999999991 11.999999999999998 10.999999999999998
leaf_count=8 8 13 7 7 7 12 11
internal_value=0 -0.00706575 -0.0217637 0.00439792 0.00112755 0.0052963 -0.00179335
internal_weight=73 28 15 45 38 31 19
internal_count=73 28 15 45 38 31 19
is_linear=0
shrinkage=0.0238854


end of trees

feature_importances:
Column_4=250
Column_15=234
Column_13=187
Column_9=179
Column_0=176
Column_16=165
Column_2=150
Column_5=127
Column_14=117
Column_7=95
Column_1=88
Column_3=86
Column_6=74
Column_10=65
Column_12=63
Column_8=8

parameters:
[boosting: gbdt]
[objective: regression]
[metric: l1]
[tree_learner: serial]
[device_type: cpu]
[data_sample_strategy: bagging]
[data: ]
[valid: ]
[num_iterations: 300]
[learning_rate: 0.0238854]
[num_leaves: 109]
[num_threads: -1]
[seed: 0]
[deterministic: 0]
[force_col_wise: 0]
[force_row_wise: 0]
[histogram_pool_size: -1]
[max_depth: 5]
[min_data_in_leaf: 7]
[min_sum_hessian_in_leaf: 0.001]
[bagging_fraction: 0.549363]
[pos_bagging_fraction: 1]
[neg_bagging_fraction: 1]
[bagging_freq: 0]
[bagging_seed: 3]
[bagging_by_query: 0]
[feature_fraction: 0.650218]
[feature_fraction_bynode: 1]
[feature_fraction_seed: 2]
[extra_trees: 0]
[extra_seed: 6]
[early_stopping_round: 0]
[early_stopping_min_delta: 0]
[first_metric_only: 0]
[max_delta_step: 0]
[lambda_l1: 0.00585735]
[lambda_l2: 7.94093e-06]
[linear_lambda: 0]
[min_gain_to_split: 0]
[drop_rate: 0.1]
[max_drop: 50]
[skip_drop: 0.5]
[xgboost_dart_mode: 0]
[uniform_drop: 0]
[drop_seed: 4]
[top_rate: 0.2]
[other_rate: 0.1]
[min_data_per_group: 100]
[max_cat_threshold: 32]
[cat_l2: 10]
[cat_smooth: 10]
[max_cat_to_onehot: 4]
[top_k: 20]
[monotone_constraints: ]
[monotone_constraints_method: basic]
[monotone_penalty: 0]
[feature_contri: ]
[forcedsplits_filename: ]
[refit_decay_rate: 0.9]
[cegb_tradeoff: 1]
[cegb_penalty_split: 0]
[cegb_penalty_feature_lazy: ]
[cegb_penalty_feature_coupled: ]
[path_smooth: 0]
[interaction_constraints: ]
[verbosity: -1]
[saved_feature_importance_type: 0]
[use_quantized_grad: 0]
[num_grad_quant_bins: 4]
[quant_train_renew_leaf: 0]
[stochastic_rounding: 1]
[linear_tree: 0]
[max_bin: 255]
[max_bin_by_feature: ]
[min_data_in_bin: 3]
[bin_construct_sample_cnt: 200000]
[data_random_seed: 1]
[is_enable_sparse: 1]
[enable_bundle: 1]
[use_missing: 1]
[zero_as_missing: 0]
[feature_pre_filter: 1]
[pre_partition: 0]
[two_round: 0]
[header: 0]
[label_column: ]
[weight_column: ]
[group_column: ]
[ignore_column: ]
[categorical_feature: ]
[forcedbins_filename: ]
[precise_float_parser: 0]
[parser_config_file: ]
[objective_seed: 5]
[num_class: 1]
[is_unbalance: 0]
[scale_pos_weight: 1]
[sigmoid: 1]
[boost_from_average: 1]
[reg_sqrt: 0]
[alpha: 0.9]
[fair_c: 1]
[poisson_max_delta_step: 0.7]
[tweedie_variance_power: 1.5]
[lambdarank_truncation_level: 30]
[lambdarank_norm: 1]
[label_gain: ]
[lambdarank_position_bias_regularization: 0]
[eval_at: ]
[multi_error_top_k: 1]
[auc_mu_weights: ]
[num_machines: 1]
[local_listen_port: 12400]
[time_out: 120]
[machine_list_filename: ]
[machines: ]
[gpu_platform_id: -1]
[gpu_device_id: -1]
[gpu_use_dp: 0]
[num_gpu: 1]

end of parameters

pandas_categorical:null
