tree
version=v4
num_class=1
num_tree_per_iteration=1
label_index=0
max_feature_idx=7
objective=regression
feature_names=Column_0 Column_1 Column_2 Column_3 Column_4 Column_5 Column_6 Column_7
feature_infos=[-3437.4653465346341:6814.6666666667179] [15:22] [3600:33360] [0:28] [39:70] [1740:21900] [-44.958333333333329:17.114583333333336] [0:9025.5697857748946]
tree_sizes=547 564 709 565 583 585 585 584 696 693 568 708 601 580 583 583 709 621 709 601 587 586 621 693 697 584 601 570 584 599 566 699 581 713 727 713 566 563 713 692 726 700 713 602 700 695 585 712 712 699 694 711 729 713 680 699 715 586 696 568 713 688 712 701 702 586 715 714 714 562 725 714 692 589 709 697 712 714 728 586 590 728 587 604 699 696 586 720 619 585 710 589 709 588 588 588 710 696 689 586 590 602 605 589 704 713 701 588 699 590 609 731 586 696 705 586 609 713 589 720 586 736 590 603 697 589 711 581 588 604 603 713 729 587 702 707 589 703 604 730 720 703 587 587 708 700 570 704 697 573 720 590 701 721 588 698 718 589 587 704 704 588 705 697 589 572 591 571 701 713 590 709 702 702 722 701 591 740 703 605 702 701 709 589 716 721 736 639 591 722 590 700 594 718 637 723 588 592 701 712 716 589 605 701 586 606 715 589 590 590 702 576 589 573 590 571 575 574 587 579 718 720 733 590 720 713 702 701 721 590 575 590 720 589 715 736 721 592 588 591 590 576 591 703 589 572 721 721 589 699 572 694 574 577 713 715 577 718 720 700 720 577 718 723 588 703 589 699 574 575 591 576 573 700 740 578 589 707 561 573 714 700 703 591 682 592 740 705 714 576 722 737 717 719 571 719 576 591 574 703

Tree=0
num_leaves=5
num_cat=0
split_feature=4 6 2 2
split_gain=1419.98 1867.66 399.182 388.863
threshold=45.500000000000007 -10.881323529411761 26970.000000000004 26970.000000000004
decision_type=2 2 2 2
left_child=2 3 -1 -2
right_child=1 -3 -4 -5
leaf_value=80.441909258424275 79.33451435845096 80.1488010399963 80.037866400176171 79.704891346751154
leaf_weight=13.999999999999998 20 23 18 17
leaf_count=14 20 23 18 17
internal_value=79.913 79.7516 80.2158 79.5037
internal_weight=92 60 32 37
internal_count=92 60 32 37
is_linear=0
shrinkage=1


Tree=1
num_leaves=5
num_cat=0
split_feature=4 6 2 2
split_gain=1265.03 1663.88 355.158 345.839
threshold=45.500000000000007 -10.881323529411761 26970.000000000004 26970.000000000004
decision_type=2 2 2 2
left_child=2 3 -1 -2
right_child=1 -3 -4 -5
leaf_value=0.49910626520612905 -0.54597503061914909 0.22249137329058266 0.11779906987539232 -0.19643931183583335
leaf_weight=13.999999999999998 20 23 18 17
leaf_count=14 20 23 18 17
internal_value=0 -0.152361 0.28574 -0.386345
internal_weight=92 60 32 37
internal_count=92 60 32 37
is_linear=0
shrinkage=0.0562705


Tree=2
num_leaves=6
num_cat=0
split_feature=0 1 2 6 2
split_gain=1088.76 1464.52 388.847 325.227 100.08
threshold=-159.01823468387715 17.500000000000004 27838.500000000004 -13.807291666666666 26100.000000000004
decision_type=2 2 2 2 2
left_child=3 -2 -3 -1 -5
right_child=1 2 -4 4 -6
leaf_value=-0.0013658571834325708 -0.63688045660514803 0.16514185928498465 -0.20290855663253837 0.45380232802530646 0.22467809043103668
leaf_weight=12.999999999999998 14.999999999999998 23 14.999999999999998 13.000000000000002 12.999999999999998
leaf_count=13 15 23 15 13 13
internal_value=0 -0.166011 0.0189164 0.225705 0.340618
internal_weight=92 53 38 39 26
internal_count=92 53 38 39 26
is_linear=0
shrinkage=0.0562705


Tree=3
num_leaves=5
num_cat=0
split_feature=4 1 6 2
split_gain=1129.63 1390.82 361.516 300.086
threshold=45.500000000000007 17.500000000000004 -17.447916666666661 26970.000000000004
decision_type=2 2 2 2
left_child=3 -2 -3 -1
right_child=1 2 -4 -5
leaf_value=0.46628000814521692 -0.57492170176152257 -0.14840159005180048 0.17844629812990037 0.11541116963417503
leaf_weight=13.999999999999998 17 20 23 18
leaf_count=14 17 20 23 18
internal_value=0 -0.143957 0.0255912 0.270035
internal_weight=92 60 43 32
internal_count=92 60 43 32
is_linear=0
shrinkage=0.0562705


Tree=4
num_leaves=5
num_cat=0
split_feature=4 0 3 0
split_gain=1019.8 1684.6 719.937 319.826
threshold=41.500000000000007 -159.01823468387715 4.5000000000000009 -250.35931737929386
decision_type=2 2 2 2
left_child=-1 3 -3 -2
right_child=1 2 -4 -5
leaf_value=0.36728246825201616 0.41913924359876736 -0.030641625858631193 -0.52638366931703251 0.058086484013848284
leaf_weight=19 12.999999999999998 14.999999999999998 25 20
leaf_count=19 13 15 25 20
internal_value=0 -0.0955187 -0.341376 0.201405
internal_weight=92 73 40 33
internal_count=92 73 40 33
is_linear=0
shrinkage=0.0562705


Tree=5
num_leaves=5
num_cat=0
split_feature=4 0 3 0
split_gain=908.148 1501.12 640.784 284.603
threshold=41.500000000000007 -159.01823468387715 4.5000000000000009 -250.35931737929386
decision_type=2 2 2 2
left_child=-1 3 -3 -2
right_child=1 2 -4 -5
leaf_value=0.34661532629479164 0.39555409912757084 -0.028917418491655075 -0.49676383159035015 0.054817931507491743
leaf_weight=19 12.999999999999998 14.999999999999998 25 20
leaf_count=19 13 15 25 20
internal_value=0 -0.0901162 -0.322217 0.190133
internal_weight=92 73 40 33
internal_count=92 73 40 33
is_linear=0
shrinkage=0.0562705


Tree=6
num_leaves=5
num_cat=0
split_feature=4 0 3 0
split_gain=808.712 1337.65 570.311 253.246
threshold=41.500000000000007 -159.01823468387715 4.5000000000000009 -250.35931737929386
decision_type=2 2 2 2
left_child=-1 3 -3 -2
right_child=1 2 -4 -5
leaf_value=0.32711111633610546 0.37329609195128566 -0.027290211805913074 -0.46881068856711078 0.051733298422422379
leaf_weight=19 12.999999999999998 14.999999999999998 25 20
leaf_count=19 13 15 25 20
internal_value=0 -0.0850177 -0.304136 0.179495
internal_weight=92 73 40 33
internal_count=92 73 40 33
is_linear=0
shrinkage=0.0562705


Tree=7
num_leaves=5
num_cat=0
split_feature=4 0 3 0
split_gain=720.157 1192.03 507.569 225.332
threshold=41.500000000000007 -159.01823468387715 4.5000000000000009 -250.35931737929386
decision_type=2 2 2 2
left_child=-1 3 -3 -2
right_child=1 2 -4 -5
leaf_value=0.30870442145851062 0.35229055667483206 -0.025754581297636921 -0.4424304978170755 0.048822240956915765
leaf_weight=19 12.999999999999998 14.999999999999998 25 20
leaf_count=19 13 15 25 20
internal_value=0 -0.0802061 -0.287072 0.169456
internal_weight=92 73 40 33
internal_count=92 73 40 33
is_linear=0
shrinkage=0.0562705


Tree=8
num_leaves=6
num_cat=0
split_feature=5 0 6 7 5
split_gain=650.281 798.862 740.151 387.802 177.878
threshold=12750.000000000002 -159.01823468387715 -18.213541666666664 4511.1243725033892 17550.000000000004
decision_type=2 2 2 2 2
left_child=-1 4 3 -3 -2
right_child=1 2 -4 -5 -6
leaf_value=0.29336680440307228 0.0067257422968084084 0.14911648890891965 -0.57577863426686915 -0.28467151425691922 0.27121560430222985
leaf_weight=19 18 13.000000000000002 13.999999999999998 12.999999999999998 14.999999999999998
leaf_count=19 18 13 14 13 15
internal_value=0 -0.0761945 -0.245578 -0.0664002 0.128034
internal_weight=92 73 40 26 33
internal_count=92 73 40 26 33
is_linear=0
shrinkage=0.0562705


Tree=9
num_leaves=6
num_cat=0
split_feature=1 0 2 2 0
split_gain=634.866 1140.45 360.267 65.1227 41.9269
threshold=17.500000000000004 -159.01823468387715 26760.000000000004 28343.500000000004 -131.24056706480772
decision_type=2 2 2 2 2
left_child=1 -1 4 -4 -2
right_child=2 -3 3 -5 -6
leaf_value=0.16030558465645775 0.33056090206379007 -0.5581740900781047 0.056297344406583766 -0.092655439100477896 0.18092942228122655
leaf_weight=13.000000000000002 13.000000000000002 14.999999999999998 19 18 13.999999999999998
leaf_count=13 13 15 19 18 14
internal_value=0 -0.223315 0.097937 -0.0151983 0.254301
internal_weight=92 28 64 37 27
internal_count=92 28 64 37 27
is_linear=0
shrinkage=0.0562705


Tree=10
num_leaves=5
num_cat=0
split_feature=4 0 7 7
split_gain=617.538 909.953 434.287 243.979
threshold=41.500000000000007 -159.01823468387715 4068.6405277686913 3626.0787781484764
decision_type=2 2 2 2
left_child=-1 3 -3 -2
right_child=1 2 -4 -5
leaf_value=0.28595993839501299 0.29237948230460759 -0.076527161911302141 -0.45026945768968085 -0.011710783180902004
leaf_weight=19 17 21 19 15.999999999999998
leaf_count=19 17 21 19 16
internal_value=0 -0.074177 -0.25495 0.143857
internal_weight=92 73 40 33
internal_count=92 73 40 33
is_linear=0
shrinkage=0.0562705


Tree=11
num_leaves=6
num_cat=0
split_feature=1 7 2 7 5
split_gain=565.366 948.435 318.159 145.899 23.2256
threshold=17.500000000000004 4068.6405277686913 26760.000000000004 4317.0811955077206 12750.000000000002
decision_type=2 2 2 2 2
left_child=1 -1 4 -4 -2
right_child=2 -3 3 -5 -6
leaf_value=0.092106458483106113 0.29388129980086203 -0.56290472338118236 0.067348646379486538 -0.1664530564159078 0.1779230398438677
leaf_weight=15.000000000000002 14.000000000000002 12.999999999999998 24 12.999999999999998 12.999999999999998
leaf_count=15 14 13 24 13 13
internal_value=0 -0.210727 0.0924317 -0.0138301 0.239376
internal_weight=92 28 64 37 27
internal_count=92 28 64 37 27
is_linear=0
shrinkage=0.0562705


Tree=12
num_leaves=5
num_cat=0
split_feature=2 1 6 7
split_gain=530.489 831.374 297.051 158.418
threshold=26430.000000000004 17.500000000000004 -13.807291666666666 4317.0811955077206
decision_type=2 2 2 2
left_child=2 -2 -1 -3
right_child=1 3 -4 -5
leaf_value=-0.041638436973271534 -0.50807449760305468 0.096413479779477979 0.27323568720406038 -0.13981633509430513
leaf_weight=14.999999999999998 12.999999999999998 25 25 13.999999999999998
leaf_count=15 13 25 25 14
internal_value=0 -0.118309 0.154263 0.0106948
internal_weight=92 52 40 39
internal_count=92 52 40 39
is_linear=0
shrinkage=0.0562705


Tree=13
num_leaves=5
num_cat=0
split_feature=2 1 7 6
split_gain=473.916 509.603 93.971 447.218
threshold=29340.000000000004 17.500000000000004 4317.0811955077206 -5.567708333333333
decision_type=2 2 2 2
left_child=1 -1 3 -3
right_child=-2 2 -4 -5
leaf_value=-0.17446201620698848 -0.30128618820434566 0.35010262006493098 0.040661366782114565 -0.05125387512147004
leaf_weight=22 13.999999999999998 23 19 13.999999999999998
leaf_count=22 14 23 19 14
internal_value=0 0.0542743 0.144775 0.19727
internal_weight=92 78 56 37
internal_count=92 78 56 37
is_linear=0
shrinkage=0.0562705


Tree=14
num_leaves=5
num_cat=0
split_feature=4 1 6 5
split_gain=506.126 1005.99 197.585 171.22
threshold=45.500000000000007 17.500000000000004 -17.447916666666661 16410.000000000004
decision_type=2 2 2 2
left_child=3 -2 -3 -1
right_child=1 2 -4 -5
leaf_value=0.31144380873321215 -0.46289669133346989 -0.080290825166189086 0.16087145161717969 0.048038346312135181
leaf_weight=15.999999999999998 17 20 23 15.999999999999998
leaf_count=16 17 20 23 16
internal_value=0 -0.0962503 0.0478701 0.18086
internal_weight=92 60 43 32
internal_count=92 60 43 32
is_linear=0
shrinkage=0.0562705


Tree=15
num_leaves=5
num_cat=0
split_feature=2 1 5 7
split_gain=476.842 654.839 183.751 119.86
threshold=26430.000000000004 17.500000000000004 12750.000000000002 4317.0811955077206
decision_type=2 2 2 2
left_child=2 -2 -1 -3
right_child=1 3 -4 -5
leaf_value=0.28685556200351336 -0.45808808932408612 0.076888920805039757 0.040706052914158845 -0.12870369517517918
leaf_weight=17 12.999999999999998 25 23 13.999999999999998
leaf_count=17 13 25 23 14
internal_value=0 -0.112207 0.146215 0.00216821
internal_weight=92 52 40 39
internal_count=92 52 40 39
is_linear=0
shrinkage=0.0562705


Tree=16
num_leaves=6
num_cat=0
split_feature=4 1 0 5 3
split_gain=453.124 860.034 156.21 139.849 94.0809
threshold=45.500000000000007 17.500000000000004 -97.553802273274556 16410.000000000004 12.500000000000002
decision_type=2 2 2 2 2
left_child=3 -2 4 -1 -3
right_child=1 2 -4 -5 -6
leaf_value=0.28929085586850012 -0.43004846347070197 0.015339490741251349 -0.10308833785315652 0.050797700189000872 0.22460101179152578
leaf_weight=15.999999999999998 17 14.000000000000002 14.999999999999998 15.999999999999998 13.999999999999998
leaf_count=16 17 14 15 16 14
internal_value=0 -0.0910362 0.0421591 0.171163 0.121249
internal_weight=92 60 43 32 28
internal_count=92 60 43 32 28
is_linear=0
shrinkage=0.0562705


Tree=17
num_leaves=5
num_cat=0
split_feature=2 1 6 6
split_gain=433.237 553.032 242.641 147.451
threshold=26430.000000000004 17.500000000000004 -13.807291666666666 -22.234374999999996
decision_type=2 2 2 2
left_child=2 -2 -1 -3
right_child=1 3 -4 -5
leaf_value=-0.037429424589582615 -0.42474626189189191 0.13022822965164688 0.24696885963003742 -0.092203403357524721
leaf_weight=14.999999999999998 12.999999999999998 15.999999999999995 25 23.000000000000004
leaf_count=15 13 16 25 23
internal_value=0 -0.106899 0.139424 -3.11682e-05
internal_weight=92 52 40 39
internal_count=92 52 40 39
is_linear=0
shrinkage=0.0562705


Tree=18
num_leaves=6
num_cat=0
split_feature=4 1 0 5 3
split_gain=414.263 736.499 135.499 117.484 83.1622
threshold=45.500000000000007 17.500000000000004 -97.553802273274556 16410.000000000004 12.500000000000002
decision_type=2 2 2 2 2
left_child=3 -2 4 -1 -3
right_child=1 2 -4 -5 -6
leaf_value=0.27204779973304899 -0.4007579210214316 0.010195303404714131 -0.099062942958548034 0.053049900399014936 0.20700770013213779
leaf_weight=15.999999999999998 17 14.000000000000002 14.999999999999998 15.999999999999998 13.999999999999998
leaf_count=16 17 14 15 16 14
internal_value=0 -0.0870363 0.0361604 0.163668 0.10988
internal_weight=92 60 43 32 28
internal_count=92 60 43 32 28
is_linear=0
shrinkage=0.0562705


Tree=19
num_leaves=5
num_cat=0
split_feature=0 1 3 0
split_gain=397.355 749.389 273.514 124.927
threshold=-159.01823468387715 17.500000000000004 8.5000000000000018 -250.35931737929386
decision_type=2 2 2 2
left_child=3 -2 -3 -1
right_child=1 2 -4 -5
leaf_value=0.26455830178068634 -0.43705782469996013 0.20967272362041872 -0.095684085853216042 0.055014227529358244
leaf_weight=14.999999999999998 14.999999999999998 15.999999999999998 22 24
leaf_count=15 15 16 22 24
internal_value=0 -0.100116 0.0319448 0.136526
internal_weight=92 53 38 39
internal_count=92 53 38 39
is_linear=0
shrinkage=0.0562705


Tree=20
num_leaves=5
num_cat=0
split_feature=2 0 6 6
split_gain=389.132 389.084 549.477 206.685
threshold=25530.000000000004 -159.01823468387715 -19.406249999999996 -10.881323529411761
decision_type=2 2 2 2
left_child=3 -2 -3 -1
right_child=1 2 -4 -5
leaf_value=0.018428756163316951 0.084008897302875488 -0.020010445343748177 -0.48163655207969547 0.29867087334886805
leaf_weight=18 24 20 13.999999999999998 15.999999999999998
leaf_count=18 24 20 14 16
internal_value=0 -0.088395 -0.211145 0.151361
internal_weight=92 58 34 34
internal_count=92 58 34 34
is_linear=0
shrinkage=0.0562705


Tree=21
num_leaves=5
num_cat=0
split_feature=4 6 0 6
split_gain=375.369 725.98 374.307 152.324
threshold=45.500000000000007 -10.881323529411761 -136.85337066678679 -12.698958333333332
decision_type=2 2 2 2
left_child=3 2 -2 -1
right_child=1 -3 -4 -5
leaf_value=0.27138324609733688 -0.44304389960790758 0.16455368116693253 -0.079200932242067687 0.022542814006355268
leaf_weight=17 15.999999999999998 23 21 14.999999999999998
leaf_count=17 16 23 21 15
internal_value=0 -0.0827865 -0.237506 0.155858
internal_weight=92 60 37 32
internal_count=92 60 37 32
is_linear=0
shrinkage=0.0562705


Tree=22
num_leaves=5
num_cat=0
split_feature=2 1 6 6
split_gain=339.777 418.638 167.139 124.099
threshold=26430.000000000004 17.500000000000004 -13.807291666666666 -22.234374999999996
decision_type=2 2 2 2
left_child=2 -2 -1 -3
right_child=1 3 -4 -5
leaf_value=-0.022821981866774862 -0.37116940070434146 0.11789641173271875 0.21276938059285616 -0.086133873664710411
leaf_weight=14.999999999999998 12.999999999999998 15.999999999999995 25 23.000000000000004
leaf_count=15 13 16 25 23
internal_value=0 -0.0946142 0.123527 -0.00151091
internal_weight=92 52 40 39
internal_count=92 52 40 39
is_linear=0
shrinkage=0.0562705


Tree=23
num_leaves=6
num_cat=0
split_feature=4 1 7 5 0
split_gain=342.907 572.422 128.871 107.771 29.472
threshold=45.500000000000007 17.500000000000004 5241.4328057374614 16410.000000000004 -106.8942349568121
decision_type=2 2 2 2 2
left_child=3 -2 4 -1 -3
right_child=1 2 -4 -5 -6
leaf_value=0.25269343780646158 -0.35572629480971679 0.14346366313977713 -0.11738996213721657 0.042970519355327724 0.026941387549924582
leaf_weight=15.999999999999998 17 17 12.999999999999998 15.999999999999998 13.000000000000002
leaf_count=16 17 17 13 16 13
internal_value=0 -0.0791415 0.0293733 0.148951 0.0941644
internal_weight=92 60 43 32 30
internal_count=92 60 43 32 30
is_linear=0
shrinkage=0.0562705


Tree=24
num_leaves=6
num_cat=0
split_feature=0 0 0 6 6
split_gain=336.28 290.06 281.102 103.066 113.747
threshold=-154.88727264845215 -118.66250670152141 -83.360628307525346 -13.807291666666666 -6.6666666666666661
decision_type=2 2 2 2 2
left_child=3 -2 -3 -1 -5
right_child=1 2 -4 4 -6
leaf_value=-0.0045742210871278829 -0.27909928763653402 0.18081630356193479 -0.15335562667015221 0.294119893309299 0.063279796112114428
leaf_weight=13.999999999999998 18 14.999999999999998 17 13.999999999999998 14.000000000000002
leaf_count=14 18 15 17 14 14
internal_value=0 -0.0983718 0.00216839 0.117609 0.179979
internal_weight=92 50 32 42 28
internal_count=92 50 32 42 28
is_linear=0
shrinkage=0.0562705


Tree=25
num_leaves=5
num_cat=0
split_feature=2 7 7 4
split_gain=317.187 344.153 191.088 106.037
threshold=25530.000000000004 4068.6405277686913 2628.2845519729408 49.500000000000007
decision_type=2 2 2 2
left_child=3 2 -2 -1
right_child=1 -3 -4 -5
leaf_value=0.24254673839760094 -0.075786949624583252 -0.25527677584810093 0.18972147630071112 0.040585019722456463
leaf_weight=15.999999999999998 22 22 13.999999999999998 18
leaf_count=16 22 22 14 18
internal_value=0 -0.0797811 0.0264716 0.136679
internal_weight=92 58 36 34
internal_count=92 58 36 34
is_linear=0
shrinkage=0.0562705


Tree=26
num_leaves=5
num_cat=0
split_feature=2 4 6 5
split_gain=303.466 382.235 446.348 444.195
threshold=29340.000000000004 45.500000000000007 -10.881323529411761 15600.000000000002
decision_type=2 2 2 2
left_child=1 -1 3 -3
right_child=-2 2 -4 -5
leaf_value=0.23058739787985025 -0.24100086155604297 -0.37239620560563486 0.14801262206577581 0.053660078621054416
leaf_weight=24 13.999999999999998 17.000000000000004 23 13.999999999999998
leaf_count=24 14 17 23 14
internal_value=0 0.0435219 -0.0389553 -0.178829
internal_weight=92 78 54 31
internal_count=92 78 54 31
is_linear=0
shrinkage=0.0562705


Tree=27
num_leaves=5
num_cat=0
split_feature=0 0 0 7
split_gain=283.385 251.88 249.721 131.892
threshold=-154.88727264845215 -118.66250670152141 -83.360628307525346 3149.8357656548701
decision_type=2 2 2 2
left_child=3 -2 -3 -1
right_child=1 2 -4 -5
leaf_value=0.21785460225516287 -0.25870481267032808 0.17177480664257527 -0.14317100431471202 0.015672373293546395
leaf_weight=19 18 14.999999999999998 17 23
leaf_count=19 18 15 17 23
internal_value=0 -0.0902795 0.00334077 0.107988
internal_weight=92 50 32 42
internal_count=92 50 32 42
is_linear=0
shrinkage=0.0562705


Tree=28
num_leaves=5
num_cat=0
split_feature=2 7 7 7
split_gain=279.899 290.851 166.093 86.7994
threshold=25530.000000000004 4068.6405277686913 2628.2845519729408 4952.4074934690516
decision_type=2 2 2 2
left_child=3 2 -2 -1
right_child=1 -3 -4 -5
leaf_value=0.19929012747158129 -0.072574889308591614 -0.23624058052653352 0.17496462721376277 0.011221224678775269
leaf_weight=21 22 22 13.999999999999998 12.999999999999998
leaf_count=21 22 22 14 13
internal_value=0 -0.0749041 0.0226958 0.128435
internal_weight=92 58 36 34
internal_count=92 58 36 34
is_linear=0
shrinkage=0.0562705


Tree=29
num_leaves=5
num_cat=0
split_feature=2 4 6 5
split_gain=264.859 315.388 370.202 414.945
threshold=29340.000000000004 45.500000000000007 -10.881323529411761 15600.000000000002
decision_type=2 2 2 2
left_child=1 -1 3 -3
right_child=-2 2 -4 -5
leaf_value=0.21063567882794115 -0.22510834192451104 -0.34875222450873128 0.13604187746263793 0.063098415272640068
leaf_weight=24 13.999999999999998 17.000000000000004 23 13.999999999999998
leaf_count=24 14 17 23 14
internal_value=0 0.0407003 -0.0341635 -0.1616
internal_weight=92 78 54 31
internal_count=92 78 54 31
is_linear=0
shrinkage=0.0562705


Tree=30
num_leaves=5
num_cat=0
split_feature=2 7 6 6
split_gain=240.302 256.11 435.05 118.52
threshold=25530.000000000004 4068.6405277686913 -12.401041666666663 -10.881323529411761
decision_type=2 2 2 2
left_child=3 2 -2 -1
right_child=1 -3 -4 -5
leaf_value=0.017818803714442489 0.21865658208796576 -0.22077964040605644 -0.17234001014288966 0.23067005480374914
leaf_weight=18 18 22 18 15.999999999999998
leaf_count=18 18 22 18 16
internal_value=0 -0.0693699 0.0221635 0.119037
internal_weight=92 58 36 34
internal_count=92 58 36 34
is_linear=0
shrinkage=0.0562705


Tree=31
num_leaves=6
num_cat=0
split_feature=0 0 0 5 5
split_gain=241.629 211.425 229.485 78.2789 79.6153
threshold=-154.88727264845215 -118.66250670152141 -83.360628307525346 17550.000000000004 14580.000000000002
decision_type=2 2 2 2 2
left_child=3 -2 -3 4 -1
right_child=1 2 -4 -5 -6
leaf_value=0.13709576287538483 -0.23761832262838553 0.16388157476276896 -0.13804402383194359 0.19823589120724505 -0.058759484419842918
leaf_weight=13.000000000000002 18 14.999999999999998 17 15.999999999999998 12.999999999999998
leaf_count=13 18 15 17 16 13
internal_value=0 -0.0833131 0.00236452 0.0997654 0.0377908
internal_weight=92 50 32 42 26
internal_count=92 50 32 42 26
is_linear=0
shrinkage=0.0562705


Tree=32
num_leaves=5
num_cat=0
split_feature=2 4 1 5
split_gain=236.741 274.158 348.623 71.3358
threshold=29340.000000000004 45.500000000000007 17.500000000000004 15600.000000000002
decision_type=2 2 2 2
left_child=1 -1 -3 -4
right_child=-2 2 3 -5
leaf_value=0.19694235136919472 -0.21281031302044573 -0.26223358205807928 0 0.15834737252940437
leaf_weight=24 13.999999999999998 14.999999999999998 25 13.999999999999998
leaf_count=24 14 15 25 14
internal_value=0 0.0384931 -0.0312657 0.0566499
internal_weight=92 78 54 39
internal_count=92 78 54 39
is_linear=0
shrinkage=0.0562705


Tree=33
num_leaves=6
num_cat=0
split_feature=2 1 3 6 6
split_gain=219.382 237.372 194.317 237.291 104.247
threshold=25530.000000000004 17.500000000000004 9.5000000000000018 -19.406249999999996 -10.881323529411761
decision_type=2 2 2 2 2
left_child=4 -2 -3 -4 -1
right_child=1 2 3 -5 -6
leaf_value=0.018640125963105967 -0.25904022554600309 0.16436619648600748 0.087338705184641305 -0.23975305302496266 0.218453120519185
leaf_weight=18 14.999999999999998 14.999999999999998 12.999999999999998 15.000000000000002 15.999999999999998
leaf_count=18 15 15 13 15 16
internal_value=0 -0.0662964 0.000106986 -0.0866101 0.113723
internal_weight=92 58 43 28 34
internal_count=92 58 43 28 34
is_linear=0
shrinkage=0.0562705


Tree=34
num_leaves=6
num_cat=0
split_feature=2 3 5 5 6
split_gain=196.328 260.817 221.315 366.027 108.937
threshold=29340.000000000004 3.5000000000000004 12750.000000000002 14580.000000000002 -6.6666666666666661
decision_type=2 2 2 2 2
left_child=1 -1 -3 -4 -5
right_child=-2 2 3 4 -6
leaf_value=-0.18411770890456694 -0.19376227275389074 0.28162983372116873 -0.22847977897012592 0.18946519762020098 -0.010275870129310343
leaf_weight=13.999999999999998 13.999999999999998 13.999999999999998 12.999999999999998 23.999999999999993 13.000000000000005
leaf_count=14 14 14 13 24 13
internal_value=0 0.0350883 0.0835992 0.0274344 0.118318
internal_weight=92 78 64 50 37
internal_count=92 78 64 50 37
is_linear=0
shrinkage=0.0562705


Tree=35
num_leaves=6
num_cat=0
split_feature=0 3 3 7 7
split_gain=214.535 186.196 311.09 109.891 22.0182
threshold=-154.88727264845215 16.500000000000004 4.5000000000000009 2783.8325846938556 4356.1848395851348
decision_type=2 2 2 2 2
left_child=3 2 -2 -1 -5
right_child=1 -3 -4 4 -6
leaf_value=0.21639327666282354 0.047019173600496976 0.094025073923334063 -0.28670211980361271 -0.022385282048225975 0.077984764375792326
leaf_weight=14.999999999999998 14.999999999999998 13.999999999999998 21 14.000000000000002 12.999999999999998
leaf_count=15 15 14 21 14 13
internal_value=0 -0.0785497 -0.146657 0.0939597 0.0246147
internal_weight=92 50 36 42 27
internal_count=92 50 36 42 27
is_linear=0
shrinkage=0.0562705


Tree=36
num_leaves=5
num_cat=0
split_feature=0 1 3 5
split_gain=191.559 521.977 221.856 131.866
threshold=-159.01823468387715 17.500000000000004 8.5000000000000018 17010.000000000004
decision_type=2 2 2 2
left_child=3 -2 -3 -1
right_child=1 2 -4 -5
leaf_value=0 -0.3507351227264266 0.20073019040643092 -0.074074237726955747 0.20665445396280535
leaf_weight=21 14.999999999999998 15.999999999999998 22 18
leaf_count=21 15 16 22 18
internal_value=0 -0.0694147 0.0406905 0.0948916
internal_weight=92 53 38 39
internal_count=92 53 38 39
is_linear=0
shrinkage=0.0562705


Tree=37
num_leaves=5
num_cat=0
split_feature=4 0 3 7
split_gain=178.633 427.345 325.553 121.561
threshold=41.500000000000007 -159.01823468387715 4.5000000000000009 3626.0787781484764
decision_type=2 2 2 2
left_child=-1 3 -3 -2
right_child=1 2 -4 -5
leaf_value=0.15390356553277365 0.21423584433923912 0.041353193552639653 -0.28834238033574977 0
leaf_weight=19 17 14.999999999999998 25 15.999999999999998
leaf_count=19 17 15 25 16
internal_value=0 -0.03979 -0.163811 0.109454
internal_weight=92 73 40 33
internal_count=92 73 40 33
is_linear=0
shrinkage=0.0562705


Tree=38
num_leaves=6
num_cat=0
split_feature=2 0 0 0 6
split_gain=194.006 274.975 502.24 217.136 84.3545
threshold=25530.000000000004 -136.85337066678679 -196.35031044176694 -90.688894747255517 -10.881323529411761
decision_type=2 2 2 2 2
left_child=4 2 -2 -3 -1
right_child=1 3 -4 -5 -6
leaf_value=0.02114951752865207 0.047083030474267429 0.22099349222951831 -0.41150424864192853 -0.091355966505075714 0.20123886912545258
leaf_weight=18 15.000000000000002 14.000000000000002 14.999999999999998 13.999999999999998 15.999999999999998
leaf_count=18 15 14 15 14 16
internal_value=0 -0.0623376 -0.181017 0.0635398 0.106951
internal_weight=92 58 30 28 34
internal_count=92 58 30 28 34
is_linear=0
shrinkage=0.0562705


Tree=39
num_leaves=6
num_cat=0
split_feature=2 0 5 0 4
split_gain=172.84 244.681 450.109 193.463 70.5386
threshold=25530.000000000004 -136.85337066678679 17310.000000000004 -90.688894747255517 49.500000000000007
decision_type=2 2 2 2 2
left_child=4 2 -2 -3 -1
right_child=1 3 -4 -5 -6
leaf_value=0.1872791299618265 -0.42012987881037905 0.208558090296346 0.017821336862962077 -0.08621533678297523 0.022302480285491789
leaf_weight=15.999999999999998 13.000000000000002 14.000000000000002 17 13.999999999999998 18
leaf_count=16 13 14 17 14 18
internal_value=0 -0.0587951 -0.170764 0.0598924 0.100992
internal_weight=92 58 30 28 34
internal_count=92 58 30 28 34
is_linear=0
shrinkage=0.0562705


Tree=40
num_leaves=6
num_cat=0
split_feature=2 3 5 5 6
split_gain=171.319 252.125 187.09 324.77 92.9635
threshold=29340.000000000004 3.5000000000000004 12750.000000000002 14580.000000000002 -6.6666666666666661
decision_type=2 2 2 2 2
left_child=1 -1 -3 -4 -5
right_child=-2 2 3 4 -6
leaf_value=-0.18270779971102039 -0.18096079924270853 0.26266146622992437 -0.21217237964555702 0.18013337775941041 -0.0040716476128301237
leaf_weight=13.999999999999998 13.999999999999998 13.999999999999998 12.999999999999998 23.999999999999993 13.000000000000005
leaf_count=14 14 14 13 24 13
internal_value=0 0.0328174 0.0805231 0.0288081 0.114445
internal_weight=92 78 64 50 37
internal_count=92 78 64 50 37
is_linear=0
shrinkage=0.0562705


Tree=41
num_leaves=6
num_cat=0
split_feature=0 0 6 7 6
split_gain=166.329 178.205 165.872 81.3077 36.6346
threshold=-154.88727264845215 -118.66250670152141 -13.807291666666666 2783.8325846938556 -10.881323529411761
decision_type=2 2 2 2 2
left_child=3 -2 -3 -1 -5
right_child=1 2 -4 4 -6
leaf_value=0.18816290108657388 -0.21085072958583562 0.11650535588612115 -0.14416790522318756 -0.043291929503523875 0.086931553954549462
leaf_weight=14.999999999999998 18 19 12.999999999999998 12.999999999999998 14.000000000000002
leaf_count=15 18 19 13 13 14
internal_value=0 -0.0691179 0.00948775 0.0827784 0.022905
internal_weight=92 50 32 42 27
internal_count=92 50 32 42 27
is_linear=0
shrinkage=0.0562705


Tree=42
num_leaves=6
num_cat=0
split_feature=7 0 6 6 6
split_gain=157.675 264.498 624.943 514.19 159.978
threshold=6361.1621698388572 -136.85337066678679 -17.447916666666661 -12.698958333333332 -7.130208333333333
decision_type=2 2 2 2 2
left_child=1 2 -1 -3 -4
right_child=-2 3 4 -5 -6
leaf_value=-0.37341463447352868 -0.18138333563275277 0.31374874146577203 0.23134726012120455 -0.11218227936574685 -0.036681066528482319
leaf_weight=13.999999999999995 12.999999999999998 22 12.999999999999998 14.999999999999998 15.000000000000005
leaf_count=14 13 22 13 15 15
internal_value=0 0.0300963 -0.0659645 0.140106 0.0864817
internal_weight=92 79 42 37 28
internal_count=92 79 42 37 28
is_linear=0
shrinkage=0.0562705


Tree=43
num_leaves=5
num_cat=0
split_feature=2 1 0 5
split_gain=164.732 260.332 135.874 53.851
threshold=26430.000000000004 17.500000000000004 -136.85337066678679 12750.000000000002
decision_type=2 2 2 2
left_child=3 -2 -3 -1
right_child=1 2 -4 -5
leaf_value=0.16240891694873197 -0.28401583481492465 -0.11258944402504588 0.099107705206879518 0.027982028275637366
leaf_weight=17 12.999999999999998 16.999999999999996 22.000000000000004 23
leaf_count=17 13 17 22 23
internal_value=0 -0.0658819 0.00591123 0.0860087
internal_weight=92 52 39 40
internal_count=92 52 39 40
is_linear=0
shrinkage=0.0562705


Tree=44
num_leaves=6
num_cat=0
split_feature=0 0 0 7 7
split_gain=170.917 147.813 140.412 73.7754 25.9859
threshold=-154.88727264845215 -118.66250670152141 -83.360628307525346 2783.8325846938556 4356.1848395851348
decision_type=2 2 2 2 2
left_child=3 -2 -3 -1 -5
right_child=1 2 -4 4 -6
leaf_value=0.18432990580535102 -0.19914228427418942 0.12791394381452012 -0.10825405122663552 -0.024524186867295794 0.084634696105509652
leaf_weight=14.999999999999998 18 14.999999999999998 17 14.000000000000002 12.999999999999998
leaf_count=15 18 15 17 14 13
internal_value=0 -0.0701234 0.00133062 0.0838539 0.0267075
internal_weight=92 50 32 42 27
internal_count=92 50 32 42 27
is_linear=0
shrinkage=0.0562705


Tree=45
num_leaves=6
num_cat=0
split_feature=2 3 3 5 3
split_gain=154.591 215.003 175.252 197.785 229.503
threshold=29340.000000000004 3.5000000000000004 7.5000000000000009 17010.000000000004 16.500000000000004
decision_type=2 2 2 2 2
left_child=1 -1 -3 4 -4
right_child=-2 2 3 -5 -6
leaf_value=-0.16789561618387608 -0.17201059392903148 0.25140562693939505 -0.22951971165559801 0.17479658713845039 0.073375245297140859
leaf_weight=13.999999999999998 13.999999999999998 13.999999999999998 13.999999999999998 18 18
leaf_count=14 14 14 14 18 18
internal_value=0 0.0310636 0.0751454 0.0250763 -0.0580222
internal_weight=92 78 64 50 32
internal_count=92 78 64 50 32
is_linear=0
shrinkage=0.0562705


Tree=46
num_leaves=5
num_cat=0
split_feature=2 0 0 5
split_gain=142.752 249.685 166.593 49.5477
threshold=26430.000000000004 -136.85337066678679 -90.688894747255517 12750.000000000002
decision_type=2 2 2 2
left_child=3 -2 -3 -1
right_child=1 2 -4 -5
leaf_value=0.15333276515134847 -0.18979493798543556 0.19179838369897093 -0.08685781981836932 0.024363207533470786
leaf_weight=17 25 14.000000000000002 12.999999999999998 23
leaf_count=17 25 14 13 23
internal_value=0 -0.061324 0.0563043 0.0800706
internal_weight=92 52 27 40
internal_count=92 52 27 40
is_linear=0
shrinkage=0.0562705


Tree=47
num_leaves=6
num_cat=0
split_feature=0 3 3 5 5
split_gain=150.573 149.542 235.8 67.2573 47.0085
threshold=-154.88727264845215 16.500000000000004 4.5000000000000009 17550.000000000004 14580.000000000002
decision_type=2 2 2 2 2
left_child=3 2 -2 4 -1
right_child=1 -3 -4 -5 -6
leaf_value=0.097906820862092681 0.041448316005033972 0.088738235471328711 -0.24887219568116409 0.16981705666681007 -0.052617231749240517
leaf_weight=13.000000000000002 14.999999999999998 13.999999999999998 21 15.999999999999998 12.999999999999998
leaf_count=13 15 14 21 16 13
internal_value=0 -0.0658127 -0.126911 0.0787104 0.0212675
internal_weight=92 50 36 42 26
internal_count=92 50 36 42 26
is_linear=0
shrinkage=0.0562705


Tree=48
num_leaves=6
num_cat=0
split_feature=7 0 6 6 6
split_gain=143.17 243.093 518.597 446.793 137.43
threshold=6361.1621698388572 -136.85337066678679 -17.447916666666661 -12.698958333333332 -7.130208333333333
decision_type=2 2 2 2 2
left_child=1 2 -1 -3 -4
right_child=-2 3 4 -5 -6
leaf_value=-0.34348793090626706 -0.17284254787399098 0.29603063943566982 0.20972438410073421 -0.10087974342974754 -0.038674018284562989
leaf_weight=13.999999999999995 12.999999999999998 22 12.999999999999998 14.999999999999998 15.000000000000005
leaf_count=14 13 22 13 15 15
internal_value=0 0.0286751 -0.0633935 0.134153 0.0753749
internal_weight=92 79 42 37 28
internal_count=92 79 42 37 28
is_linear=0
shrinkage=0.0562705


Tree=49
num_leaves=6
num_cat=0
split_feature=0 2 6 7 7
split_gain=145.844 136.643 268.389 67.1238 27.3105
threshold=-154.88727264845215 25530.000000000004 -19.406249999999996 2783.8325846938556 4356.1848395851348
decision_type=2 2 2 2 2
left_child=3 -2 -3 -1 -5
right_child=1 2 -4 4 -6
leaf_value=0.17326453969441835 0.063399023125403714 -0.0007322356088214347 -0.33096771762439331 -0.029785636709325151 0.082368191115057707
leaf_weight=14.999999999999998 17 20 12.999999999999998 14.000000000000002 12.999999999999998
leaf_count=15 17 20 13 14 13
internal_value=0 -0.0647889 -0.13191 0.0774466 0.022888
internal_weight=92 50 33 42 27
internal_count=92 50 33 42 27
is_linear=0
shrinkage=0.0562705


Tree=50
num_leaves=6
num_cat=0
split_feature=2 3 3 5 3
split_gain=140.501 198.076 159.92 171.981 168.807
threshold=29340.000000000004 3.5000000000000004 7.5000000000000009 17010.000000000004 16.500000000000004
decision_type=2 2 2 2 2
left_child=1 -1 -3 4 -4
right_child=-2 2 3 -5 -6
leaf_value=-0.16134010666995743 -0.16400099318391947 0.24031238410443664 -0.20050336426662155 0.16369906621959607 0.059079494524151059
leaf_weight=13.999999999999998 13.999999999999998 13.999999999999998 13.999999999999998 18 18
leaf_count=14 14 14 14 18 18
internal_value=0 0.0295972 0.0719243 0.0240593 -0.0533689
internal_weight=92 78 64 50 32
internal_count=92 78 64 50 32
is_linear=0
shrinkage=0.0562705


Tree=51
num_leaves=6
num_cat=0
split_feature=7 2 1 3 6
split_gain=127.038 172.197 140.759 155.24 20.0588
threshold=6361.1621698388572 25530.000000000004 17.500000000000004 9.5000000000000018 -8.1666666666666625
decision_type=2 2 2 2 2
left_child=1 4 -3 -4 -1
right_child=-2 2 3 -5 -6
leaf_value=0.19150088819374653 -0.16287365925670597 -0.18516443339844479 0.16454198909066986 -0.067742374501023675 0.086957653219791348
leaf_weight=14.000000000000002 12.999999999999998 13.999999999999998 14.999999999999998 23 12.999999999999998
leaf_count=14 13 14 15 23 13
internal_value=0 0.0269521 -0.0323509 0.0230064 0.142492
internal_weight=92 79 52 38 27
internal_count=92 79 52 38 27
is_linear=0
shrinkage=0.0562705


Tree=52
num_leaves=6
num_cat=0
split_feature=3 2 4 6 6
split_gain=132.305 277.94 216.833 186.076 163.406
threshold=21.500000000000004 28905.500000000004 62.500000000000007 -24.265624999999996 -6.6666666666666661
decision_type=2 2 2 2 2
left_child=1 2 3 -1 -5
right_child=-2 -3 -4 4 -6
leaf_value=-0.093119233893746739 0.14719076129506034 -0.26790254062071339 -0.1864646918974214 0.24203687550510744 -0.0036750610647339134
leaf_weight=14.999999999999991 15.999999999999998 12.999999999999998 12.999999999999998 20.999999999999993 14.000000000000012
leaf_count=15 16 13 13 21 14
internal_value=0 -0.0308403 0.0175089 0.0712583 0.142729
internal_weight=92 76 63 50 35
internal_count=92 76 63 50 35
is_linear=0
shrinkage=0.0562705


Tree=53
num_leaves=6
num_cat=0
split_feature=3 0 3 6 1
split_gain=117.909 191.951 182.318 637.733 165.482
threshold=21.500000000000004 -154.88727264845215 4.5000000000000009 -17.447916666666661 17.500000000000004
decision_type=2 2 2 2 2
left_child=1 4 -3 -4 -1
right_child=-2 2 3 -5 -6
leaf_value=0.22887477884692831 0.13890826502138087 0.04857084239427565 -0.46180548936537741 0.073442489011443943 -0.027723823442198547
leaf_weight=12.999999999999998 15.999999999999998 14.999999999999998 13.999999999999998 14.000000000000002 20
leaf_count=13 16 15 14 14 20
internal_value=0 -0.0291579 -0.107835 -0.192903 0.0722753
internal_weight=92 76 43 28 33
internal_count=92 76 43 28 33
is_linear=0
shrinkage=0.0562705


Tree=54
num_leaves=6
num_cat=0
split_feature=4 1 0 5 3
split_gain=109.011 404.293 63.1903 92.1693 54.6641
threshold=45.500000000000007 17.500000000000004 -106.8942349568121 15600.000000000002 13.500000000000002
decision_type=2 2 2 2 2
left_child=4 -2 3 -3 -1
right_child=1 2 -4 -5 -6
leaf_value=0.17329839629713104 -0.27723322077438051 -0.0011909601663302788 -0.036306470422578049 0.2080143309312045 0.020988642695097662
leaf_weight=12.999999999999998 17 13.000000000000002 17 12.999999999999998 19
leaf_count=13 17 13 17 13 19
internal_value=0 -0.0446214 0.0465087 0.102034 0.0839836
internal_weight=92 60 43 26 32
internal_count=92 60 43 26 32
is_linear=0
shrinkage=0.0562705


Tree=55
num_leaves=6
num_cat=0
split_feature=0 0 0 5 4
split_gain=108.696 449.823 308.385 140.916 123.839
threshold=-136.85337066678679 -183.04202694614983 -106.8942349568121 17010.000000000004 52.500000000000007
decision_type=2 2 2 2 2
left_child=1 3 -2 -1 -4
right_child=2 -3 4 -5 -6
leaf_value=-0.041504764709526472 0.24341893684570146 -0.31432372868736241 0.061903652391656884 0.19268595807145161 -0.18237118742813699
leaf_weight=19 18 14.999999999999998 13.000000000000002 13.999999999999998 12.999999999999998
leaf_count=19 18 15 13 14 13
internal_value=0 -0.0584551 0.0639878 0.0567637 -0.0588565
internal_weight=92 48 44 33 26
internal_count=92 48 44 33 26
is_linear=0
shrinkage=0.0562705


Tree=56
num_leaves=6
num_cat=0
split_feature=7 0 6 6 6
split_gain=106.267 228.067 391.905 384.668 109.206
threshold=6361.1621698388572 -136.85337066678679 -17.447916666666661 -12.698958333333332 -7.130208333333333
decision_type=2 2 2 2 2
left_child=1 2 -1 -3 -4
right_child=-2 3 4 -5 -6
leaf_value=-0.30802539903271753 -0.14898398477736555 0.27704476679199275 0.17586920761588826 -0.091114417586888694 -0.045648016125942666
leaf_weight=13.999999999999995 12.999999999999998 22 12.999999999999998 14.999999999999998 15.000000000000005
leaf_count=14 13 22 13 15 15
internal_value=0 0.0246313 -0.0645423 0.126823 0.0559203
internal_weight=92 79 42 37 28
internal_count=92 79 42 37 28
is_linear=0
shrinkage=0.0562705


Tree=57
num_leaves=5
num_cat=0
split_feature=2 0 0 6
split_gain=109.583 210.395 118.188 39.985
threshold=26430.000000000004 -136.85337066678679 -90.688894747255517 -10.881323529411761
decision_type=2 2 2 2
left_child=3 -2 -3 -1
right_child=1 2 -4 -5
leaf_value=0.011817981983410723 -0.17178630486504395 0.1682722496243956 -0.066110307239117649 0.12653231687870911
leaf_weight=20 25 14.000000000000002 12.999999999999998 20
leaf_count=20 25 14 13 20
internal_value=0 -0.0538131 0.0540951 0.0700704
internal_weight=92 52 27 40
internal_count=92 52 27 40
is_linear=0
shrinkage=0.0562705


Tree=58
num_leaves=6
num_cat=0
split_feature=0 0 4 7 7
split_gain=115.3 121.99 98.8003 67.5925 24.6814
threshold=-154.88727264845215 -118.66250670152141 52.500000000000007 2783.8325846938556 4356.1848395851348
decision_type=2 2 2 2 2
left_child=3 -2 -3 -1 -5
right_child=1 2 -4 4 -6
leaf_value=0.16481025103769104 -0.1749425094148353 0.10109507477171235 -0.096865808749643872 -0.036028150060155043 0.070913335812938461
leaf_weight=14.999999999999998 18 17 14.999999999999998 14.000000000000002 12.999999999999998
leaf_count=15 18 17 15 14 13
internal_value=0 -0.0576667 0.00718182 0.0688008 0.0141359
internal_weight=92 50 32 42 27
internal_count=92 50 32 42 27
is_linear=0
shrinkage=0.0562705


Tree=59
num_leaves=5
num_cat=0
split_feature=2 1 0 5
split_gain=106.877 149.021 128.126 97.6949
threshold=29340.000000000004 17.500000000000004 -187.7463443130394 14580.000000000002
decision_type=2 2 2 2
left_child=1 -1 -3 -4
right_child=-2 2 3 -5
leaf_value=-0.097627324997419954 -0.14309200667036651 -0.05254760522199927 0.037666166469631508 0.21852475966810331
leaf_weight=22 13.999999999999998 17 19 20
leaf_count=22 14 17 19 20
internal_value=0 0.0257594 0.0748722 0.131332
internal_weight=92 78 56 39
internal_count=92 78 56 39
is_linear=0
shrinkage=0.0562705


Tree=60
num_leaves=6
num_cat=0
split_feature=0 2 3 7 7
split_gain=110.155 112.354 167.25 61.0335 22.2521
threshold=-154.88727264845215 26430.000000000004 11.500000000000002 2783.8325846938556 4356.1848395851348
decision_type=2 2 2 2 2
left_child=3 -2 -3 -1 -5
right_child=1 2 -4 4 -6
leaf_value=0.15849449671651092 0.050017492708618536 -0.23406823334272756 0.028585738835361942 -0.032315109677501716 0.069095894660509263
leaf_weight=14.999999999999998 19 18.000000000000004 12.999999999999998 14.000000000000002 12.999999999999998
leaf_count=15 19 18 13 14 13
internal_value=0 -0.0563932 -0.122768 0.0672203 0.0151861
internal_weight=92 50 31 42 27
internal_count=92 50 31 42 27
is_linear=0
shrinkage=0.0562705


Tree=61
num_leaves=6
num_cat=0
split_feature=3 2 4 3 4
split_gain=99.6088 231.667 178.073 158.995 90.6291
threshold=21.500000000000004 28905.500000000004 62.500000000000007 7.5000000000000009 48.500000000000007
decision_type=2 2 2 2 2
left_child=1 2 3 -1 -5
right_child=-2 -3 -4 4 -6
leaf_value=0.21934383397378213 0.12768984227811139 -0.24324397426776251 -0.16744441079818606 -0.087619944948494136 0.093549090595894557
leaf_weight=14.999999999999998 15.999999999999998 12.999999999999998 12.999999999999998 18 17
leaf_count=15 16 13 13 18 17
internal_value=0 -0.0267844 0.0173134 0.0660667 0
internal_weight=92 76 63 50 35
internal_count=92 76 63 50 35
is_linear=0
shrinkage=0.0562705


Tree=62
num_leaves=6
num_cat=0
split_feature=7 0 6 6 6
split_gain=103.434 202.119 337.912 335.457 100.711
threshold=6361.1621698388572 -136.85337066678679 -12.698958333333332 -17.447916666666661 -7.130208333333333
decision_type=2 2 2 2 2
left_child=1 3 -3 -1 -5
right_child=-2 2 -4 4 -6
leaf_value=-0.28492673898487758 -0.14700569346219025 0.26130973989658279 -0.083643655943617209 0.16697643902809908 -0.04574525684035053
leaf_weight=13.999999999999995 12.999999999999998 22 14.999999999999998 12.999999999999998 15.000000000000005
leaf_count=14 13 22 15 13 15
internal_value=0 0.0242795 0.120496 -0.05963 0.0517395
internal_weight=92 79 37 42 28
internal_count=92 79 37 42 28
is_linear=0
shrinkage=0.0562705


Tree=63
num_leaves=6
num_cat=0
split_feature=0 0 6 5 5
split_gain=105.591 107.572 81.8396 65.8302 36.9429
threshold=-154.88727264845215 -118.66250670152141 -13.807291666666666 17550.000000000004 14580.000000000002
decision_type=2 2 2 2 2
left_child=3 -2 -3 4 -1
right_child=1 2 -4 -5 -6
leaf_value=0.077320472945691984 -0.16534253818347741 0.08109193928601964 -0.10197867448884117 0.15575723576946754 -0.056427752133438834
leaf_weight=13.000000000000002 18 19 12.999999999999998 15.999999999999998 12.999999999999998
leaf_count=13 18 19 13 16 13
internal_value=0 -0.0552229 0.00560041 0.0658029 0.00906903
internal_weight=92 50 32 42 26
internal_count=92 50 32 42 26
is_linear=0
shrinkage=0.0562705


Tree=64
num_leaves=6
num_cat=0
split_feature=0 0 4 5 7
split_gain=94.0418 95.8708 86.1753 58.6193 47.835
threshold=-154.88727264845215 -124.84849859263652 52.500000000000007 17550.000000000004 3626.0787781484764
decision_type=2 2 2 2 2
left_child=3 -2 -3 4 -1
right_child=1 2 -4 -5 -6
leaf_value=0.086017841379927032 -0.17114569747026306 0.084698552017374612 -0.091950554885285016 0.14699270132346604 -0.066300770463420797
leaf_weight=13.000000000000002 14.999999999999998 18 17 15.999999999999998 12.999999999999998
leaf_count=13 15 18 17 16 13
internal_value=0 -0.0521154 -7.92807e-05 0.0621001 0.0084812
internal_weight=92 50 35 42 26
internal_count=92 50 35 42 26
is_linear=0
shrinkage=0.0562705


Tree=65
num_leaves=5
num_cat=0
split_feature=2 0 0 5
split_gain=100.184 191.468 107.512 39.9002
threshold=26430.000000000004 -136.85337066678679 -90.688894747255517 12750.000000000002
decision_type=2 2 2 2
left_child=3 -2 -3 -1
right_child=1 2 -4 -5
leaf_value=0.13267174072816237 -0.16403228764366121 0.16035076476006158 -0.063141674959557414 0.016861055764200123
leaf_weight=17 25 14.000000000000002 12.999999999999998 23
leaf_count=17 25 14 13 23
internal_value=0 -0.0514757 0.051417 0.0669759
internal_weight=92 52 27 40
internal_count=92 52 27 40
is_linear=0
shrinkage=0.0562705


Tree=66
num_leaves=6
num_cat=0
split_feature=0 2 6 5 7
split_gain=92.6568 104.208 164.602 58.8061 42.7805
threshold=-154.88727264845215 26430.000000000004 -22.234374999999996 17550.000000000004 3626.0787781484764
decision_type=2 2 2 2 2
left_child=3 -2 -3 4 -1
right_child=1 2 -4 -5 -6
leaf_value=0.081355639322511164 0.050749639280818812 0.016022165378031437 -0.24135916423789364 0.14667916182266102 -0.062673643333831117
leaf_weight=13.000000000000002 19 15.000000000000002 15.999999999999998 15.999999999999998 12.999999999999998
leaf_count=13 19 15 16 16 13
internal_value=0 -0.051711 -0.115665 0.0616603 0.00796367
internal_weight=92 50 31 42 26
internal_count=92 50 31 42 26
is_linear=0
shrinkage=0.0562705


Tree=67
num_leaves=6
num_cat=0
split_feature=7 0 6 0 7
split_gain=89.6672 199.131 281.023 273.691 58.4635
threshold=6361.1621698388572 -136.85337066678679 -12.698958333333332 -183.04202694614983 3149.8357656548701
decision_type=2 2 2 2 2
left_child=1 3 -3 4 -1
right_child=-2 2 -4 -5 -6
leaf_value=0.12174459131288297 -0.13685783287135792 0.24654140790061338 -0.06780749872087688 -0.26414947278648948 -0.039598419422557388
leaf_weight=13.999999999999998 12.999999999999998 22 14.999999999999998 14.000000000000002 13.999999999999998
leaf_count=14 13 22 15 14 14
internal_value=0 0.0226219 0.118135 -0.0606678 0.0397941
internal_weight=92 79 37 42 28
internal_count=92 79 37 42 28
is_linear=0
shrinkage=0.0562705


Tree=68
num_leaves=6
num_cat=0
split_feature=2 0 0 7 6
split_gain=91.681 170.394 88.3502 37.4572 25.532
threshold=26430.000000000004 -136.85337066678679 -90.688894747255517 3626.0787781484764 -12.698958333333332
decision_type=2 2 2 2 2
left_child=3 -2 -3 -1 -5
right_child=1 2 -4 4 -6
leaf_value=0.13880833439507614 -0.15542500457094538 0.14657765643650864 -0.055873745234783931 -0.031337546512467902 0.079035817147338913
leaf_weight=13.999999999999998 25 14.000000000000002 12.999999999999998 12.999999999999998 13.000000000000002
leaf_count=14 25 14 13 13 13
internal_value=0 -0.0492288 0.0477747 0.0640849 0.0224718
internal_weight=92 52 27 40 26
internal_count=92 52 27 40 26
is_linear=0
shrinkage=0.0562705


Tree=69
num_leaves=5
num_cat=0
split_feature=0 0 4 5
split_gain=96.059 80.0152 65.2573 62.836
threshold=-154.88727264845215 -118.66250670152141 52.500000000000007 17010.000000000004
decision_type=2 2 2 2
left_child=3 -2 -3 -1
right_child=1 2 -4 -5
leaf_value=-0.0012490509028698137 -0.14757724703804323 0.076206029741773679 -0.0848148756227768 0.13498514446496104
leaf_weight=22 18 17 14.999999999999998 20
leaf_count=22 18 17 15 20
internal_value=0 -0.0526622 0 0.0627718
internal_weight=92 50 32 42
internal_count=92 50 32 42
is_linear=0
shrinkage=0.0562705


Tree=70
num_leaves=6
num_cat=0
split_feature=3 2 5 5 6
split_gain=90.3511 206.159 139.952 244.42 236.159
threshold=21.500000000000004 28905.500000000004 17550.000000000004 12750.000000000002 -10.881323529411761
decision_type=2 2 2 2 2
left_child=1 2 3 -1 -5
right_child=-2 -3 -4 4 -6
leaf_value=0.15131020455164024 0.12154657907842381 -0.22977670371184267 0.17326031716041176 -0.27171028189421514 0.02779932059160543
leaf_weight=15.999999999999998 15.999999999999998 12.999999999999998 13.999999999999998 15.999999999999991 17.000000000000007
leaf_count=16 16 13 14 16 17
internal_value=0 -0.0255743 0.0159943 -0.028208 -0.116332
internal_weight=92 76 63 49 33
internal_count=92 76 63 49 33
is_linear=0
shrinkage=0.0562705


Tree=71
num_leaves=6
num_cat=0
split_feature=7 0 6 6 6
split_gain=84.0709 176.442 253.046 235.493 90.5907
threshold=6361.1621698388572 -136.85337066678679 -12.698958333333332 -17.447916666666661 -7.130208333333333
decision_type=2 2 2 2 2
left_child=1 3 -3 -1 -5
right_child=-2 2 -4 4 -6
leaf_value=-0.24526037715016799 -0.13254722890227574 0.23366566407151607 -0.064552324219515428 0.14611117621638897 -0.05589028766145003
leaf_weight=13.999999999999995 12.999999999999998 22 14.999999999999998 12.999999999999998 15.000000000000005
leaf_count=14 13 22 15 13 15
internal_value=0 0.0218757 0.111799 -0.0564894 0.0366172
internal_weight=92 79 37 42 28
internal_count=92 79 37 42 28
is_linear=0
shrinkage=0.0562705


Tree=72
num_leaves=6
num_cat=0
split_feature=2 3 3 5 1
split_gain=82.387 129.311 144.325 140.513 117.5
threshold=29340.000000000004 3.5000000000000004 7.5000000000000009 17010.000000000004 18.500000000000004
decision_type=2 2 2 2 2
left_child=1 -1 -3 4 -4
right_child=-2 2 3 -5 -6
leaf_value=-0.13157292909631479 -0.12568139156886951 0.21668421519222336 -0.14839076198280157 0.13774652642878499 0.069901695141901699
leaf_weight=13.999999999999998 13.999999999999998 13.999999999999998 19 18 12.999999999999998
leaf_count=14 14 14 19 18 13
internal_value=0 0.0225679 0.0568457 0.0113747 -0.0585904
internal_weight=92 78 64 50 32
internal_count=92 78 64 50 32
is_linear=0
shrinkage=0.0562705


Tree=73
num_leaves=5
num_cat=0
split_feature=0 2 7 5
split_gain=83.0702 93.0111 146.652 58.6321
threshold=-154.88727264845215 26430.000000000004 4068.6405277686913 17010.000000000004
decision_type=2 2 2 2
left_child=3 -2 -3 -1
right_child=1 2 -4 -5
leaf_value=-0.0034673679518747945 0.047727235141773607 -0.0034008777777916437 -0.25350092692122589 0.1281357489836395
leaf_weight=22 19 18.000000000000004 12.999999999999998 20
leaf_count=22 19 18 13 20
internal_value=0 -0.0489982 -0.109437 0.0583482
internal_weight=92 50 31 42
internal_count=92 50 31 42
is_linear=0
shrinkage=0.0562705


Tree=74
num_leaves=6
num_cat=0
split_feature=3 2 4 3 5
split_gain=86.7452 171.509 127.079 142.201 225.843
threshold=21.500000000000004 28905.500000000004 62.500000000000007 7.5000000000000009 17010.000000000004
decision_type=2 2 2 2 2
left_child=1 2 3 -1 -5
right_child=-2 -3 -4 4 -6
leaf_value=0.19909352152329843 0.11907009517386426 -0.21133195177382294 -0.14320386294333151 -0.11794750581872941 0.1777648011413854
leaf_weight=14.999999999999998 15.999999999999998 12.999999999999998 12.999999999999998 22 12.999999999999998
leaf_count=15 16 13 13 22 13
internal_value=0 -0.0250851 0.0127784 0.05405 -0.00708833
internal_weight=92 76 63 50 35
internal_count=92 76 63 50 35
is_linear=0
shrinkage=0.0562705


Tree=75
num_leaves=6
num_cat=0
split_feature=3 2 4 3 4
split_gain=77.2574 152.735 113.195 126.64 88.0366
threshold=21.500000000000004 28905.500000000004 62.500000000000007 7.5000000000000009 48.500000000000007
decision_type=2 2 2 2 2
left_child=1 2 3 -1 -5
right_child=-2 -3 -4 4 -6
leaf_value=0.18789044681120051 0.11236996366744582 -0.19944021106329596 -0.13514571700425768 -0.094304831247324805 0.084091773242704504
leaf_weight=14.999999999999998 15.999999999999998 12.999999999999998 12.999999999999998 18 17
leaf_count=15 16 13 13 18 17
internal_value=0 -0.0236735 0.0120274 0.0510086 -0.00663189
internal_weight=92 76 63 50 35
internal_count=92 76 63 50 35
is_linear=0
shrinkage=0.0562705


Tree=76
num_leaves=6
num_cat=0
split_feature=7 0 6 6 6
split_gain=76.502 175.03 233.089 213.946 74.593
threshold=6361.1621698388572 -136.85337066678679 -12.698958333333332 -17.447916666666661 -7.130208333333333
decision_type=2 2 2 2 2
left_child=1 3 -3 -1 -5
right_child=-2 2 -4 4 -6
leaf_value=-0.23716225008098279 -0.12650551238256383 0.22733083747647265 -0.058781542356377343 0.13087947225587485 -0.052381314050281041
leaf_weight=13.999999999999995 12.999999999999998 22 14.999999999999998 12.999999999999998 15.000000000000005
leaf_count=14 13 22 15 13 15
internal_value=0 0.0208022 0.110371 -0.0572514 0.0314251
internal_weight=92 79 37 42 28
internal_count=92 79 37 42 28
is_linear=0
shrinkage=0.0562705


Tree=77
num_leaves=6
num_cat=0
split_feature=0 2 7 7 7
split_gain=75.5655 80.21 128.804 58.9705 23.3046
threshold=-154.88727264845215 26430.000000000004 4068.6405277686913 2783.8325846938556 4356.1848395851348
decision_type=2 2 2 2 2
left_child=3 -2 -3 -1 -5
right_child=1 2 -4 4 -6
leaf_value=0.14513143336935702 0.042916642172823788 -0.0034325818362932548 -0.23795595815238868 -0.044410184583761302 0.059954562888516784
leaf_weight=14.999999999999998 19 18.000000000000004 12.999999999999998 14.000000000000002 12.999999999999998
leaf_count=15 19 18 13 14 13
internal_value=0 -0.046796 -0.102936 0.0555866 0.00451319
internal_weight=92 50 31 42 27
internal_count=92 50 31 42 27
is_linear=0
shrinkage=0.0562705


Tree=78
num_leaves=6
num_cat=0
split_feature=3 2 5 5 6
split_gain=70.9749 133.965 114.904 215.215 209.686
threshold=21.500000000000004 28905.500000000004 17550.000000000004 12750.000000000002 -10.881323529411761
decision_type=2 2 2 2 2
left_child=1 2 3 -1 -5
right_child=-2 -3 -4 4 -6
leaf_value=0.13902806997969422 0.10766435530994041 -0.18734543525122169 0.15325555746985078 -0.25845905236204736 0.023628724091710893
leaf_weight=15.999999999999998 15.999999999999998 12.999999999999998 13.999999999999998 15.999999999999991 17.000000000000007
leaf_count=16 16 13 14 16 17
internal_value=0 -0.0227303 0.0106695 -0.0293385 -0.112056
internal_weight=92 76 63 49 33
internal_count=92 76 63 49 33
is_linear=0
shrinkage=0.0562705


Tree=79
num_leaves=5
num_cat=0
split_feature=7 0 2 7
split_gain=75.1209 121.057 322.544 85.8515
threshold=2175.9135911229901 -136.85337066678679 26430.000000000004 4356.1848395851348
decision_type=2 2 2 2
left_child=-1 2 -2 -3
right_child=1 3 -4 -5
leaf_value=0.11081272602883319 0.052875732548684287 0.13968744841324304 -0.25945503722864344 -0.03814062197107404
leaf_weight=15.999999999999998 23 18 19 15.999999999999998
leaf_count=16 23 18 19 16
internal_value=0 -0.0233364 -0.0875641 0.0549504
internal_weight=92 76 42 34
internal_count=92 76 42 34
is_linear=0
shrinkage=0.0562705


Tree=80
num_leaves=5
num_cat=0
split_feature=0 2 7 5
split_gain=71.1689 65.5635 110.965 61.7718
threshold=-154.88727264845215 26430.000000000004 4068.6405277686913 17010.000000000004
decision_type=2 2 2 2
left_child=3 -2 -3 -1
right_child=1 2 -4 -5
leaf_value=-0.009545756866015909 0.035594473951891435 -0.0035992847229254811 -0.22143793070302659 0.12572423689973947
leaf_weight=22 19 18.000000000000004 12.999999999999998 20
leaf_count=22 19 18 13 20
internal_value=0 -0.0453437 -0.0961062 0.0540159
internal_weight=92 50 31 42
internal_count=92 50 31 42
is_linear=0
shrinkage=0.0562705


Tree=81
num_leaves=6
num_cat=0
split_feature=3 2 5 5 6
split_gain=64.8448 116.163 112.249 186.668 184.225
threshold=21.500000000000004 28905.500000000004 17550.000000000004 12750.000000000002 -10.881323529411761
decision_type=2 2 2 2 2
left_child=1 2 3 -1 -5
right_child=-2 -3 -4 4 -6
leaf_value=0.12654698505922657 0.10295389420820936 -0.17497304337251143 0.15033066224520628 -0.24444519499873305 0.01981712455868016
leaf_weight=15.999999999999998 15.999999999999998 12.999999999999998 13.999999999999998 15.999999999999991 17.000000000000007
leaf_count=16 16 13 14 16 17
internal_value=0 -0.0216826 0.00938032 -0.0301604 -0.107225
internal_weight=92 76 63 49 33
internal_count=92 76 63 49 33
is_linear=0
shrinkage=0.0562705


Tree=82
num_leaves=5
num_cat=0
split_feature=7 0 2 0
split_gain=69.3503 115.622 280.502 82.6242
threshold=2175.9135911229901 -136.85337066678679 26430.000000000004 -106.8942349568121
decision_type=2 2 2 2
left_child=-1 2 -2 -3
right_child=1 3 -4 -5
leaf_value=0.10651489661955559 0.045703297730915242 0.14751405595204664 -0.24545452331768958 -0.026909214676037779
leaf_weight=15.999999999999998 23 15.999999999999998 19 18
leaf_count=16 23 16 19 18
internal_value=0 -0.0223788 -0.0851583 0.0541191
internal_weight=92 76 42 34
internal_count=92 76 42 34
is_linear=0
shrinkage=0.0562705


Tree=83
num_leaves=5
num_cat=0
split_feature=0 3 6 7
split_gain=67.128 69.8025 183.552 53.7779
threshold=-154.88727264845215 4.5000000000000009 -17.447916666666661 3149.8357656548701
decision_type=2 2 2 2
left_child=3 -2 -3 -1
right_child=1 2 -4 -5
leaf_value=0.12262601796273753 0.056114535775195894 -0.19993507894271403 0.059037550760807508 -0.0038702623106902805
leaf_weight=19 14.999999999999998 19.999999999999996 15.000000000000002 23
leaf_count=19 15 20 15 23
internal_value=0 -0.043996 -0.0879237 0.0525016
internal_weight=92 50 35 42
internal_count=92 50 35 42
is_linear=0
shrinkage=0.0562705


Tree=84
num_leaves=6
num_cat=0
split_feature=3 0 3 6 6
split_gain=63.4177 112.233 135.994 419.81 68.9981
threshold=21.500000000000004 -141.66560654353876 4.5000000000000009 -17.447916666666661 -9.5376659554291123
decision_type=2 2 2 2 2
left_child=1 4 -3 -4 -1
right_child=-2 2 3 -5 -6
leaf_value=0.12915799568088776 0.10189707224092287 0.055559917005542601 -0.37323357645462352 0.068923629614547177 -0.027553332180270632
leaf_weight=18 15.999999999999998 13.999999999999998 13.999999999999998 13.000000000000002 17
leaf_count=18 16 14 14 13 17
internal_value=0 -0.0213601 -0.0848733 -0.159017 0.0520179
internal_weight=92 76 41 27 35
internal_count=92 76 41 27 35
is_linear=0
shrinkage=0.0562705


Tree=85
num_leaves=6
num_cat=0
split_feature=0 0 0 5 4
split_gain=64.2899 217.395 202.082 107.884 62.0308
threshold=-136.85337066678679 -106.8942349568121 -183.04202694614983 17010.000000000004 52.500000000000007
decision_type=2 2 2 2 2
left_child=2 -2 3 -1 -3
right_child=1 4 -4 -5 -6
leaf_value=-0.053974352851045695 0.19999523875027481 0.030929739850836888 -0.2164840541458351 0.1511840550102648 -0.14116762569332791
leaf_weight=19 18 13.000000000000002 14.999999999999998 13.999999999999998 12.999999999999998
leaf_count=19 18 13 15 14 13
internal_value=0 0.049246 -0.0449208 0.0319774 -0.0537416
internal_weight=92 44 48 33 26
internal_count=92 44 48 33 26
is_linear=0
shrinkage=0.0562705


Tree=86
num_leaves=5
num_cat=0
split_feature=7 0 6 7
split_gain=57.8576 139.92 238.756 158.151
threshold=6361.1621698388572 -136.85337066678679 -12.698958333333332 3626.0787781484764
decision_type=2 2 2 2
left_child=1 3 -3 -1
right_child=-2 2 -4 -5
leaf_value=0.03733525949079277 -0.10989474919801051 0.21677562197999192 -0.072998483415497001 -0.18429399073184516
leaf_weight=25 12.999999999999998 22 14.999999999999998 17
leaf_count=25 13 22 15 17
internal_value=0 0.0182109 0.0983318 -0.0515192
internal_weight=92 79 37 42
internal_count=92 79 37 42
is_linear=0
shrinkage=0.0562705


Tree=87
num_leaves=6
num_cat=0
split_feature=0 6 0 6 0
split_gain=61.6028 62.7093 245.878 44.9859 50.3578
threshold=-154.88727264845215 -27.239583333333325 -111.18516672972943 -16.328124999999996 -226.83995672508794
decision_type=2 2 2 2 2
left_child=3 -2 -3 -1 -5
right_child=1 2 -4 4 -6
leaf_value=0.13753260148932461 0.062659830871062513 -0.26610751609394323 0.031882130546048958 0.077904580572818488 -0.070840970949683488
leaf_weight=12.999999999999998 12.999999999999998 13.999999999999998 23 15.999999999999998 13.000000000000002
leaf_count=13 13 14 23 16 13
internal_value=0 -0.0421204 -0.0799029 0.0503206 0.00999069
internal_weight=92 50 37 42 29
internal_count=92 50 37 42 29
is_linear=0
shrinkage=0.0562705


Tree=88
num_leaves=5
num_cat=0
split_feature=3 0 0 0
split_gain=55.9687 105.836 273.521 168.368
threshold=21.500000000000004 -106.8942349568121 -136.85337066678679 -183.04202694614983
decision_type=2 2 2 2
left_child=1 2 3 -1
right_child=-2 -3 -4 -5
leaf_value=0.03112401511310469 0.095774429625851101 -0.11801994434337801 0.23761452169851466 -0.21764372610221541
leaf_weight=24.999999999999996 15.999999999999998 24 13.999999999999998 13.000000000000002
leaf_count=25 16 24 14 13
internal_value=0 -0.0200175 0.0245257 -0.0530384
internal_weight=92 76 52 38
internal_count=92 76 52 38
is_linear=0
shrinkage=0.0562705


Tree=89
num_leaves=5
num_cat=0
split_feature=7 4 7 5
split_gain=55.898 64.9505 102.629 106.504
threshold=6361.1621698388572 61.500000000000007 2251.7170621192763 16410.000000000004
decision_type=2 2 2 2
left_child=1 2 -1 -4
right_child=-2 -3 3 -5
leaf_value=0.17388011432735109 -0.10798925111219643 -0.075247543259280306 0.082753387301295125 -0.089069445251493393
leaf_weight=14.999999999999998 12.999999999999998 18 25 21
leaf_count=15 13 18 25 21
internal_value=0 0.017928 0.0460095 0.00353403
internal_weight=92 79 61 46
internal_count=92 79 61 46
is_linear=0
shrinkage=0.0562705


Tree=90
num_leaves=6
num_cat=0
split_feature=1 7 3 7 3
split_gain=54.6171 270.591 75.9444 116.54 134.538
threshold=17.500000000000004 3896.611863004086 8.5000000000000018 3318.6267961802305 18.500000000000004
decision_type=2 2 2 2 2
left_child=1 -1 -2 -4 -5
right_child=2 -3 3 4 -6
leaf_value=0.10772240458024455 0.11366915742554953 -0.24116494015631187 -0.13499052332038164 -0.068253831078631685 0.18648908152245394
leaf_weight=14.000000000000002 22 13.999999999999998 15.999999999999998 13.000000000000002 12.999999999999998
leaf_count=14 22 14 16 13 13
internal_value=0 -0.0654423 0.0287831 -0.0148283 0.0577403
internal_weight=92 28 64 42 26
internal_count=92 28 64 42 26
is_linear=0
shrinkage=0.0562705


Tree=91
num_leaves=5
num_cat=0
split_feature=0 5 6 0
split_gain=56.3127 58.5275 58.2059 224.32
threshold=-154.88727264845215 17010.000000000004 -27.239583333333325 -111.18516672972943
decision_type=2 2 2 2
left_child=1 -1 -2 -4
right_child=2 -3 3 -5
leaf_value=-0.013750699123894407 0.060649157655014684 0.11799751583480199 -0.25453092144730316 0.030040706767471698
leaf_weight=22 12.999999999999998 20 13.999999999999998 23
leaf_count=22 13 20 14 23
internal_value=0 0.0481339 -0.0402487 -0.0766672
internal_weight=92 42 50 37
internal_count=92 42 50 37
is_linear=0
shrinkage=0.0562705


Tree=92
num_leaves=6
num_cat=0
split_feature=1 7 3 7 3
split_gain=50.4527 236.23 69.7053 104.441 121.886
threshold=17.500000000000004 3896.611863004086 8.5000000000000018 3318.6267961802305 18.500000000000004
decision_type=2 2 2 2 2
left_child=1 -1 -2 -4 -5
right_child=2 -3 3 4 -6
leaf_value=0.098783802839311138 0.1090094546478947 -0.22710867981740013 -0.12785995489537477 -0.065255081092555289 0.17716166682376344
leaf_weight=14.000000000000002 22 13.999999999999998 15.999999999999998 13.000000000000002 12.999999999999998
leaf_count=14 22 14 16 13 13
internal_value=0 -0.0628835 0.0276785 -0.0140708 0.054576
internal_weight=92 28 64 42 26
internal_count=92 28 64 42 26
is_linear=0
shrinkage=0.0562705


Tree=93
num_leaves=5
num_cat=0
split_feature=0 3 3 5
split_gain=51.5748 55.1628 110.595 54.2929
threshold=-154.88727264845215 16.500000000000004 4.5000000000000009 17010.000000000004
decision_type=2 2 2 2
left_child=3 2 -2 -1
right_child=1 -3 -4 -5
leaf_value=-0.013475178636572421 0.039005266635726857 0.054798920997515939 -0.15948089737963991 0.11337812126123774
leaf_weight=22 14.999999999999998 13.999999999999998 21 20
leaf_count=22 15 14 21 20
internal_value=0 -0.0385043 -0.0757836 0.0460785
internal_weight=92 50 36 42
internal_count=92 50 36 42
is_linear=0
shrinkage=0.0562705


Tree=94
num_leaves=5
num_cat=0
split_feature=7 0 6 7
split_gain=50.0836 118.615 189.261 127.781
threshold=6361.1621698388572 -136.85337066678679 -12.698958333333332 3626.0787781484764
decision_type=2 2 2 2
left_child=1 3 -3 -1
right_child=-2 2 -4 -5
leaf_value=0.032552513659324482 -0.10222143786799306 0.19624099152327526 -0.061554022331449118 -0.16656364385045078
leaf_weight=25 12.999999999999998 22 14.999999999999998 17
leaf_count=25 13 22 15 17
internal_value=0 0.0169672 0.0907617 -0.0471895
internal_weight=92 79 37 42
internal_count=92 79 37 42
is_linear=0
shrinkage=0.0562705


Tree=95
num_leaves=5
num_cat=0
split_feature=0 6 0 5
split_gain=51.9755 51.9759 196.786 49.389
threshold=-154.88727264845215 -27.239583333333325 -111.18516672972943 17010.000000000004
decision_type=2 2 2 2
left_child=3 -2 -3 -1
right_child=1 2 -4 -5
leaf_value=-0.010458784225547704 0.056580064998629123 -0.23969568457860885 0.02674855567343155 0.11040665972855367
leaf_weight=22 12.999999999999998 13.999999999999998 23 20
leaf_count=22 13 14 23 20
internal_value=0 -0.0386672 -0.0731004 0.0462436
internal_weight=92 50 37 42
internal_count=92 50 37 42
is_linear=0
shrinkage=0.0562705


Tree=96
num_leaves=6
num_cat=0
split_feature=2 3 3 2 2
split_gain=48.6856 121.765 96.0249 86.1189 77.8539
threshold=29340.000000000004 3.5000000000000004 7.5000000000000009 28045.000000000004 25530.000000000004
decision_type=2 2 2 2 2
left_child=1 -1 -3 4 -4
right_child=-2 2 3 -5 -6
leaf_value=-0.1321598223713914 -0.096507491032087458 0.18121282687822654 0.036654155329919565 0.13857159064056437 -0.12887167897277796
leaf_weight=13.999999999999998 13.999999999999998 13.999999999999998 22 12.999999999999998 14.999999999999998
leaf_count=14 14 14 22 13 15
internal_value=0 0.017455 0.0507428 0.0134949 -0.0294831
internal_weight=92 78 64 50 37
internal_count=92 78 64 50 37
is_linear=0
shrinkage=0.0562705


Tree=97
num_leaves=6
num_cat=0
split_feature=3 2 4 3 4
split_gain=45.5806 101.375 115.52 85.329 97.7164
threshold=21.500000000000004 28905.500000000004 62.500000000000007 7.5000000000000009 48.500000000000007
decision_type=2 2 2 2 2
left_child=1 2 3 -1 -5
right_child=-2 -3 -4 4 -6
leaf_value=0.16261473378257912 0.086428613310305533 -0.16131190391606043 -0.13777861358490034 -0.089187073086995736 0.098897973151849075
leaf_weight=14.999999999999998 15.999999999999998 12.999999999999998 12.999999999999998 18 17
leaf_count=15 16 13 13 18 17
internal_value=0 -0.0180666 0.0109236 0.0503024 0.00114536
internal_weight=92 76 63 50 35
internal_count=92 76 63 50 35
is_linear=0
shrinkage=0.0562705


Tree=98
num_leaves=6
num_cat=0
split_feature=1 0 0 3 4
split_gain=45.9294 236.418 74.4378 96.2444 13.4372
threshold=17.500000000000004 -159.01823468387715 -187.7463443130394 8.5000000000000018 48.500000000000007
decision_type=2 2 2 2 2
left_child=1 -1 -2 -4 -5
right_child=2 -3 3 4 -6
leaf_value=0.11383897589581567 -0.069661062926273623 -0.21306421957046318 0.16628192259103353 -0.042364602208429976 0.03579130243159899
leaf_weight=13.000000000000002 18 14.999999999999998 18 13.000000000000002 14.999999999999998
leaf_count=13 18 15 18 13 15
internal_value=0 -0.0600088 0.0263984 0.0647653 0
internal_weight=92 28 64 46 28
internal_count=92 28 64 46 28
is_linear=0
shrinkage=0.0562705


Tree=99
num_leaves=5
num_cat=0
split_feature=7 0 6 2
split_gain=48.672 108.679 176.242 114.029
threshold=6361.1621698388572 -136.85337066678679 -12.698958333333332 26430.000000000004
decision_type=2 2 2 2
left_child=1 3 -3 -1
right_child=-2 2 -4 -5
leaf_value=0.056015727305172916 -0.10079942835276454 0.1891464553611977 -0.059577435119282394 -0.12943163267126004
leaf_weight=19 12.999999999999998 22 14.999999999999998 23
leaf_count=19 13 22 15 23
internal_value=0 0.0166977 0.0873446 -0.0446861
internal_weight=92 79 37 42
internal_count=92 79 37 42
is_linear=0
shrinkage=0.0562705


Tree=100
num_leaves=5
num_cat=0
split_feature=0 5 6 0
split_gain=48.5183 51.9793 45.9408 176.84
threshold=-154.88727264845215 17010.000000000004 -27.239583333333325 -111.18516672972943
decision_type=2 2 2 2
left_child=1 -1 -2 -4
right_child=2 -3 3 -5
leaf_value=-0.013591663728161471 0.052045937368459978 0.11051414952197539 -0.22770946178116502 0.024803491557785225
leaf_weight=22 12.999999999999998 20 13.999999999999998 23
leaf_count=22 13 20 14 23
internal_value=0 0.0446537 -0.0373847 -0.0697741
internal_weight=92 42 50 37
internal_count=92 42 50 37
is_linear=0
shrinkage=0.0562705


Tree=101
num_leaves=5
num_cat=0
split_feature=3 0 0 7
split_gain=43.4778 97.8071 222.648 142.531
threshold=21.500000000000004 -106.8942349568121 -136.85337066678679 3626.0787781484764
decision_type=2 2 2 2
left_child=1 2 3 -1
right_child=-2 -3 -4 -5
leaf_value=0.032610152871737033 0.08439321458910265 -0.11190233626719111 0.2174129860411981 -0.19627654756795848
leaf_weight=25 15.999999999999998 24 13.999999999999998 12.999999999999998
leaf_count=25 16 24 14 13
internal_value=0 -0.0176632 0.0251431 -0.0447508
internal_weight=92 76 52 38
internal_count=92 76 52 38
is_linear=0
shrinkage=0.0562705


Tree=102
num_leaves=5
num_cat=0
split_feature=0 3 6 5
split_gain=44.9146 60.8739 93.4923 51.5424
threshold=-141.66560654353876 16.500000000000004 -17.447916666666661 17010.000000000004
decision_type=2 2 2 2
left_child=3 2 -2 -1
right_child=1 -3 -4 -5
leaf_value=-0.014747916308062799 -0.1666252634713975 0.063686814064648031 0.018524291867072478 0.10488259708733173
leaf_weight=24 17.999999999999996 12.999999999999998 16.000000000000004 21
leaf_count=24 18 13 16 21
internal_value=0 -0.0383684 -0.0784428 0.0402839
internal_weight=92 47 34 45
internal_count=92 47 34 45
is_linear=0
shrinkage=0.0562705


Tree=103
num_leaves=5
num_cat=0
split_feature=7 4 7 2
split_gain=44.0318 69.0808 76.8407 88.0141
threshold=6361.1621698388572 61.500000000000007 2251.7170621192763 26430.000000000004
decision_type=2 2 2 2
left_child=1 2 -1 -4
right_child=-2 -3 3 -5
leaf_value=0.15560536155531463 -0.095845395868865882 -0.080246590731344575 0.086514751167021731 -0.068988659758400905
leaf_weight=14.999999999999998 12.999999999999998 18 23 23
leaf_count=15 13 18 23 23
internal_value=0 0.0159105 0.0448718 0.00798455
internal_weight=92 79 61 46
internal_count=92 79 61 46
is_linear=0
shrinkage=0.0562705


Tree=104
num_leaves=6
num_cat=0
split_feature=1 0 0 6 6
split_gain=43.3971 200.245 67.3029 92.6948 16.7926
threshold=17.500000000000004 -159.01823468387715 -187.7463443130394 -17.447916666666661 -25.635361842105258
decision_type=2 2 2 2 2
left_child=1 -1 -2 4 -4
right_child=2 -3 3 -5 -6
leaf_value=0.10148613197881298 -0.065631196405068468 -0.19924046894905525 0.044865893782100555 0.16179253246783051 -0.042437557781283435
leaf_weight=13.000000000000002 18 14.999999999999998 13.000000000000002 18 14.999999999999998
leaf_count=13 18 15 13 18 15
internal_value=0 -0.0583385 0.0256529 0.0621513 -0.000624857
internal_weight=92 28 64 46 28
internal_count=92 28 64 46 28
is_linear=0
shrinkage=0.0562705


Tree=105
num_leaves=6
num_cat=0
split_feature=3 2 4 3 5
split_gain=40.1197 87.4564 101.621 74.6664 162.421
threshold=21.500000000000004 28905.500000000004 62.500000000000007 7.5000000000000009 17010.000000000004
decision_type=2 2 2 2 2
left_child=1 2 3 -1 -5
right_child=-2 -3 -4 4 -6
leaf_value=0.15195088170965043 0.0810714112318104 -0.15002236653576539 -0.12950582958019652 -0.091306495306854613 0.15954199581670567
leaf_weight=14.999999999999998 15.999999999999998 12.999999999999998 12.999999999999998 22 12.999999999999998
leaf_count=15 16 13 13 22 13
internal_value=0 -0.0169645 0.0099235 0.0468914 0.000842653
internal_weight=92 76 63 50 35
internal_count=92 76 63 50 35
is_linear=0
shrinkage=0.0562705


Tree=106
num_leaves=6
num_cat=0
split_feature=0 0 6 4 2
split_gain=43.4755 148.838 109.696 50.0253 27.7791
threshold=-136.85337066678679 -106.8942349568121 -13.807291666666666 52.500000000000007 26100.000000000004
decision_type=2 2 2 2 2
left_child=2 -2 -1 -3 -4
right_child=1 3 4 -5 -6
leaf_value=-0.13796379805404071 0.16529241131634978 0.031325859311892849 0.090448712056370062 -0.12317501690152564 -0.020059228846846234
leaf_weight=20 18 13.000000000000002 14.000000000000002 12.999999999999998 13.999999999999998
leaf_count=20 18 13 14 13 14
internal_value=0 0.0404824 -0.0369547 -0.0445473 0.0339158
internal_weight=92 44 48 26 28
internal_count=92 44 48 26 28
is_linear=0
shrinkage=0.0562705


Tree=107
num_leaves=5
num_cat=0
split_feature=1 0 3 4
split_gain=39.2733 177.347 64.549 66.3323
threshold=17.500000000000004 -159.01823468387715 8.5000000000000018 48.500000000000007
decision_type=2 2 2 2
left_child=1 -1 -2 -4
right_child=2 -3 3 -5
leaf_value=0.094788314189648365 0.10269650074051662 -0.18815123527309069 -0.090584691182949886 0.050616606499103267
leaf_weight=13.000000000000002 22 14.999999999999998 20 22
leaf_count=13 22 15 20 22
internal_value=0 -0.0555075 0.0243937 -0.0157695
internal_weight=92 28 64 42
internal_count=92 28 64 42
is_linear=0
shrinkage=0.0562705


Tree=108
num_leaves=6
num_cat=0
split_feature=0 0 6 4 2
split_gain=39.6231 132.514 95.8294 49.9017 23.79
threshold=-136.85337066678679 -106.8942349568121 -13.807291666666666 52.500000000000007 26100.000000000004
decision_type=2 2 2 2 2
left_child=2 -2 -1 -3 -4
right_child=1 3 4 -5 -6
leaf_value=-0.12968697101527368 0.15644978459898498 0.034327192894400956 0.083267516506513414 -0.12008745507861326 -0.018900844925509735
leaf_weight=20 18 13.000000000000002 14.000000000000002 12.999999999999998 13.999999999999998
leaf_count=20 18 13 14 13 14
internal_value=0 0.0386639 -0.0352626 -0.0415028 0.0309044
internal_weight=92 44 48 26 28
internal_count=92 44 48 26 28
is_linear=0
shrinkage=0.0562705


Tree=109
num_leaves=5
num_cat=0
split_feature=7 0 6 7
split_gain=43.4871 93.2956 145.847 101.431
threshold=6361.1621698388572 -136.85337066678679 -12.698958333333332 3626.0787781484764
decision_type=2 2 2 2
left_child=1 3 -3 -1
right_child=-2 2 -4 -5
leaf_value=0.029874849245815301 -0.095280781235131284 0.17389026965193313 -0.052211050230217333 -0.14745337152328991
leaf_weight=25 12.999999999999998 22 14.999999999999998 17
leaf_count=25 13 22 15 17
internal_value=0 0.0157819 0.0812597 -0.0410482
internal_weight=92 79 37 42
internal_count=92 79 37 42
is_linear=0
shrinkage=0.0562705


Tree=110
num_leaves=5
num_cat=0
split_feature=0 0 5 6
split_gain=44.5657 50.0575 49.8298 42.5203
threshold=-141.66560654353876 -118.66250670152141 17010.000000000004 -13.807291666666666
decision_type=2 2 2 2
left_child=2 -2 -1 -3
right_child=1 3 -4 -5
leaf_value=-0.013995597706373335 -0.12309782765887817 0.055147538475349277 0.10359924758122852 -0.076889529757477496
leaf_weight=24 14.999999999999998 18.999999999999996 21 13.000000000000002
leaf_count=24 15 19 21 13
internal_value=0 -0.0382602 0.0400862 0.000388389
internal_weight=92 47 45 32
internal_count=92 47 45 32
is_linear=0
shrinkage=0.0562705


Tree=111
num_leaves=6
num_cat=0
split_feature=5 5 6 0 2
split_gain=39.7297 149.638 130.772 175.161 46.1584
threshold=12210.000000000002 14460.000000000002 -18.213541666666664 -196.35031044176694 28045.000000000004
decision_type=2 2 2 2 2
left_child=-1 -2 4 -4 -3
right_child=1 2 3 -5 -6
leaf_value=0.080627833150274941 -0.17642116132051863 0.039225730944698993 0.065540100685462843 -0.18635215225404339 0.19341582384766082
leaf_weight=15.999999999999998 14.999999999999998 13.000000000000002 18.999999999999996 16.000000000000004 12.999999999999998
leaf_count=16 15 13 19 16 13
internal_value=0 -0.0169306 0.0217013 -0.0485875 0.117698
internal_weight=92 76 61 35 26
internal_count=92 76 61 35 26
is_linear=0
shrinkage=0.0562705


Tree=112
num_leaves=5
num_cat=0
split_feature=7 2 3 2
split_gain=41.977 64.3432 47.4665 40.8929
threshold=2175.9135911229901 26430.000000000004 18.500000000000004 24151.000000000004
decision_type=2 2 2 2
left_child=-1 3 -3 -2
right_child=1 2 -4 -5
leaf_value=0.082917443838698285 -0.023093191114307323 -0.1149796038496483 0.015356783442898123 0.09254174607308488
leaf_weight=15.999999999999998 19 25 12.999999999999998 19
leaf_count=16 19 25 13 19
internal_value=0 -0.0173621 -0.0694485 0.0337819
internal_weight=92 76 38 38
internal_count=92 76 38 38
is_linear=0
shrinkage=0.0562705


Tree=113
num_leaves=6
num_cat=0
split_feature=7 4 4 2 7
split_gain=39.5412 54.0432 64.8084 75.5732 58.6075
threshold=6361.1621698388572 61.500000000000007 49.500000000000007 25530.000000000004 3149.8357656548701
decision_type=2 2 2 2 2
left_child=1 2 3 -1 -5
right_child=-2 -3 -4 4 -6
leaf_value=0.11504429733254509 -0.0908440124142956 -0.069889491806850029 0.15236055258878023 0.025762596312647084 -0.12486322077388588
leaf_weight=14.999999999999998 12.999999999999998 18 12.999999999999998 19 13.999999999999998
leaf_count=15 13 18 13 19 14
internal_value=0 0.0150601 0.0407142 0.0097306 -0.0370541
internal_weight=92 79 61 48 33
internal_count=92 79 61 48 33
is_linear=0
shrinkage=0.0562705


Tree=114
num_leaves=6
num_cat=0
split_feature=3 2 3 3 5
split_gain=36.5389 76.0764 88.8322 77.7148 137.469
threshold=21.500000000000004 28905.500000000004 3.5000000000000004 7.5000000000000009 17010.000000000004
decision_type=2 2 2 2 2
left_child=1 2 -1 -4 -5
right_child=-2 -3 3 4 -6
leaf_value=-0.11543226307281963 0.077377620624505192 -0.14028540375043738 0.15715073896735995 -0.085442470311046972 0.14535561641725531
leaf_weight=13.999999999999998 15.999999999999998 12.999999999999998 13.999999999999998 22 12.999999999999998
leaf_count=14 16 13 14 22 13
internal_value=0 -0.0161811 0.00885932 0.045102 0
internal_weight=92 76 63 49 35
internal_count=92 76 63 49 35
is_linear=0
shrinkage=0.0562705


Tree=115
num_leaves=5
num_cat=0
split_feature=7 0 2 7
split_gain=38.6067 68.1912 180.932 64.3665
threshold=2175.9135911229901 -136.85337066678679 26430.000000000004 4356.1848395851348
decision_type=2 2 2 2
left_child=-1 2 -2 -3
right_child=1 3 -4 -5
leaf_value=0.079529333976680536 0.039930197555903588 0.115465174168448 -0.1937597879482609 -0.038487389458388199
leaf_weight=15.999999999999998 23 18 19 15.999999999999998
leaf_count=16 23 18 19 16
internal_value=0 -0.0166402 -0.0649341 0.0419637
internal_weight=92 76 42 34
internal_count=92 76 42 34
is_linear=0
shrinkage=0.0562705


Tree=116
num_leaves=5
num_cat=0
split_feature=0 5 0 6
split_gain=36.0832 43.1897 43.0645 41.2061
threshold=-141.66560654353876 17010.000000000004 -118.66250670152141 -13.807291666666666
decision_type=2 2 2 2
left_child=1 -1 -2 -4
right_child=2 -3 3 -5
leaf_value=-0.014158549848286897 -0.11309262102476089 0.095279578753259556 0.055305878568753603 -0.074637569687380501
leaf_weight=24 14.999999999999998 21 18.999999999999996 13.000000000000002
leaf_count=24 15 21 19 13
internal_value=0 0.0361168 -0.0343801 0.00139726
internal_weight=92 45 47 32
internal_count=92 45 47 32
is_linear=0
shrinkage=0.0562705


Tree=117
num_leaves=6
num_cat=0
split_feature=1 7 3 7 0
split_gain=38.5605 163.687 61.4275 82.8401 86.5795
threshold=17.500000000000004 4068.6405277686913 8.5000000000000018 3318.6267961802305 -127.64720333357278
decision_type=2 2 2 2 2
left_child=1 -1 -2 -4 -5
right_child=2 -3 3 4 -6
leaf_value=0.06988934903238346 0.10055654542077011 -0.20186269707633456 -0.1163692692469475 0.14945460122501619 -0.054655767211098619
leaf_weight=15.000000000000002 22 12.999999999999998 15.999999999999998 12.999999999999998 13.000000000000002
leaf_count=15 22 13 16 13 13
internal_value=0 -0.0550023 0.0241705 -0.0149887 0.0460221
internal_weight=92 28 64 42 26
internal_count=92 28 64 42 26
is_linear=0
shrinkage=0.0562705


Tree=118
num_leaves=5
num_cat=0
split_feature=7 0 2 5
split_gain=34.5179 62.2815 163.924 60.5535
threshold=2175.9135911229901 -136.85337066678679 26430.000000000004 15510.000000000002
decision_type=2 2 2 2
left_child=-1 2 -2 -3
right_child=1 3 -4 -5
leaf_value=0.075190046955086784 0.037836573877556665 -0.028970191270064116 -0.18455034491477204 0.12033045646824925
leaf_weight=15.999999999999998 23 18 19 15.999999999999998
leaf_count=16 23 18 19 16
internal_value=0 -0.0157445 -0.0619144 0.0402357
internal_weight=92 76 42 34
internal_count=92 76 42 34
is_linear=0
shrinkage=0.0562705


Tree=119
num_leaves=6
num_cat=0
split_feature=0 6 1 4 0
split_gain=35.4204 44.0949 40.7311 83.0186 26.8049
threshold=-141.66560654353876 -16.328124999999996 18.500000000000004 48.500000000000007 -226.83995672508794
decision_type=2 2 2 2 2
left_child=1 -1 3 -2 -3
right_child=2 4 -4 -5 -6
leaf_value=0.11460629705028784 -0.16702759934908551 0.046042981707240173 0.040937720836526414 0.012833054809380113 -0.060436089182573607
leaf_weight=14.999999999999998 14.999999999999998 15.999999999999998 14.999999999999998 17 14.000000000000002
leaf_count=15 15 16 15 17 14
internal_value=0 0.0357706 -0.0340759 -0.0703576 -0.00245356
internal_weight=92 45 47 32 30
internal_count=92 45 47 32 30
is_linear=0
shrinkage=0.0562705


Tree=120
num_leaves=5
num_cat=0
split_feature=7 0 6 7
split_gain=36.9789 85.286 126.621 87.5561
threshold=6361.1621698388572 -136.85337066678679 -12.698958333333332 3626.0787781484764
decision_type=2 2 2 2
left_child=1 3 -3 -1
right_child=-2 2 -4 -5
leaf_value=0.026079839487288675 -0.08781630726269779 0.16354442231960273 -0.046999206909936544 -0.13858096396019715
leaf_weight=25 12.999999999999998 22 14.999999999999998 17
leaf_count=25 13 22 15 17
internal_value=0 0.0145987 0.077221 -0.039716
internal_weight=92 79 37 42
internal_count=92 79 37 42
is_linear=0
shrinkage=0.0562705


Tree=121
num_leaves=6
num_cat=0
split_feature=0 0 3 6 7
split_gain=36.3253 41.2864 40.0007 81.2151 34.8262
threshold=-141.66560654353876 -187.7463443130394 16.500000000000004 -17.447916666666661 3149.8357656548701
decision_type=2 2 2 2 2
left_child=1 4 3 -2 -1
right_child=2 -3 -4 -5 -6
leaf_value=0.062894354132045263 -0.14931521994944316 0.11248455550600993 0.047858726315834453 0.023275239178057718 -0.058580711199869281
leaf_weight=14.000000000000002 17.999999999999996 14.999999999999998 12.999999999999998 16.000000000000004 15.999999999999998
leaf_count=14 18 15 13 16 16
internal_value=0 0.0362333 -0.0344997 -0.0670429 -0.000698655
internal_weight=92 45 47 34 30
internal_count=92 45 47 34 30
is_linear=0
shrinkage=0.0562705


Tree=122
num_leaves=5
num_cat=0
split_feature=1 0 3 4
split_gain=32.8134 147.826 54.3865 66.2258
threshold=17.500000000000004 -159.01823468387715 9.5000000000000018 48.500000000000007
decision_type=2 2 2 2
left_child=1 -1 -2 -4
right_child=2 -3 3 -5
leaf_value=0.086388160738449737 0.089574492241193626 -0.17184157320585672 -0.090149505428036972 0.054225265371994492
leaf_weight=13.000000000000002 24 14.999999999999998 20 20
leaf_count=13 24 15 20 20
internal_value=0 -0.0506703 0.0223641 -0.0170669
internal_weight=92 28 64 40
internal_count=92 28 64 40
is_linear=0
shrinkage=0.0562705


Tree=123
num_leaves=5
num_cat=0
split_feature=3 0 0 7
split_gain=32.979 67.5291 168.261 92.7087
threshold=21.500000000000004 -106.8942349568121 -136.85337066678679 3626.0787781484764
decision_type=2 2 2 2
left_child=1 2 3 -1
right_child=-2 -3 -4 -5
leaf_value=0.02161654927175537 0.073576128643170494 -0.093650823778878525 0.18738351091551383 -0.16271897435380914
leaf_weight=25 15.999999999999998 24 13.999999999999998 12.999999999999998
leaf_count=25 16 24 14 13
internal_value=0 -0.0153075 0.0201622 -0.0405032
internal_weight=92 76 52 38
internal_count=92 76 52 38
is_linear=0
shrinkage=0.0562705


Tree=124
num_leaves=6
num_cat=0
split_feature=7 4 4 2 7
split_gain=35.0029 59.4787 54.8341 63.3987 45.7671
threshold=6361.1621698388572 61.500000000000007 49.500000000000007 25530.000000000004 3149.8357656548701
decision_type=2 2 2 2 2
left_child=1 2 3 -1 -5
right_child=-2 -3 -4 4 -6
leaf_value=0.10900687327116151 -0.08539696347722471 -0.074938190439825247 0.14393524932012985 0.025173249871507812 -0.10788740637846524
leaf_weight=14.999999999999998 12.999999999999998 18 12.999999999999998 19 13.999999999999998
leaf_count=15 13 18 13 19 14
internal_value=0 0.0142436 0.0411466 0.0125619 -0.0301916
internal_weight=92 79 61 48 33
internal_count=92 79 61 48 33
is_linear=0
shrinkage=0.0562705


Tree=125
num_leaves=5
num_cat=0
split_feature=7 0 6 2
split_gain=31.1744 78.4775 115.112 71.6656
threshold=6361.1621698388572 -136.85337066678679 -12.698958333333332 26430.000000000004
decision_type=2 2 2 2
left_child=1 3 -3 -1
right_child=-2 2 -4 -5
leaf_value=0.040878458087793779 -0.080591642329218519 0.15585570365389195 -0.044824367500959493 -0.1058876360773327
leaf_weight=19 12.999999999999998 22 14.999999999999998 23
leaf_count=19 13 22 15 23
internal_value=0 0.0134421 0.0735311 -0.0386408
internal_weight=92 79 37 42
internal_count=92 79 37 42
is_linear=0
shrinkage=0.0562705


Tree=126
num_leaves=6
num_cat=0
split_feature=0 6 0 4 0
split_gain=34.8669 41.1315 36.3668 34.6672 25.4379
threshold=-141.66560654353876 -16.328124999999996 -118.66250670152141 52.500000000000007 -226.83995672508794
decision_type=2 2 2 2 2
left_child=1 -1 -2 -4 -3
right_child=2 4 3 -5 -6
leaf_value=0.11164812821695595 -0.1060678260372115 0.04589293334623077 0.055132447493765412 -0.062234004226282003 -0.057879712069654879
leaf_weight=14.999999999999998 14.999999999999998 15.999999999999998 17 14.999999999999998 14.000000000000002
leaf_count=15 15 16 17 15 14
internal_value=0 0.0355265 -0.0337718 0 -0.00134061
internal_weight=92 45 47 32 30
internal_count=92 45 47 32 30
is_linear=0
shrinkage=0.0562705


Tree=127
num_leaves=5
num_cat=0
split_feature=0 5 7 7
split_gain=31.0533 42.6766 36.304 94.8791
threshold=-141.66560654353876 17010.000000000004 2628.2845519729408 4317.0811955077206
decision_type=2 2 2 2
left_child=1 -1 -2 -4
right_child=2 -3 3 -5
leaf_value=-0.016473223050465533 -0.10780066958236774 0.092376292650619085 0.098690065458626103 -0.092222990614935607
leaf_weight=24 13.999999999999998 21 15.999999999999998 17
leaf_count=24 14 21 16 17
internal_value=0 0.0335274 -0.0318715 0
internal_weight=92 45 47 33
internal_count=92 45 47 33
is_linear=0
shrinkage=0.0562705


Tree=128
num_leaves=5
num_cat=0
split_feature=7 0 2 5
split_gain=32.1019 55.2485 143.257 56.5041
threshold=2175.9135911229901 -136.85337066678679 26430.000000000004 15510.000000000002
decision_type=2 2 2 2
left_child=-1 2 -2 -3
right_child=1 3 -4 -5
leaf_value=0.072531737757990877 0.03449703461111512 -0.029294388503873805 -0.17332301202037692 0.11492742717667837
leaf_weight=15.999999999999998 23 18 19 15.999999999999998
leaf_count=16 23 18 19 16
internal_value=0 -0.0151626 -0.0586642 0.0375215
internal_weight=92 76 42 34
internal_count=92 76 42 34
is_linear=0
shrinkage=0.0562705


Tree=129
num_leaves=5
num_cat=0
split_feature=1 0 4 6
split_gain=32.2486 131.688 53.0807 105.87
threshold=17.500000000000004 -159.01823468387715 48.500000000000007 -19.406249999999996
decision_type=2 2 2 2
left_child=1 -1 -2 -4
right_child=2 -3 3 -5
leaf_value=0.078968491421031517 -0.043140440878693349 -0.16464919570966158 -0.054290245978297021 0.13353569075913499
leaf_weight=13.000000000000002 24 14.999999999999998 14.999999999999998 25
leaf_count=13 24 15 15 25
internal_value=0 -0.050262 0.0221414 0.0622057
internal_weight=92 28 64 40
internal_count=92 28 64 40
is_linear=0
shrinkage=0.0562705


Tree=130
num_leaves=5
num_cat=0
split_feature=5 5 0 2
split_gain=29.2883 121.599 46.2047 58.6925
threshold=12210.000000000002 14460.000000000002 -136.85337066678679 28343.500000000004
decision_type=2 2 2 2
left_child=-1 -2 3 -3
right_child=1 2 -4 -5
leaf_value=0.069273350501636688 -0.15829905247181611 0.03307919323826522 0.079344229552105766 -0.1159213281104389
leaf_weight=15.999999999999998 14.999999999999998 23 25 12.999999999999998
leaf_count=16 15 23 25 13
internal_value=0 -0.0144898 0.0202861 -0.0197318
internal_weight=92 76 61 36
internal_count=92 76 61 36
is_linear=0
shrinkage=0.0562705


Tree=131
num_leaves=6
num_cat=0
split_feature=1 5 7 7 6
split_gain=29.2805 133.03 46.9523 126.356 156.066
threshold=17.500000000000004 15990.000000000002 2251.7170621192763 3839.0499783796422 -24.265624999999996
decision_type=2 2 2 2 2
left_child=1 -1 -2 -4 -5
right_child=2 -3 3 4 -6
leaf_value=-0.1803823517165003 0.11662174890108021 0.064533376468100589 -0.1090937458571803 -0.055657008061968175 0.19969810104093774
leaf_weight=13.000000000000002 12.999999999999998 14.999999999999998 21 14.999999999999998 15.000000000000002
leaf_count=13 13 15 21 15 15
internal_value=0 -0.0478986 0.0210925 -0.00255592 0.0708269
internal_weight=92 28 64 51 30
internal_count=92 28 64 51 30
is_linear=0
shrinkage=0.0562705


Tree=132
num_leaves=6
num_cat=0
split_feature=5 5 6 0 2
split_gain=29.0364 109.69 110.522 130.617 37.2649
threshold=12210.000000000002 14460.000000000002 -18.213541666666664 -168.49019388990922 28045.000000000004
decision_type=2 2 2 2 2
left_child=-1 -2 4 -4 -3
right_child=1 2 3 -5 -6
leaf_value=0.068987328613349802 -0.1510051470920869 0.036001116735639452 0.036218891290057439 -0.18784742992129277 0.17500870669111077
leaf_weight=15.999999999999998 14.999999999999998 13.000000000000002 21.999999999999996 13.000000000000002 12.999999999999998
leaf_count=16 15 13 22 13 13
internal_value=0 -0.0144149 0.0185859 -0.0459826 0.106882
internal_weight=92 76 61 35 26
internal_count=92 76 61 35 26
is_linear=0
shrinkage=0.0562705


Tree=133
num_leaves=5
num_cat=0
split_feature=7 4 7 5
split_gain=28.5427 56.5009 44.4725 73.0956
threshold=6361.1621698388572 61.500000000000007 2251.7170621192763 16410.000000000004
decision_type=2 2 2 2
left_child=1 2 -1 -4
right_child=-2 -3 3 -5
leaf_value=0.12345597224702795 -0.077134451809621654 -0.074078310110720927 0.07646286831300228 -0.065695724507193271
leaf_weight=14.999999999999998 12.999999999999998 18 25 21
leaf_count=15 13 18 25 21
internal_value=0 0.0128428 0.0390787 0.0107859
internal_weight=92 79 61 46
internal_count=92 79 61 46
is_linear=0
shrinkage=0.0562705


Tree=134
num_leaves=6
num_cat=0
split_feature=0 0 6 4 6
split_gain=29.4995 97.3318 55.0496 41.2491 13.3008
threshold=-136.85337066678679 -106.8942349568121 -13.807291666666666 52.500000000000007 -6.6666666666666661
decision_type=2 2 2 2 2
left_child=2 -2 -1 -3 -4
right_child=1 3 4 -5 -6
leaf_value=-0.10200296519001151 0.13438261976145127 0.033630643531681104 0.058846856277213574 -0.10672150867138247 -0.017382196887349443
leaf_weight=20 18 13.000000000000002 14.000000000000002 12.999999999999998 13.999999999999998
leaf_count=20 18 13 14 13 14
internal_value=0 0.0333797 -0.0304074 -0.0351681 0.0194534
internal_weight=92 44 48 26 28
internal_count=92 44 48 26 28
is_linear=0
shrinkage=0.0562705


Tree=135
num_leaves=6
num_cat=0
split_feature=0 6 5 5 4
split_gain=27.0965 44.3268 35.8183 80.0329 20.059
threshold=-141.66560654353876 -16.328124999999996 16560.000000000004 14580.000000000002 48.500000000000007
decision_type=2 2 2 2 2
left_child=1 -1 3 -2 -3
right_child=2 4 -4 -5 -6
leaf_value=0.11043848176452344 -0.071640151551075407 0.031797751124161049 -0.1092337729189337 0.10377414718867428 -0.06065370178163261
leaf_weight=14.999999999999998 20 17.000000000000004 12.999999999999998 13.999999999999998 12.999999999999998
leaf_count=15 20 17 13 14 13
internal_value=0 0.0313031 -0.0297873 0 -0.00707086
internal_weight=92 45 47 34 30
internal_count=92 45 47 34 30
is_linear=0
shrinkage=0.0562705


Tree=136
num_leaves=5
num_cat=0
split_feature=0 0 2 4
split_gain=28.7106 90.9795 56.8454 36.1383
threshold=-136.85337066678679 -106.8942349568121 26430.000000000004 52.500000000000007
decision_type=2 2 2 2
left_child=2 -2 -1 -3
right_child=1 3 -4 -5
leaf_value=0.032702336429696097 0.13057799504173032 0.030942674344895973 -0.089133174224347245 -0.10031868849761572
leaf_weight=23 18 13.000000000000002 25 12.999999999999998
leaf_count=23 18 13 25 13
internal_value=0 0.0329208 -0.0300076 -0.0333107
internal_weight=92 44 48 26
internal_count=92 44 48 26
is_linear=0
shrinkage=0.0562705


Tree=137
num_leaves=6
num_cat=0
split_feature=1 0 0 6 6
split_gain=28.2769 118.774 53.701 87.4665 13.7643
threshold=17.500000000000004 -159.01823468387715 -187.7463443130394 -17.447916666666661 -25.635361842105258
decision_type=2 2 2 2 2
left_child=1 -1 -2 4 -4
right_child=2 -3 3 -5 -6
leaf_value=0.075586298211514455 -0.060734559090309011 -0.15573812792010855 0.033211697400174517 0.15027809526288882 -0.045358552552898924
leaf_weight=13.000000000000002 18 14.999999999999998 13.000000000000002 18 14.999999999999998
leaf_count=13 18 15 13 18 15
internal_value=0 -0.0470586 0.0207398 0.0533996 -0.00760055
internal_weight=92 28 64 46 28
internal_count=92 28 64 46 28
is_linear=0
shrinkage=0.0562705


Tree=138
num_leaves=5
num_cat=0
split_feature=1 5 4 6
split_gain=25.1028 118.349 49.5302 89.8977
threshold=17.500000000000004 15990.000000000002 48.500000000000007 -19.406249999999996
decision_type=2 2 2 2
left_child=1 -1 -2 -4
right_child=2 -3 3 -5
leaf_value=-0.16934987586019912 -0.043516486063399827 0.061617194546087752 -0.048931396593507828 0.1240251797296102
leaf_weight=13.000000000000002 24 14.999999999999998 14.999999999999998 25
leaf_count=13 24 15 15 25
internal_value=0 -0.0443386 0.0195413 0.0582712
internal_weight=92 28 64 40
internal_count=92 28 64 40
is_linear=0
shrinkage=0.0562705


Tree=139
num_leaves=6
num_cat=0
split_feature=5 5 6 6 2
split_gain=25.1901 96.723 106.481 80.7547 32.6393
threshold=12210.000000000002 14460.000000000002 -18.213541666666664 -9.5376659554291123 28045.000000000004
decision_type=2 2 2 2 2
left_child=-1 -2 4 -4 -3
right_child=1 2 3 -5 -6
leaf_value=0.064244261426404325 -0.14171836757296583 0.037554636830409077 -0.15733947237671256 0.018403157074657461 0.16809305526757212
leaf_weight=15.999999999999998 14.999999999999998 13.000000000000002 12.999999999999995 22.000000000000004 12.999999999999998
leaf_count=16 15 13 13 22 13
internal_value=0 -0.0134379 0.0175195 -0.0458495 0.104201
internal_weight=92 76 61 35 26
internal_count=92 76 61 35 26
is_linear=0
shrinkage=0.0562705


Tree=140
num_leaves=6
num_cat=0
split_feature=0 6 2 3 0
split_gain=26.5321 54.7243 41.2414 47.5789 23.8128
threshold=-154.88727264845215 -16.328124999999996 26430.000000000004 11.500000000000002 -226.83995672508794
decision_type=2 2 2 2 2
left_child=1 -1 -2 -4 -3
right_child=2 4 3 -5 -6
leaf_value=0.12920279299124005 0.036475878965178017 0.035750885095595278 -0.12742629191780747 0.011525123627535315 -0.066321499026014225
leaf_weight=12.999999999999998 19 15.999999999999998 18.000000000000004 12.999999999999998 13.000000000000002
leaf_count=13 19 16 18 13 13
internal_value=0 0.0330827 -0.0275837 -0.0680012 -0.00877085
internal_weight=92 42 50 31 29
internal_count=92 42 50 31 29
is_linear=0
shrinkage=0.0562705


Tree=141
num_leaves=6
num_cat=0
split_feature=0 0 6 4 2
split_gain=26.6847 83.1629 53.6007 36.6857 15.1883
threshold=-136.85337066678679 -106.8942349568121 -13.807291666666666 52.500000000000007 26100.000000000004
decision_type=2 2 2 2 2
left_child=2 -2 -1 -3 -4
right_child=1 3 4 -5 -6
leaf_value=-0.099533309589711641 0.12518318133243531 0.033327929827778983 0.062402844872169877 -0.099021831964238013 -0.019179381280518822
leaf_weight=20 18 13.000000000000002 14.000000000000002 12.999999999999998 13.999999999999998
leaf_count=20 18 13 14 13 14
internal_value=0 0.0318017 -0.0288654 -0.0314696 0.0203328
internal_weight=92 44 48 26 28
internal_count=92 44 48 26 28
is_linear=0
shrinkage=0.0562705


Tree=142
num_leaves=5
num_cat=0
split_feature=7 1 3 4
split_gain=26.7684 67.0297 66.354 60.4856
threshold=3149.8357656548701 17.500000000000004 18.500000000000004 52.500000000000007
decision_type=2 2 2 2
left_child=3 -2 -3 -1
right_child=1 2 -4 -5
leaf_value=0.090691721727487531 -0.11788666347167441 -0.036558718973105524 0.11973580422959751 -0.058949931906240899
leaf_weight=24 17 25 12.999999999999998 12.999999999999998
leaf_count=24 17 25 13 13
internal_value=0 -0.0247541 0.0159681 0.0371471
internal_weight=92 55 38 37
internal_count=92 55 38 37
is_linear=0
shrinkage=0.0562705


Tree=143
num_leaves=5
num_cat=0
split_feature=7 0 6 7
split_gain=25.5596 65.6953 95.086 63.8236
threshold=6361.1621698388572 -136.85337066678679 -12.698958333333332 3626.0787781484764
decision_type=2 2 2 2
left_child=1 3 -3 -1
right_child=-2 2 -4 -5
leaf_value=0.02051894961248862 -0.073003201135789023 0.1420022764843519 -0.040244855186247194 -0.11989865380224679
leaf_weight=25 12.999999999999998 22 14.999999999999998 17
leaf_count=25 13 22 15 17
internal_value=0 0.0121426 0.0671505 -0.0354641
internal_weight=92 79 37 42
internal_count=92 79 37 42
is_linear=0
shrinkage=0.0562705


Tree=144
num_leaves=6
num_cat=0
split_feature=0 6 5 5 4
split_gain=27.9588 41.274 36.7566 71.4849 19.9811
threshold=-141.66560654353876 -16.328124999999996 16560.000000000004 14580.000000000002 48.500000000000007
decision_type=2 2 2 2 2
left_child=1 -1 3 -2 -3
right_child=2 4 -4 -5 -6
leaf_value=0.1081184071925155 -0.067762208494939621 0.033644989898561288 -0.11074917116341869 0.098020784620950471 -0.058724441007008167
leaf_weight=14.999999999999998 20 17.000000000000004 12.999999999999998 13.999999999999998 12.999999999999998
leaf_count=15 20 17 13 14 13
internal_value=0 0.031785 -0.0302701 0 -0.00518808
internal_weight=92 45 47 34 30
internal_count=92 45 47 34 30
is_linear=0
shrinkage=0.0562705


Tree=145
num_leaves=6
num_cat=0
split_feature=2 1 0 2 0
split_gain=25.0894 67.6343 92.6799 41.8646 10.1225
threshold=29340.000000000004 17.500000000000004 -187.7463443130394 24810.000000000004 -111.18516672972943
decision_type=2 2 2 2 2
left_child=1 -1 -3 -4 -5
right_child=-2 2 3 4 -6
leaf_value=-0.070433407649538982 -0.069282383765653613 -0.062627857037837464 0.0084990990778104954 0.17392289933598898 0.093836665381111517
leaf_weight=22 13.999999999999998 17 12.999999999999998 12.999999999999998 13.000000000000002
leaf_count=22 14 17 13 13 13
internal_value=0 0.0125276 0.0457589 0.0939227 0.135257
internal_weight=92 78 56 39 26
internal_count=92 78 56 39 26
is_linear=0
shrinkage=0.0562705


Tree=146
num_leaves=5
num_cat=0
split_feature=0 2 4 5
split_gain=28.0354 43.7122 41.9648 26.8187
threshold=-154.88727264845215 26430.000000000004 49.500000000000007 17010.000000000004
decision_type=2 2 2 2
left_child=3 -2 -3 -1
right_child=1 2 -4 -5
leaf_value=-0.007427480789289208 0.037591337576922894 -0.12942202523236843 0 0.081289344369195396
leaf_weight=22 19 17.000000000000004 13.999999999999998 20
leaf_count=22 19 17 14 20
internal_value=0 -0.0283955 -0.0699943 0.033966
internal_weight=92 50 31 42
internal_count=92 50 31 42
is_linear=0
shrinkage=0.0562705


Tree=147
num_leaves=6
num_cat=0
split_feature=0 6 7 7 0
split_gain=24.8653 47.3186 35.2555 76.9861 21.9975
threshold=-154.88727264845215 -16.328124999999996 2628.2845519729408 4317.0811955077206 -226.83995672508794
decision_type=2 2 2 2 2
left_child=1 -1 -2 -4 -3
right_child=2 4 3 -5 -6
leaf_value=0.12137220219696011 -0.10254811850793763 0.035952478904562463 0.08972898054134551 -0.075046306016999589 -0.062215062449156353
leaf_weight=12.999999999999998 13.999999999999998 15.999999999999998 17 19 13.000000000000002
leaf_count=13 14 16 17 19 13
internal_value=0 0.0320067 -0.0267232 0.00176951 -0.00681881
internal_weight=92 42 50 36 29
internal_count=92 42 50 36 29
is_linear=0
shrinkage=0.0562705


Tree=148
num_leaves=6
num_cat=0
split_feature=0 0 6 4 5
split_gain=24.7802 70.054 53.4438 32.285 14.598
threshold=-136.85337066678679 -106.8942349568121 -13.807291666666666 52.500000000000007 16560.000000000004
decision_type=2 2 2 2 2
left_child=2 -2 -1 -3 -4
right_child=1 3 4 -5 -6
leaf_value=-0.098456093887250115 0.11630517673689747 0.03332536945120735 0.059713882295530367 -0.0908430815559048 -0.020360364108978405
leaf_weight=20 18 13.000000000000002 15.000000000000002 12.999999999999998 12.999999999999998
leaf_count=20 18 13 15 13 13
internal_value=0 0.0305855 -0.0278771 -0.0273815 0.0212576
internal_weight=92 44 48 26 28
internal_count=92 44 48 26 28
is_linear=0
shrinkage=0.0562705


Tree=149
num_leaves=5
num_cat=0
split_feature=7 0 2 3
split_gain=24.632 42.3677 122.435 37.2646
threshold=2175.9135911229901 -136.85337066678679 26430.000000000004 10.500000000000002
decision_type=2 2 2 2
left_child=-1 2 -2 -3
right_child=1 3 -4 -5
leaf_value=0.063535864493920832 0.034633253928649792 0.092139725489518015 -0.15746694955234292 -0.024483498144367153
leaf_weight=15.999999999999998 23 17 19 17
leaf_count=16 23 17 19 17
internal_value=0 -0.0132808 -0.0514166 0.0327749
internal_weight=92 76 42 34
internal_count=92 76 42 34
is_linear=0
shrinkage=0.0562705


Tree=150
num_leaves=6
num_cat=0
split_feature=0 6 4 6 4
split_gain=26.4036 37.3305 34.1008 26.9257 17.6535
threshold=-141.66560654353876 -16.328124999999996 48.500000000000007 -13.807291666666666 48.500000000000007
decision_type=2 2 2 2 2
left_child=1 -1 -2 -4 -3
right_child=2 4 3 -5 -6
leaf_value=0.10348941919978148 -0.093202708183173166 0.032241932987901303 -0.03974306812158486 0.067557659941632736 -0.05459879264041706
leaf_weight=14.999999999999998 17 17.000000000000004 17.000000000000004 12.999999999999998 12.999999999999998
leaf_count=15 17 17 17 13 13
internal_value=0 0.0309038 -0.0294006 0.00556023 -0.00419536
internal_weight=92 45 47 30 30
internal_count=92 45 47 30 30
is_linear=0
shrinkage=0.0562705


Tree=151
num_leaves=5
num_cat=0
split_feature=0 2 3 5
split_gain=23.8393 35.0987 41.0644 26.2067
threshold=-154.88727264845215 26430.000000000004 11.500000000000002 17010.000000000004
decision_type=2 2 2 2
left_child=3 -2 -3 -1
right_child=1 2 -4 -5
leaf_value=-0.009599057411837076 0.032825697020591134 -0.11868490118511743 0.010225154600912926 0.078171279351238965
leaf_weight=22 19 18.000000000000004 12.999999999999998 20
leaf_count=22 19 18 13 20
internal_value=0 -0.0261618 -0.0634707 0.0313437
internal_weight=92 50 31 42
internal_count=92 50 31 42
is_linear=0
shrinkage=0.0562705


Tree=152
num_leaves=6
num_cat=0
split_feature=0 0 6 4 5
split_gain=23.2141 64.9468 47.2149 31.7325 13.8994
threshold=-136.85337066678679 -106.8942349568121 -13.807291666666666 52.500000000000007 16560.000000000004
decision_type=2 2 2 2 2
left_child=2 -2 -1 -3 -4
right_child=1 3 4 -5 -6
leaf_value=-0.093300550891176573 0.11217735613284134 0.034049531355539037 0.056744048990307328 -0.089085841244716246 -0.021460040944525218
leaf_weight=20 18 13.000000000000002 15.000000000000002 12.999999999999998 12.999999999999998
leaf_count=20 18 13 15 13 13
internal_value=0 0.02963 -0.0269548 -0.0261408 0.0191561
internal_weight=92 44 48 26 28
internal_count=92 44 48 26 28
is_linear=0
shrinkage=0.0562705


Tree=153
num_leaves=6
num_cat=0
split_feature=0 6 4 7 0
split_gain=22.6684 36.6255 32.9571 34.2323 17.4262
threshold=-141.66560654353876 -16.328124999999996 48.500000000000007 4068.6405277686913 -226.83995672508794
decision_type=2 2 2 2 2
left_child=1 -1 -2 -4 -3
right_child=2 4 3 -5 -6
leaf_value=0.10058864456782046 -0.089990653742843055 0.032617116663123003 0.060764505742141491 -0.060225522659762352 -0.052971017022932852
leaf_weight=14.999999999999998 17 15.999999999999998 17.000000000000004 12.999999999999998 14.000000000000002
leaf_count=15 17 16 17 13 14
internal_value=0 0.0286469 -0.0272293 0.0071418 -0.00613033
internal_weight=92 45 47 30 30
internal_count=92 45 47 30 30
is_linear=0
shrinkage=0.0562705


Tree=154
num_leaves=5
num_cat=0
split_feature=5 5 6 3
split_gain=21.906 55.7345 86.1245 62.0533
threshold=12750.000000000002 14580.000000000002 -18.213541666666664 12.500000000000002
decision_type=2 2 2 2
left_child=-1 -2 -3 -4
right_child=1 2 3 -5
leaf_value=0.053916477777902379 -0.11080769280991773 0.089814713252556896 0.016106373735044248 -0.13862063010556422
leaf_weight=19 14.999999999999998 25 19 13.999999999999998
leaf_count=19 15 25 19 14
internal_value=0 -0.0139124 0.0105293 -0.0484502
internal_weight=92 73 58 33
internal_count=92 73 58 33
is_linear=0
shrinkage=0.0562705


Tree=155
num_leaves=6
num_cat=0
split_feature=3 2 5 4 7
split_gain=22.7765 57.9127 50.489 76.7282 76.7168
threshold=3.5000000000000004 29340.000000000004 12750.000000000002 48.500000000000007 5241.4328057374614
decision_type=2 2 2 2 2
left_child=-1 2 -2 -4 -5
right_child=1 -3 3 4 -6
leaf_value=-0.063322371206541939 0.12949536416825538 -0.095074364483461196 -0.084451863220401421 0.13785970221093413 -0.036180354987483287
leaf_weight=14.999999999999998 13.999999999999998 12.999999999999998 18 18 13.999999999999998
leaf_count=15 14 13 18 18 14
internal_value=0 0.0124697 0.0348741 0.0076639 0.0605981
internal_weight=92 77 64 50 32
internal_count=92 77 64 50 32
is_linear=0
shrinkage=0.0562705


Tree=156
num_leaves=6
num_cat=0
split_feature=0 6 2 3 0
split_gain=22.8348 42.2048 29.2742 37.1889 18.4771
threshold=-154.88727264845215 -16.328124999999996 26430.000000000004 11.500000000000002 -226.83995672508794
decision_type=2 2 2 2 2
left_child=1 -1 -2 -4 -3
right_child=2 4 3 -5 -6
leaf_value=0.11504660147388296 0.028094782695277914 0.033140025337460147 -0.1122784964359093 0.010309245582195922 -0.05681230943447875
leaf_weight=12.999999999999998 19 15.999999999999998 18.000000000000004 12.999999999999998 13.000000000000002
leaf_count=13 19 16 18 13 13
internal_value=0 0.0306497 -0.0256314 -0.0597156 -0.00594859
internal_weight=92 42 50 31 29
internal_count=92 42 50 31 29
is_linear=0
shrinkage=0.0562705


Tree=157
num_leaves=5
num_cat=0
split_feature=7 0 2 5
split_gain=23.9101 42.6898 108.755 46.8849
threshold=2175.9135911229901 -136.85337066678679 26430.000000000004 15510.000000000002
decision_type=2 2 2 2
left_child=-1 2 -2 -3
right_child=1 3 -4 -5
leaf_value=0.062622729658075985 0.029660108484054301 -0.027560777537119087 -0.15128120198450626 0.10374402360255484
leaf_weight=15.999999999999998 23 18 19 15.999999999999998
leaf_count=16 23 18 19 16
internal_value=0 -0.0130597 -0.0513417 0.0331765
internal_weight=92 76 42 34
internal_count=92 76 42 34
is_linear=0
shrinkage=0.0562705


Tree=158
num_leaves=5
num_cat=0
split_feature=7 6 3 6
split_gain=21.9486 127.243 54.1036 126.42
threshold=3149.8357656548701 -12.401041666666663 18.500000000000004 -17.447916666666661
decision_type=2 2 2 2
left_child=1 -1 3 -2
right_child=2 -3 -4 -5
leaf_value=0.15378173745738669 -0.15819627841947609 -0.056212480982660212 0.053380757335915796 0.052796480468974678
leaf_weight=15.999999999999998 20 21 19 15.999999999999998
leaf_count=16 20 21 19 16
internal_value=0 0.033628 -0.0224241 -0.063427
internal_weight=92 37 55 36
internal_count=92 37 55 36
is_linear=0
shrinkage=0.0562705


Tree=159
num_leaves=6
num_cat=0
split_feature=0 6 7 7 4
split_gain=21.1687 39.7652 31.5331 61.0379 17.0842
threshold=-154.88727264845215 -16.328124999999996 2628.2845519729408 4317.0811955077206 48.500000000000007
decision_type=2 2 2 2 2
left_child=1 -1 -2 -4 -3
right_child=2 4 3 -5 -6
leaf_value=0.11151339790432695 -0.096334412131460434 0.031619083705977553 0.08071117872817582 -0.065980447592947924 -0.054849911299221565
leaf_weight=12.999999999999998 13.999999999999998 16.000000000000004 17 19 12.999999999999998
leaf_count=13 14 16 17 19 13
internal_value=0 0.0295841 -0.0246044 0.00229586 -0.00590803
internal_weight=92 42 50 36 29
internal_count=92 42 50 36 29
is_linear=0
shrinkage=0.0562705


Tree=160
num_leaves=6
num_cat=0
split_feature=0 0 6 4 6
split_gain=21.7935 59.2336 49.6692 29.8831 11.4593
threshold=-136.85337066678679 -106.8942349568121 -13.807291666666666 52.500000000000007 -6.6666666666666661
decision_type=2 2 2 2 2
left_child=2 -2 -1 -3 -4
right_child=1 3 4 -5 -6
leaf_value=-0.094159356387810977 0.10757456001400277 0.033896289050949373 0.057734798451403703 -0.085601745099247797 -0.012689533230817451
leaf_weight=20 18 13.000000000000002 14.000000000000002 12.999999999999998 13.999999999999998
leaf_count=20 18 13 14 13 14
internal_value=0 0.0287312 -0.0260949 -0.0244754 0.0212437
internal_weight=92 44 48 26 28
internal_count=92 44 48 26 28
is_linear=0
shrinkage=0.0562705


Tree=161
num_leaves=5
num_cat=0
split_feature=7 0 2 5
split_gain=22.8304 37.0549 94.3413 43.6025
threshold=2175.9135911229901 -136.85337066678679 26430.000000000004 15510.000000000002
decision_type=2 2 2 2
left_child=-1 2 -2 -3
right_child=1 3 -4 -5
leaf_value=0.061211414729365685 0.026923464381993459 -0.028260385421758748 -0.14152114515881437 0.098382472459877982
leaf_weight=15.999999999999998 23 18 19 15.999999999999998
leaf_count=16 23 18 19 16
internal_value=0 -0.0127424 -0.048425 0.030283
internal_weight=92 76 42 34
internal_count=92 76 42 34
is_linear=0
shrinkage=0.0562705


Tree=162
num_leaves=6
num_cat=0
split_feature=0 6 4 7 4
split_gain=22.6703 32.015 28.9794 29.5938 15.6379
threshold=-141.66560654353876 -16.328124999999996 48.500000000000007 3626.0787781484764 48.500000000000007
decision_type=2 2 2 2 2
left_child=1 -1 -2 -4 -3
right_child=2 4 3 -5 -6
leaf_value=0.095905776450435382 -0.086020704717646904 0.030483657652778728 0.069911002564816832 -0.042633442707235104 -0.051243782147101874
leaf_weight=14.999999999999998 17 17.000000000000004 13.000000000000002 17 12.999999999999998
leaf_count=15 17 17 13 17 13
internal_value=0 0.0286809 -0.0271974 0.00494213 -0.00373788
internal_weight=92 45 47 30 30
internal_count=92 45 47 30 30
is_linear=0
shrinkage=0.0562705


Tree=163
num_leaves=6
num_cat=0
split_feature=1 4 6 5 6
split_gain=19.8049 46.7287 41.8647 36.6803 94.1886
threshold=16.500000000000004 60.500000000000007 -12.401041666666663 14460.000000000002 -18.213541666666664
decision_type=2 2 2 2 2
left_child=-1 3 -3 -2 -5
right_child=1 2 -4 4 -6
leaf_value=-0.064232255285918138 -0.087449006298073811 0 0.14420569103049716 0.1093105814540986 -0.072728444749685733
leaf_weight=12.999999999999998 17 13.000000000000002 12.999999999999998 16.999999999999996 19.000000000000004
leaf_count=13 17 13 13 17 19
internal_value=0 0.0107175 0.0727958 -0.0190603 0.0122397
internal_weight=92 79 26 53 36
internal_count=92 79 26 53 36
is_linear=0
shrinkage=0.0562705


Tree=164
num_leaves=5
num_cat=0
split_feature=0 5 7 7
split_gain=21.468 32.4018 29.7309 53.951
threshold=-141.66560654353876 17010.000000000004 2628.2845519729408 4317.0811955077206
decision_type=2 2 2 2
left_child=1 -1 -2 -4
right_child=2 -3 3 -5
leaf_value=-0.015537472865420903 -0.095255763078982827 0.079222590571753057 0.07681533468336639 -0.067083537971702981
leaf_weight=24 13.999999999999998 21 15.999999999999998 17
leaf_count=24 14 21 16 17
internal_value=0 0.0278881 -0.0264884 0.00160044
internal_weight=92 45 47 33
internal_count=92 45 47 33
is_linear=0
shrinkage=0.0562705


Tree=165
num_leaves=5
num_cat=0
split_feature=7 0 2 3
split_gain=19.9895 36.2051 87.8101 32.3517
threshold=2175.9135911229901 -136.85337066678679 26430.000000000004 10.500000000000002
decision_type=2 2 2 2
left_child=-1 2 -2 -3
right_child=1 3 -4 -5
leaf_value=0.057246090373505192 0.025406528102022537 0.085918948901617581 -0.13705638568782635 -0.022659923673816834
leaf_weight=15.999999999999998 23 17 19 17
leaf_count=16 23 17 19 17
internal_value=0 -0.011954 -0.047236 0.0305763
internal_weight=92 76 42 34
internal_count=92 76 42 34
is_linear=0
shrinkage=0.0562705


Tree=166
num_leaves=5
num_cat=0
split_feature=0 5 7 7
split_gain=21.4347 30.5517 27.2174 47.1424
threshold=-141.66560654353876 17010.000000000004 2628.2845519729408 4317.0811955077206
decision_type=2 2 2 2
left_child=1 -1 -2 -4
right_child=2 -3 3 -5
leaf_value=-0.014262903718956521 -0.092245300159820048 0.07769707849604722 0.070733554657012754 -0.063811369156235462
leaf_weight=24 13.999999999999998 21 15.999999999999998 17
leaf_count=24 14 21 16 17
internal_value=0 0.027856 -0.0264785 0.000337361
internal_weight=92 45 47 33
internal_count=92 45 47 33
is_linear=0
shrinkage=0.0562705


Tree=167
num_leaves=5
num_cat=0
split_feature=7 4 2 7
split_gain=19.7282 50.7067 50.2518 49.185
threshold=3149.8357656548701 52.500000000000007 24810.000000000004 4511.1243725033892
decision_type=2 2 2 2
left_child=1 -1 -2 -4
right_child=2 -3 3 -5
leaf_value=0.080938884051467222 -0.092758460182715427 -0.056049180823640889 -0.048807547475692936 0.08407328361711279
leaf_weight=24 20 12.999999999999998 17 18
leaf_count=24 20 13 17 18
internal_value=0 0.0318401 -0.0213014 0.018508
internal_weight=92 37 55 35
internal_count=92 37 55 35
is_linear=0
shrinkage=0.0562705


Tree=168
num_leaves=6
num_cat=0
split_feature=0 0 6 4 5
split_gain=18.7219 57.9776 43.2668 28.8542 13.018
threshold=-136.85337066678679 -106.8942349568121 -13.807291666666666 52.500000000000007 16560.000000000004
decision_type=2 2 2 2 2
left_child=2 -2 -1 -3 -4
right_child=1 3 4 -5 -6
leaf_value=-0.08780861639321226 0.10459299387995277 0.031186331172664113 0.056211613262573623 -0.086120070941910251 -0.019339521665389846
leaf_weight=20 18 13.000000000000002 15.000000000000002 12.999999999999998 12.999999999999998
leaf_count=20 18 13 15 13 13
internal_value=0 0.0265576 -0.0242586 -0.0260895 0.0198554
internal_weight=92 44 48 26 28
internal_count=92 44 48 26 28
is_linear=0
shrinkage=0.0562705


Tree=169
num_leaves=6
num_cat=0
split_feature=0 6 5 5 0
split_gain=19.8783 29.7709 26.5497 49.1965 14.9326
threshold=-141.66560654353876 -16.328124999999996 16560.000000000004 14580.000000000002 -226.83995672508794
decision_type=2 2 2 2 2
left_child=1 -1 3 -2 -3
right_child=2 4 -4 -5 -6
leaf_value=0.091624699940854953 -0.056027342675497062 0.031341195835410188 -0.093952194504953984 0.08150064670167996 -0.047930153350718159
leaf_weight=14.999999999999998 20 15.999999999999998 12.999999999999998 13.999999999999998 14.000000000000002
leaf_count=15 20 16 13 14 14
internal_value=0 0.0267735 -0.0255514 0 -0.00445841
internal_weight=92 45 47 34 30
internal_count=92 45 47 34 30
is_linear=0
shrinkage=0.0562705


Tree=170
num_leaves=5
num_cat=0
split_feature=1 0 5 6
split_gain=19.7515 48.9182 58.2745 35.406
threshold=16.500000000000004 -136.85337066678679 15510.000000000002 -13.807291666666666
decision_type=2 2 2 2
left_child=-1 3 -3 -2
right_child=1 2 -4 -5
leaf_value=-0.064232937046809976 -0.098720536892670296 -0.010313618894287155 0.12248234816126236 0.010044507166979416
leaf_weight=12.999999999999998 15.999999999999998 21 20 22
leaf_count=13 16 21 20 22
internal_value=0 0.0106165 0.0535915 -0.0348089
internal_weight=92 79 41 38
internal_count=92 79 41 38
is_linear=0
shrinkage=0.0562705


Tree=171
num_leaves=6
num_cat=0
split_feature=0 0 5 5 7
split_gain=20.925 30.0706 25.2746 40.4081 21.5405
threshold=-141.66560654353876 -187.7463443130394 16560.000000000004 14580.000000000002 3149.8357656548701
decision_type=2 2 2 2 2
left_child=1 4 3 -2 -1
right_child=2 -3 -4 -5 -6
leaf_value=0.045711965596613294 -0.052045571114934075 0.092604706980176074 -0.09298373232473145 0.07259086343445903 -0.049634996526051828
leaf_weight=14.000000000000002 20 14.999999999999998 12.999999999999998 13.999999999999998 15.999999999999998
leaf_count=14 20 15 13 14 16
internal_value=0 0.0274417 -0.0262432 0 -0.00394606
internal_weight=92 45 47 34 30
internal_count=92 45 47 34 30
is_linear=0
shrinkage=0.0562705


Tree=172
num_leaves=6
num_cat=0
split_feature=5 0 6 5 7
split_gain=19.381 48.1662 64.7452 47.0605 26.1658
threshold=12750.000000000002 -159.01823468387715 -18.213541666666664 17010.000000000004 4511.1243725033892
decision_type=2 2 2 2 2
left_child=-1 3 4 -2 -3
right_child=1 2 -4 -5 -6
leaf_value=0.0506391558106064 -0.035355193179205456 0.053918017431645003 -0.15262893124146451 0.098391003706894881 -0.058893400060891547
leaf_weight=19 14.999999999999998 13.000000000000002 13.999999999999998 18 12.999999999999998
leaf_count=19 15 13 14 18 13
internal_value=0 -0.0131613 -0.0550371 0.0365121 -0.00111036
internal_weight=92 73 40 33 26
internal_count=92 73 40 33 26
is_linear=0
shrinkage=0.0562705


Tree=173
num_leaves=6
num_cat=0
split_feature=0 0 6 4 5
split_gain=18.4186 55.2425 37.0519 24.6848 12.4582
threshold=-136.85337066678679 -106.8942349568121 -13.807291666666666 52.500000000000007 16560.000000000004
decision_type=2 2 2 2 2
left_child=2 -2 -1 -3 -4
right_child=1 3 4 -5 -6
leaf_value=-0.082895627902596941 0.10248707338989024 0.027752377025049076 0.05230149723439257 -0.080604301022939528 -0.021770021303639784
leaf_weight=20 18 13.000000000000002 15.000000000000002 12.999999999999998 12.999999999999998
leaf_count=20 18 13 15 13 13
internal_value=0 0.0263112 -0.0240917 -0.0250486 0.0166322
internal_weight=92 44 48 26 28
internal_count=92 44 48 26 28
is_linear=0
shrinkage=0.0562705


Tree=174
num_leaves=6
num_cat=0
split_feature=0 6 4 6 4
split_gain=17.9098 31.0281 27.2945 20.2524 14.7863
threshold=-141.66560654353876 -16.328124999999996 48.500000000000007 -13.807291666666666 48.500000000000007
decision_type=2 2 2 2 2
left_child=1 -1 -2 -4 -3
right_child=2 4 3 -5 -6
leaf_value=0.091637683868506084 -0.081421668944846148 0.026617411971723764 -0.032160436445882651 0.060748243763939766 -0.05266718614392752
leaf_weight=14.999999999999998 17 17.000000000000004 17.000000000000004 12.999999999999998 12.999999999999998
leaf_count=15 17 17 17 13 13
internal_value=0 0.0253864 -0.0242802 0.00690631 -0.00654556
internal_weight=92 45 47 30 30
internal_count=92 45 47 30 30
is_linear=0
shrinkage=0.0562705


Tree=175
num_leaves=6
num_cat=0
split_feature=0 0 0 5 4
split_gain=18.0437 50.9232 35.7841 37.1376 23.5032
threshold=-136.85337066678679 -106.8942349568121 -183.04202694614983 17010.000000000004 52.500000000000007
decision_type=2 2 2 2 2
left_child=2 -2 3 -1 -3
right_child=1 4 -4 -5 -6
leaf_value=-0.04211193552675041 0.0991808490360611 0.028286549906220166 -0.09610260029893275 0.078359064009438983 -0.077476222092175889
leaf_weight=19 18 13.000000000000002 14.999999999999998 13.999999999999998 12.999999999999998
leaf_count=19 18 13 15 14 13
internal_value=0 0.0260407 -0.0238466 0.00791181 -0.0232175
internal_weight=92 44 48 33 26
internal_count=92 44 48 33 26
is_linear=0
shrinkage=0.0562705


Tree=176
num_leaves=5
num_cat=0
split_feature=1 0 5 6
split_gain=17.9143 45.3487 52.9754 28.7844
threshold=16.500000000000004 -136.85337066678679 15510.000000000002 -13.807291666666666
decision_type=2 2 2 2
left_child=-1 3 -3 -2
right_child=1 2 -4 -5
leaf_value=-0.06119895272904928 -0.091227532180635729 -0.0093758912788160006 0.1171611423403386 0.0066270327251204417
leaf_weight=12.999999999999998 15.999999999999998 21 20 22
leaf_count=13 16 21 20 22
internal_value=0 0.0100845 0.0514761 -0.0336325
internal_weight=92 79 41 38
internal_count=92 79 41 38
is_linear=0
shrinkage=0.0562705


Tree=177
num_leaves=6
num_cat=0
split_feature=0 6 0 6 4
split_gain=20.4954 31.3705 25.5049 27.1658 13.4686
threshold=-141.66560654353876 -16.328124999999996 -118.66250670152141 -13.807291666666666 48.500000000000007
decision_type=2 2 2 2 2
left_child=1 -1 -2 -4 -3
right_child=2 4 3 -5 -6
leaf_value=0.093708294321998523 -0.086592379298272945 0.026660581249282597 0.045257227788594506 -0.060226153207962756 -0.049069690393784518
leaf_weight=14.999999999999998 14.999999999999998 17.000000000000004 18.999999999999996 13.000000000000002 12.999999999999998
leaf_count=15 15 17 19 13 13
internal_value=0 0.0271322 -0.0259987 0.00128551 -0.00496218
internal_weight=92 45 47 32 30
internal_count=92 45 47 32 30
is_linear=0
shrinkage=0.0562705


Tree=178
num_leaves=6
num_cat=0
split_feature=5 0 4 7 5
split_gain=18.5285 44.8495 54.9647 64.8334 40.2317
threshold=12750.000000000002 -159.01823468387715 48.500000000000007 4317.0811955077206 17010.000000000004
decision_type=2 2 2 2 2
left_child=-1 4 -3 -4 -2
right_child=1 2 3 -5 -6
leaf_value=0.04948826972113967 -0.031277991702225172 -0.14850646113083643 0.076446569546350221 -0.097858173320233971 0.092247051276095227
leaf_weight=19 14.999999999999998 12.999999999999998 14.000000000000002 12.999999999999998 18
leaf_count=19 15 13 14 13 18
internal_value=0 -0.0128933 -0.0533122 -0.00615162 0.0350141
internal_weight=92 73 40 27 33
internal_count=92 73 40 27 33
is_linear=0
shrinkage=0.0562705


Tree=179
num_leaves=5
num_cat=0
split_feature=2 2 6 2
split_gain=19.3986 61.1909 43.3702 28.4118
threshold=26430.000000000004 26970.000000000004 -22.234374999999996 24151.000000000004
decision_type=2 2 2 2
left_child=3 -2 -3 -1
right_child=1 2 -4 -5
leaf_value=-0.014222883956364054 -0.1286358775273698 0.087469964730170408 -0.034112917147502288 0.079607177063681936
leaf_weight=21 12.999999999999998 14.999999999999995 24.000000000000004 19
leaf_count=21 13 15 24 19
internal_value=0 -0.0226717 0.0117315 0.0294511
internal_weight=92 52 39 40
internal_count=92 52 39 40
is_linear=0
shrinkage=0.0562705


Tree=180
num_leaves=6
num_cat=0
split_feature=7 0 7 7 3
split_gain=17.854 28.6985 42.8097 46.7877 31.2708
threshold=2175.9135911229901 -136.85337066678679 4356.1848395851348 3149.8357656548701 10.500000000000002
decision_type=2 2 2 2 2
left_child=-1 2 3 -2 -3
right_child=1 4 -4 -5 -6
leaf_value=0.053994834949869307 -0.011398349417049499 0.080869313571768325 0.031645741530301828 -0.16265909059265782 -0.026004940743811357
leaf_weight=15.999999999999998 14.000000000000002 17 14.999999999999998 12.999999999999998 17
leaf_count=16 14 17 15 13 17
internal_value=0 -0.0114048 -0.0428443 -0.0855539 0.0263789
internal_weight=92 76 42 27 34
internal_count=92 76 42 27 34
is_linear=0
shrinkage=0.0562705


Tree=181
num_leaves=6
num_cat=0
split_feature=2 2 3 6 2
split_gain=18.2247 55.1154 42.7113 107.073 26.6543
threshold=26430.000000000004 26970.000000000004 10.500000000000002 -22.234374999999996 24151.000000000004
decision_type=2 2 2 2 2
left_child=4 -2 -3 -4 -1
right_child=1 2 3 -5 -6
leaf_value=-0.013730070012060591 -0.12256292745786564 0.094562235956954829 0.082454015974892658 -0.14518744722561233 0.077115155639121011
leaf_weight=21 12.999999999999998 12.999999999999998 12.999999999999998 13.000000000000002 19
leaf_count=21 13 13 13 13 19
internal_value=0 -0.0219949 0.0106096 -0.0299894 0.0285262
internal_weight=92 52 39 26 40
internal_count=92 52 39 26 40
is_linear=0
shrinkage=0.0562705


Tree=182
num_leaves=6
num_cat=0
split_feature=0 6 5 5 3
split_gain=18.1241 25.9213 22.8511 39.3435 13.2489
threshold=-141.66560654353876 -16.328124999999996 16560.000000000004 14580.000000000002 13.500000000000002
decision_type=2 2 2 2 2
left_child=1 -1 3 -2 -3
right_child=2 4 -4 -5 -6
leaf_value=0.08600378441642989 -0.050847810165993816 0.035077957960252988 -0.087919607002232281 0.07214369441826636 -0.039611563121026205
leaf_weight=14.999999999999998 20 14.000000000000002 12.999999999999998 13.999999999999998 15.999999999999998
leaf_count=15 20 14 13 14 16
internal_value=0 0.025497 -0.024466 0 -0.00356276
internal_weight=92 45 47 34 30
internal_count=92 45 47 34 30
is_linear=0
shrinkage=0.0562705


Tree=183
num_leaves=5
num_cat=0
split_feature=7 0 2 5
split_gain=17.5017 26.5302 77.9088 27.5884
threshold=2175.9135911229901 -136.85337066678679 26430.000000000004 15510.000000000002
decision_type=2 2 2 2
left_child=-1 2 -2 -3
right_child=1 3 -4 -5
leaf_value=0.053464036037145897 0.026854502455538085 -0.021221744937054192 -0.12618256542272238 0.07926111468113016
leaf_weight=15.999999999999998 23 18 19 15.999999999999998
leaf_count=16 23 18 19 16
internal_value=0 -0.0112871 -0.0415239 0.0250111
internal_weight=92 76 42 34
internal_count=92 76 42 34
is_linear=0
shrinkage=0.0562705


Tree=184
num_leaves=6
num_cat=0
split_feature=1 7 3 5 4
split_gain=18.0586 41.5767 21.7504 35.0734 86.3991
threshold=16.500000000000004 2251.7170621192763 21.500000000000004 12750.000000000002 48.500000000000007
decision_type=2 2 2 2 2
left_child=-1 -2 3 -3 -5
right_child=1 2 -4 4 -6
leaf_value=-0.061459597593450592 0.10228457911751535 0.04440938636652534 0.048827771999512999 -0.16602427229960054 0.013065005606537429
leaf_weight=12.999999999999998 12.999999999999998 14.999999999999998 15.999999999999998 13.999999999999998 21
leaf_count=13 13 15 16 14 21
internal_value=0 0.0101105 -0.00750239 -0.0262443 -0.0575476
internal_weight=92 79 66 50 35
internal_count=92 79 66 50 35
is_linear=0
shrinkage=0.0562705


Tree=185
num_leaves=6
num_cat=0
split_feature=0 6 2 4 4
split_gain=18.8446 25.0273 21.5936 30.4201 13.6636
threshold=-141.66560654353876 -16.328124999999996 26430.000000000004 49.500000000000007 48.500000000000007
decision_type=2 2 2 2 2
left_child=1 -1 -2 -4 -3
right_child=2 4 3 -5 -6
leaf_value=0.085496648766566305 0.024352739079750885 0.029478616004358648 -0.10369773608720703 0.0083056895112614704 -0.046962797302540216
leaf_weight=14.999999999999998 17 17.000000000000004 17.000000000000004 12.999999999999998 12.999999999999998
leaf_count=15 17 17 17 13 13
internal_value=0 0.0260682 -0.0248781 -0.0539692 -0.00245231
internal_weight=92 45 47 30 30
internal_count=92 45 47 30 30
is_linear=0
shrinkage=0.0562705


Tree=186
num_leaves=6
num_cat=0
split_feature=0 0 3 6 7
split_gain=16.7239 22.5015 20.9656 32.4456 17.0255
threshold=-141.66560654353876 -187.7463443130394 16.500000000000004 -17.447916666666661 3149.8357656548701
decision_type=2 2 2 2 2
left_child=1 4 3 -2 -1
right_child=2 -3 -4 -5 -6
leaf_value=0.04165077065668394 -0.09910458399428293 0.080957867968432448 0.035840081072011164 0.0091809955435768701 -0.043151145233106175
leaf_weight=14.000000000000002 17.999999999999996 14.999999999999998 12.999999999999998 16.000000000000004 15.999999999999998
leaf_count=14 18 15 13 16 16
internal_value=0 0.0246014 -0.0233924 -0.0470934 -0.00238323
internal_weight=92 45 47 34 30
internal_count=92 45 47 34 30
is_linear=0
shrinkage=0.0562705


Tree=187
num_leaves=5
num_cat=0
split_feature=4 7 5 0
split_gain=17.3044 70.1712 40.0998 29.3795
threshold=62.500000000000007 2175.9135911229901 12750.000000000002 -159.01823468387715
decision_type=2 2 2 2
left_child=1 -1 -3 -4
right_child=-2 2 3 -5
leaf_value=0.13059728052231107 -0.053065161218482489 0.074425608484620293 0.0057071170305883342 -0.079341043538661268
leaf_weight=12.999999999999998 15.999999999999998 12.999999999999998 24.999999999999993 25.000000000000007
leaf_count=13 16 13 25 25
internal_value=0 0.0113192 -0.0127253 -0.0361008
internal_weight=92 76 63 50
internal_count=92 76 63 50
is_linear=0
shrinkage=0.0562705


Tree=188
num_leaves=5
num_cat=0
split_feature=1 0 5 6
split_gain=17.551 42.9184 49.705 27.9636
threshold=16.500000000000004 -136.85337066678679 15510.000000000002 -13.807291666666666
decision_type=2 2 2 2
left_child=-1 3 -3 -2
right_child=1 2 -4 -5
leaf_value=-0.060449079602648753 -0.089190993735041066 -0.0085066648838554096 0.11400208551738367 0.0072684226398466115
leaf_weight=12.999999999999998 15.999999999999998 21 20 22
leaf_count=13 16 21 20 22
internal_value=0 0.0101068 0.0503803 -0.0324037
internal_weight=92 79 41 38
internal_count=92 79 41 38
is_linear=0
shrinkage=0.0562705


Tree=189
num_leaves=6
num_cat=0
split_feature=0 6 7 7 0
split_gain=16.0659 24.2634 22.5437 36.0289 14.9059
threshold=-141.66560654353876 -16.328124999999996 2628.2845519729408 4317.0811955077206 -226.83995672508794
decision_type=2 2 2 2 2
left_child=1 -1 -2 -4 -3
right_child=2 4 3 -5 -6
leaf_value=0.082696236398265302 -0.082792732017341872 0.031834335315304441 0.063075469136487997 -0.054498366768160875 -0.047396569400717271
leaf_weight=14.999999999999998 13.999999999999998 15.999999999999998 15.999999999999998 17 14.000000000000002
leaf_count=15 14 16 16 17 14
internal_value=0 0.0241387 -0.0229013 0.00142196 -0.0039464
internal_weight=92 45 47 33 30
internal_count=92 45 47 33 30
is_linear=0
shrinkage=0.0562705


Tree=190
num_leaves=5
num_cat=0
split_feature=3 0 2 0
split_gain=16.072 43.8024 40.4625 5.29903
threshold=18.500000000000004 -106.8942349568121 26839.000000000004 -159.01823468387715
decision_type=2 2 2 2
left_child=1 2 -1 -2
right_child=3 -3 -4 -5
leaf_value=-0.031608301644962949 0.0088654161064505091 -0.077640478658247677 0.077257403422864052 0.063525733251291794
leaf_weight=23 13.000000000000002 23 20 12.999999999999998
leaf_count=23 13 23 20 13
internal_value=0 -0.0146602 0.0181941 0.0375729
internal_weight=92 66 43 26
internal_count=92 66 43 26
is_linear=0
shrinkage=0.0562705


Tree=191
num_leaves=6
num_cat=0
split_feature=2 2 3 6 2
split_gain=16.4138 48.6228 39.1531 92.4158 25.1199
threshold=26430.000000000004 26970.000000000004 10.500000000000002 -22.234374999999996 24151.000000000004
decision_type=2 2 2 2 2
left_child=4 -2 -3 -4 -1
right_child=1 2 3 -5 -6
leaf_value=-0.013772041166216401 -0.11519891911204451 0.090259022611338072 0.075338686138579927 -0.13606571179003588 0.074405029896454755
leaf_weight=21 12.999999999999998 12.999999999999998 12.999999999999998 13.000000000000002 19
leaf_count=21 13 13 13 13 19
internal_value=0 -0.0207281 0.009844 -0.0289862 0.0272168
internal_weight=92 52 39 26 40
internal_count=92 52 39 26 40
is_linear=0
shrinkage=0.0562705


Tree=192
num_leaves=5
num_cat=0
split_feature=1 0 3 6
split_gain=16.7348 41.4533 49.4354 27.0787
threshold=16.500000000000004 -136.85337066678679 9.5000000000000018 -13.807291666666666
decision_type=2 2 2 2
left_child=-1 3 -3 -2
right_child=1 2 -4 -5
leaf_value=-0.059049864766063609 -0.087806982196466057 0.11289438896565265 -0.0093009123239283249 0.0070911961296584421
leaf_weight=12.999999999999998 15.999999999999998 20 21 22
leaf_count=13 16 20 21 22
internal_value=0 0.00984624 0.0494331 -0.0319236
internal_weight=92 79 41 38
internal_count=92 79 41 38
is_linear=0
shrinkage=0.0562705


Tree=193
num_leaves=6
num_cat=0
split_feature=3 6 6 3 4
split_gain=16.3467 58.6519 77.0745 54.2375 5.79293
threshold=18.500000000000004 -24.265624999999996 -12.698958333333332 9.5000000000000018 48.500000000000007
decision_type=2 2 2 2 2
left_child=1 -1 -3 -4 -2
right_child=4 2 3 -5 -6
leaf_value=-0.098534005553456275 0.0080721908562820192 0.11907023017156672 0.029076583929692559 -0.12071223888427937 0.064919846168620177
leaf_weight=19 13.000000000000002 15.999999999999998 18.000000000000004 12.999999999999998 12.999999999999998
leaf_count=19 13 16 18 13 13
internal_value=0 -0.0148044 0.0182818 -0.0325829 0.0378734
internal_weight=92 66 47 31 26
internal_count=92 66 47 31 26
is_linear=0
shrinkage=0.0562705


Tree=194
num_leaves=5
num_cat=0
split_feature=4 3 6 6
split_gain=16.5099 30.1128 82.1561 64.3002
threshold=62.500000000000007 10.500000000000002 -17.447916666666661 -18.213541666666664
decision_type=2 2 2 2
left_child=1 2 -1 -3
right_child=-2 3 -4 -5
leaf_value=-0.046578824408291232 -0.051829734880162445 0.053020467091821587 0.1423638795582409 -0.07849779693565806
leaf_weight=13.000000000000002 15.999999999999998 21.999999999999996 15.999999999999998 25.000000000000004
leaf_count=13 16 22 16 25
internal_value=0 0.0110591 0.0564306 -0.0161741
internal_weight=92 76 29 47
internal_count=92 76 29 47
is_linear=0
shrinkage=0.0562705


Tree=195
num_leaves=6
num_cat=0
split_feature=0 6 2 4 0
split_gain=16.5195 20.1901 19.1126 28.8237 13.1478
threshold=-141.66560654353876 -16.328124999999996 26430.000000000004 49.500000000000007 -226.83995672508794
decision_type=2 2 2 2 2
left_child=1 -1 -2 -4 -3
right_child=2 4 3 -5 -6
leaf_value=0.077813468832657676 0.022997028113909426 0.032582577951638596 -0.099078759816492515 0.0099673326265013896 -0.041982890854037606
leaf_weight=14.999999999999998 17 15.999999999999998 17.000000000000004 12.999999999999998 14.000000000000002
leaf_count=15 17 16 17 13 14
internal_value=0 0.0244614 -0.0232381 -0.0506318 -0.00102095
internal_weight=92 45 47 30 30
internal_count=92 45 47 30 30
is_linear=0
shrinkage=0.0562705


Tree=196
num_leaves=5
num_cat=0
split_feature=3 0 7 0
split_gain=15.865 42.1334 35.8294 4.54369
threshold=18.500000000000004 -106.8942349568121 3149.8357656548701 -159.01823468387715
decision_type=2 2 2 2
left_child=1 2 -1 -2
right_child=3 -3 -4 -5
leaf_value=0.075904928235410035 0.010403155726310422 -0.07630627930515245 -0.026934145964359904 0.061564333352331906
leaf_weight=19 13.000000000000002 23 24 12.999999999999998
leaf_count=19 13 23 24 13
internal_value=0 -0.0145344 0.0176736 0.0373611
internal_weight=92 66 43 26
internal_count=92 66 43 26
is_linear=0
shrinkage=0.0562705


Tree=197
num_leaves=5
num_cat=0
split_feature=1 0 5 6
split_gain=16.1874 40.4455 48.8775 27.7524
threshold=16.500000000000004 -136.85337066678679 15510.000000000002 -13.807291666666666
decision_type=2 2 2 2
left_child=-1 3 -3 -2
right_child=1 2 -4 -5
leaf_value=-0.05803838985902797 -0.088121690559365723 -0.0095694870315323043 0.11193562038522548 0.0079979756806894658
leaf_weight=12.999999999999998 15.999999999999998 21 20 22
leaf_count=13 16 21 20 22
internal_value=0 0.0097209 0.0488279 -0.0315311
internal_weight=92 79 41 38
internal_count=92 79 41 38
is_linear=0
shrinkage=0.0562705


Tree=198
num_leaves=6
num_cat=0
split_feature=2 2 3 6 2
split_gain=16.1242 42.4943 31.4369 76.9044 23.1172
threshold=26430.000000000004 26970.000000000004 10.500000000000002 -22.234374999999996 24151.000000000004
decision_type=2 2 2 2 2
left_child=4 -2 -3 -4 -1
right_child=1 2 3 -5 -6
leaf_value=-0.012269642169350219 -0.10884812277679153 0.080119422614728888 0.068282838875835986 -0.12448805666957358 0.072235947782006857
leaf_weight=21 12.999999999999998 12.999999999999998 12.999999999999998 13.000000000000002 19
leaf_count=21 13 13 13 13 19
internal_value=0 -0.0205448 0.0079714 -0.0267253 0.0269753
internal_weight=92 52 39 26 40
internal_count=92 52 39 26 40
is_linear=0
shrinkage=0.0562705


Tree=199
num_leaves=6
num_cat=0
split_feature=0 6 5 5 0
split_gain=15.7687 19.6286 18.9326 30.9843 11.5358
threshold=-141.66560654353876 -16.328124999999996 16560.000000000004 14580.000000000002 -226.83995672508794
decision_type=2 2 2 2 2
left_child=1 -1 3 -2 -3
right_child=2 4 -4 -5 -6
leaf_value=0.076529083629913411 -0.045539549032920137 0.0301941442546797 -0.080448192613620489 0.063600628924199459 -0.039625404347307484
leaf_weight=14.999999999999998 20 15.999999999999998 12.999999999999998 13.999999999999998 14.000000000000002
leaf_count=15 20 16 13 14 14
internal_value=0 0.0239175 -0.0226853 0 -0.00119462
internal_weight=92 45 47 34 30
internal_count=92 45 47 34 30
is_linear=0
shrinkage=0.0562705


Tree=200
num_leaves=6
num_cat=0
split_feature=1 7 2 6 7
split_gain=15.5567 37.7713 17.872 34.3901 16.126
threshold=16.500000000000004 2251.7170621192763 24810.000000000004 -17.447916666666661 4356.1848395851348
decision_type=2 2 2 2 2
left_child=-1 -2 -3 4 -4
right_child=1 2 3 -5 -6
leaf_value=-0.056937102081188413 0.097357117119507772 -0.050476133185276648 -0.068485149980823889 0.075757378600655345 0.015354745480515066
leaf_weight=12.999999999999998 12.999999999999998 21 13.999999999999998 17.000000000000004 13.999999999999998
leaf_count=13 13 21 14 17 14
internal_value=0 0.0094898 -0.00727483 0.01209 -0.0252863
internal_weight=92 79 66 45 28
internal_count=92 79 66 45 28
is_linear=0
shrinkage=0.0562705


Tree=201
num_leaves=5
num_cat=0
split_feature=3 0 7 0
split_gain=15.7332 39.2642 31.9219 3.90027
threshold=18.500000000000004 -106.8942349568121 3149.8357656548701 -159.01823468387715
decision_type=2 2 2 2
left_child=1 2 -1 -2
right_child=3 -3 -4 -5
leaf_value=0.071551119099887692 0.011805467576233516 -0.07414107310215777 -0.025488587874278691 0.059784117118592092
leaf_weight=19 13.000000000000002 23 24 12.999999999999998
leaf_count=19 13 23 24 13
internal_value=0 -0.0145076 0.0165566 0.0371721
internal_weight=92 66 43 26
internal_count=92 66 43 26
is_linear=0
shrinkage=0.0562705


Tree=202
num_leaves=5
num_cat=0
split_feature=2 2 6 2
split_gain=15.997 36.9276 27.8483 20.4239
threshold=26430.000000000004 26970.000000000004 -22.234374999999996 24151.000000000004
decision_type=2 2 2 2
left_child=3 -2 -3 -1
right_child=1 2 -4 -5
leaf_value=-0.009900918290163924 -0.10276120338146397 0.066953690883495967 -0.030525066344949829 0.069389896928310935
leaf_weight=21 12.999999999999998 14.999999999999995 24.000000000000004 19
leaf_count=21 13 15 24 19
internal_value=0 -0.0204652 0.00604855 0.026867
internal_weight=92 52 39 40
internal_count=92 52 39 40
is_linear=0
shrinkage=0.0562705


Tree=203
num_leaves=6
num_cat=0
split_feature=2 2 3 6 2
split_gain=14.2151 32.8814 30.2853 68.479 18.2223
threshold=26430.000000000004 26970.000000000004 10.500000000000002 -22.234374999999996 24151.000000000004
decision_type=2 2 2 2 2
left_child=4 -2 -3 -4 -1
right_child=1 2 3 -5 -6
leaf_value=-0.0093437895319845848 -0.096978780975292764 0.076540404713241722 0.061096041470673858 -0.1206668837089564 0.06548529548635898
leaf_weight=21 12.999999999999998 12.999999999999998 12.999999999999998 13.000000000000002 19
leaf_count=21 13 13 13 13 19
internal_value=0 -0.0193136 0.00565652 -0.0284081 0.0253048
internal_weight=92 52 39 26 40
internal_count=92 52 39 26 40
is_linear=0
shrinkage=0.0562705


Tree=204
num_leaves=5
num_cat=0
split_feature=7 6 2 6
split_gain=16.0973 93.47 34.5479 109.88
threshold=3149.8357656548701 -12.401041666666663 24810.000000000004 -17.447916666666661
decision_type=2 2 2 2
left_child=1 -1 -2 -4
right_child=2 -3 3 -5
leaf_value=0.13184512627176484 -0.07849379929276061 -0.048043892819452517 -0.061886789232021809 0.14415636017975589
leaf_weight=15.999999999999998 20 21 22 12.999999999999998
leaf_count=16 20 21 22 13
internal_value=0 0.0287781 -0.0192246 0.0136204
internal_weight=92 37 55 35
internal_count=92 37 55 35
is_linear=0
shrinkage=0.0562705


Tree=205
num_leaves=5
num_cat=0
split_feature=2 1 6 6
split_gain=14.7255 44.1609 50.1217 48.5689
threshold=29340.000000000004 17.500000000000004 -7.130208333333333 -19.406249999999996
decision_type=2 2 2 2
left_child=1 -1 3 -3
right_child=-2 2 -4 -5
leaf_value=-0.057330241369001431 -0.053083499927332502 0.019306968244390894 -0.033664594699781586 0.15420627840946613
leaf_weight=22 13.999999999999998 20.999999999999996 20 15.000000000000002
leaf_count=22 14 21 20 15
internal_value=0 0.00959196 0.0365223 0.0765098
internal_weight=92 78 56 36
internal_count=92 78 56 36
is_linear=0
shrinkage=0.0562705


Tree=206
num_leaves=6
num_cat=0
split_feature=3 6 6 3 2
split_gain=14.733 46.2992 61.965 46.7749 4.25887
threshold=18.500000000000004 -24.265624999999996 -12.698958333333332 9.5000000000000018 27838.500000000004
decision_type=2 2 2 2 2
left_child=1 -1 -3 -4 -2
right_child=4 2 3 -5 -6
leaf_value=-0.088511294987722408 0.059341884434406023 0.10565358680425907 0.026835683314598329 -0.11218898979533273 0.0097163896646381698
leaf_weight=19 13.000000000000002 15.999999999999998 18.000000000000004 12.999999999999998 12.999999999999998
leaf_count=19 13 16 18 13 13
internal_value=0 -0.014104 0.0152137 -0.0303098 0.0359065
internal_weight=92 66 47 31 26
internal_count=92 66 47 31 26
is_linear=0
shrinkage=0.0562705


Tree=207
num_leaves=5
num_cat=0
split_feature=6 3 3 2
split_gain=14.9621 70.8683 54.7523 49.3539
threshold=-10.881323529411761 5.5000000000000009 9.5000000000000018 26760.000000000004
decision_type=2 2 2 2
left_child=1 -1 -2 -3
right_child=2 3 -4 -5
leaf_value=-0.12302613555226367 0.11572332474613098 -0.050216981125475256 -0.027059304207542666 0.072492181634089534
leaf_weight=14.999999999999998 13.999999999999998 18 21 24
leaf_count=15 14 18 21 24
internal_value=0 -0.0177103 0.0290306 0.0190499
internal_weight=92 57 35 42
internal_count=92 57 35 42
is_linear=0
shrinkage=0.0562705


Tree=208
num_leaves=5
num_cat=0
split_feature=2 1 4 2
split_gain=15.2734 29.6829 95.1923 14.4319
threshold=26430.000000000004 17.500000000000004 48.500000000000007 24151.000000000004
decision_type=2 2 2 2
left_child=3 -2 -3 -1
right_child=1 2 -4 -5
leaf_value=-0.0043895944511358909 -0.093813212677433283 -0.10662695173215675 0.07398767627023424 0.061866534336788258
leaf_weight=21 12.999999999999998 14.999999999999998 24 19
leaf_count=21 13 15 24 19
internal_value=0 -0.0200629 0.00360228 0.0261868
internal_weight=92 52 39 40
internal_count=92 52 39 40
is_linear=0
shrinkage=0.0562705


Tree=209
num_leaves=5
num_cat=0
split_feature=7 6 2 6
split_gain=14.4761 79.3509 29.3855 92.1464
threshold=3149.8357656548701 -12.401041666666663 24810.000000000004 -17.447916666666661
decision_type=2 2 2 2
left_child=1 -1 -2 -4
right_child=2 -3 3 -5
leaf_value=0.12223654782880808 -0.072957107433933605 -0.043441552263495435 -0.057124054112480088 0.13154748776453454
leaf_weight=15.999999999999998 20 21 22 12.999999999999998
leaf_count=16 20 21 22 13
internal_value=0 0.0272352 -0.0182864 0.0119308
internal_weight=92 37 55 35
internal_count=92 37 55 35
is_linear=0
shrinkage=0.0562705


Tree=210
num_leaves=6
num_cat=0
split_feature=0 0 6 4 5
split_gain=14.3103 45.7571 34.702 24.4368 10.1895
threshold=-136.85337066678679 -106.8942349568121 -13.807291666666666 52.500000000000007 16560.000000000004
decision_type=2 2 2 2 2
left_child=2 -2 -1 -3 -4
right_child=1 3 4 -5 -6
leaf_value=-0.078206587542758485 0.092554109949681523 0.029086874499609297 0.050368486049302545 -0.07879131847064362 -0.016260633137463773
leaf_weight=20 18 13.000000000000002 15.000000000000002 12.999999999999998 12.999999999999998
leaf_count=20 18 13 15 13 13
internal_value=0 0.0231776 -0.0212499 -0.0234749 0.0181546
internal_weight=92 44 48 26 28
internal_count=92 44 48 26 28
is_linear=0
shrinkage=0.0562705


Tree=211
num_leaves=5
num_cat=0
split_feature=2 5 6 2
split_gain=14.0516 34.1759 39.8481 10.9263
threshold=26430.000000000004 15600.000000000002 -18.213541666666664 24151.000000000004
decision_type=2 2 2 2
left_child=3 -2 -3 -1
right_child=1 2 -4 -5
leaf_value=-0.0012577198823801265 -0.082265740115599201 0.067969827516692199 -0.054246178257741882 0.056058189580376658
leaf_weight=21 18 19 14.999999999999998 19
leaf_count=21 18 19 15 19
internal_value=0 -0.0192894 0.0129977 0.0250721
internal_weight=92 52 34 40
internal_count=92 52 34 40
is_linear=0
shrinkage=0.0562705


Tree=212
num_leaves=5
num_cat=0
split_feature=7 0 2 5
split_gain=15.2052 22.8544 56.5548 18.9689
threshold=2175.9135911229901 -136.85337066678679 26430.000000000004 15510.000000000002
decision_type=2 2 2 2
left_child=-1 2 -2 -3
right_child=1 3 -4 -5
leaf_value=0.049833770387743073 0.019423581530544062 -0.014888665279492352 -0.1107379533015341 0.068121952359108132
leaf_weight=15.999999999999998 23 18 19 15.999999999999998
leaf_count=16 23 18 19 16
internal_value=0 -0.0105199 -0.0386064 0.0231219
internal_weight=92 76 42 34
internal_count=92 76 42 34
is_linear=0
shrinkage=0.0562705


Tree=213
num_leaves=5
num_cat=0
split_feature=6 4 2 3
split_gain=14.5623 66.1368 84.3578 47.6015
threshold=-10.881323529411761 45.500000000000007 26970.000000000004 9.5000000000000018
decision_type=2 2 2 2
left_child=1 -1 -3 -2
right_child=3 2 -4 -5
leaf_value=0.064018823783630024 0.10940679271145989 -0.14123534361069617 0.027808765128814042 -0.023617132071411917
leaf_weight=20 13.999999999999998 20 17 21
leaf_count=20 14 20 17 21
internal_value=0 -0.0175432 -0.0625986 0.0285693
internal_weight=92 57 37 35
internal_count=92 57 37 35
is_linear=0
shrinkage=0.0562705


Tree=214
num_leaves=5
num_cat=0
split_feature=7 4 3 7
split_gain=14.1561 34.9274 29.1074 24.8571
threshold=3149.8357656548701 52.500000000000007 18.500000000000004 4511.1243725033892
decision_type=2 2 2 2
left_child=1 -1 3 -2
right_child=2 -3 -4 -5
leaf_value=0.067779410461018152 -0.090137157622946731 -0.045720855222257967 0.03720939987500161 0.0018500785271526043
leaf_weight=24 20 12.999999999999998 19 15.999999999999998
leaf_count=24 20 13 19 16
internal_value=0 0.0269331 -0.0180826 -0.0482592
internal_weight=92 37 55 36
internal_count=92 37 55 36
is_linear=0
shrinkage=0.0562705


Tree=215
num_leaves=5
num_cat=0
split_feature=2 1 0 5
split_gain=13.8641 34.2537 67.5011 51.4242
threshold=29340.000000000004 17.500000000000004 -187.7463443130394 14580.000000000002
decision_type=2 2 2 2
left_child=1 -1 -3 -4
right_child=-2 2 3 -5
leaf_value=-0.049550329551032661 -0.051518056127898788 -0.059354085217086017 0.0059745970206287 0.13732793231393725
leaf_weight=22 13.999999999999998 17 19 20
leaf_count=22 14 17 19 20
internal_value=0 0.00929665 0.0330546 0.0742535
internal_weight=92 78 56 39
internal_count=92 78 56 39
is_linear=0
shrinkage=0.0562705


Tree=216
num_leaves=5
num_cat=0
split_feature=2 0 7 7
split_gain=14.4412 33.7259 22.3388 11.9532
threshold=26430.000000000004 -159.01823468387715 2783.8325846938556 4068.6405277686913
decision_type=2 2 2 2
left_child=3 -2 -3 -1
right_child=1 2 -4 -5
leaf_value=-0.0036652833323706216 0.036714643319442374 -0.11309783446879954 -0.014728975803160231 0.056329906349024128
leaf_weight=20 20 12.999999999999998 19 20
leaf_count=20 20 13 19 20
internal_value=0 -0.0195352 -0.0558104 0.025437
internal_weight=92 52 32 40
internal_count=92 52 32 40
is_linear=0
shrinkage=0.0562705


Tree=217
num_leaves=5
num_cat=0
split_feature=6 4 5 3
split_gain=13.8322 59.3291 64.4591 44.0233
threshold=-10.881323529411761 45.500000000000007 15600.000000000002 9.5000000000000018
decision_type=2 2 2 2
left_child=1 -1 -3 -2
right_child=3 2 -4 -5
leaf_value=0.060093943530836517 0.10558916301619656 -0.14046773556384259 0.0069810489631704923 -0.022288740302886533
leaf_weight=20 13.999999999999998 17 20 21
leaf_count=20 14 17 20 21
internal_value=0 -0.0171023 -0.0597978 0.0278393
internal_weight=92 57 37 35
internal_count=92 57 37 35
is_linear=0
shrinkage=0.0562705


Tree=218
num_leaves=5
num_cat=0
split_feature=7 6 1 5
split_gain=12.888 70.9443 29.3032 22.5381
threshold=3149.8357656548701 -12.401041666666663 18.500000000000004 14460.000000000002
decision_type=2 2 2 2
left_child=1 -1 3 -2
right_child=2 -3 -4 -5
leaf_value=0.11555610005255969 -0.10568042973273536 -0.041065032635379459 0.043081541773333634 -0.012307086827469869
leaf_weight=15.999999999999998 12.999999999999998 21 17 25
leaf_count=16 13 21 17 25
internal_value=0 0.0256952 -0.017257 -0.045193
internal_weight=92 37 55 38
internal_count=92 37 55 38
is_linear=0
shrinkage=0.0562705


Tree=219
num_leaves=5
num_cat=0
split_feature=2 0 4 2
split_gain=13.8684 30.4123 25.2704 9.92072
threshold=26430.000000000004 -159.01823468387715 49.500000000000007 24151.000000000004
decision_type=2 2 2 2
left_child=3 -2 -3 -1
right_child=1 2 -4 -5
leaf_value=-7.4308317145277522e-05 0.034180960807317272 -0.097765081816164903 0.00056014267772312503 0.054396847392155286
leaf_weight=21 20 18 13.999999999999998 19
leaf_count=21 20 18 14 19
internal_value=0 -0.0191671 -0.0536287 0.0249042
internal_weight=92 52 32 40
internal_count=92 52 32 40
is_linear=0
shrinkage=0.0562705


Tree=220
num_leaves=6
num_cat=0
split_feature=2 4 7 0 3
split_gain=12.7138 30.7019 41.0189 39.4496 23.8912
threshold=25530.000000000004 61.500000000000007 2251.7170621192763 -141.66560654353876 16.500000000000004
decision_type=2 2 2 2 2
left_child=4 2 -2 -4 -1
right_child=1 -3 3 -5 -6
leaf_value=-0.012963684338559572 0.090208427019967938 -0.092327711679792895 0.03670660946245944 -0.087459708553228169 0.08077341192144713
leaf_weight=19 12.999999999999998 12.999999999999998 14.999999999999995 17.000000000000004 14.999999999999998
leaf_count=19 13 13 15 17 15
internal_value=0 -0.0159992 0.00525542 -0.0281377 0.0273377
internal_weight=92 58 45 32 34
internal_count=92 58 45 32 34
is_linear=0
shrinkage=0.0562705


Tree=221
num_leaves=6
num_cat=0
split_feature=0 6 0 5 2
split_gain=12.841 37.5637 31.6603 28.7984 16.8281
threshold=-136.85337066678679 -12.698958333333332 -183.04202694614983 17010.000000000004 27838.500000000004
decision_type=2 2 2 2 2
left_child=2 4 3 -1 -2
right_child=1 -3 -4 -5 -6
leaf_value=-0.034128396622282071 0.098839955095143484 -0.049016652754526414 -0.088144406073524528 0.071802410728468158 0.0092785557249460901
leaf_weight=19 16.000000000000004 14.999999999999998 14.999999999999998 13.999999999999998 12.999999999999998
leaf_count=19 16 15 15 14 13
internal_value=0 0.021973 -0.0201119 0.00972678 0.0599266
internal_weight=92 44 48 33 29
internal_count=92 44 48 33 29
is_linear=0
shrinkage=0.0562705


Tree=222
num_leaves=6
num_cat=0
split_feature=5 5 6 6 5
split_gain=12.7201 38.6988 46.6111 58.01 8.74866
threshold=12210.000000000002 14460.000000000002 -18.213541666666664 -9.5376659554291123 17820.000000000004
decision_type=2 2 2 2 2
left_child=-1 -2 4 -4 -3
right_child=1 2 3 -5 -6
leaf_value=0.045616235247728253 -0.090797233256758203 0.10127810112436919 -0.12657254218465447 0.022404968848245995 0.030596435916265961
leaf_weight=15.999999999999998 14.999999999999998 13.000000000000002 12.999999999999995 22.000000000000004 12.999999999999998
leaf_count=16 15 13 13 22 13
internal_value=0 -0.00958556 0.00979748 -0.0319064 0.0673146
internal_weight=92 76 61 35 26
internal_count=92 76 61 35 26
is_linear=0
shrinkage=0.0562705


Tree=223
num_leaves=5
num_cat=0
split_feature=7 6 2 6
split_gain=11.8828 63.7031 28.0804 80.2397
threshold=3149.8357656548701 -12.401041666666663 24810.000000000004 -17.447916666666661
decision_type=2 2 2 2
left_child=1 -1 -2 -4
right_child=2 -3 3 -5
leaf_value=0.10989058093484391 -0.070006651933050904 -0.038477512850320118 -0.051339544299053429 0.12465408896490561
leaf_weight=15.999999999999998 20 21 22 12.999999999999998
leaf_count=16 20 21 22 13
internal_value=0 0.0247138 -0.0165291 0.0130064
internal_weight=92 37 55 35
internal_count=92 37 55 35
is_linear=0
shrinkage=0.0562705


Tree=224
num_leaves=6
num_cat=0
split_feature=3 6 6 3 2
split_gain=12.9821 36.2427 51.4751 35.1161 4.33823
threshold=18.500000000000004 -24.265624999999996 -12.698958333333332 9.5000000000000018 27838.500000000004
decision_type=2 2 2 2 2
left_child=1 -1 -3 -4 -2
right_child=4 2 3 -5 -6
leaf_value=-0.079083031826088709 0.057218599024938858 0.095119925966759666 0.020456968002547742 -0.099757774658080792 0.0074476106758889224
leaf_weight=19 13.000000000000002 15.999999999999998 18.000000000000004 12.999999999999998 12.999999999999998
leaf_count=19 13 16 18 13 13
internal_value=0 -0.0132345 0.0126233 -0.0288005 0.0337105
internal_weight=92 66 47 31 26
internal_count=92 66 47 31 26
is_linear=0
shrinkage=0.0562705


Tree=225
num_leaves=6
num_cat=0
split_feature=6 3 3 7 0
split_gain=12.698 57.797 43.0161 41.2152 16.9539
threshold=-10.881323529411761 5.5000000000000009 9.5000000000000018 5241.4328057374614 -127.64720333357278
decision_type=2 2 2 2 2
left_child=1 -1 -2 4 -3
right_child=2 3 -4 -5 -6
leaf_value=-0.11144054429729358 0.10362863261283208 0.013085158882211756 -0.022792801501685053 -0.056761667335821338 0.10573445641318036
leaf_weight=14.999999999999998 13.999999999999998 13.999999999999998 21 14.999999999999998 13.000000000000002
leaf_count=15 14 14 21 15 13
internal_value=0 -0.0163067 0.0267526 0.016817 0.0590204
internal_weight=92 57 35 42 27
internal_count=92 57 35 42 27
is_linear=0
shrinkage=0.0562705


Tree=226
num_leaves=6
num_cat=0
split_feature=2 4 4 0 3
split_gain=12.2634 27.0153 30.5079 42.1709 21.7065
threshold=25530.000000000004 61.500000000000007 48.500000000000007 -168.49019388990922 16.500000000000004
decision_type=2 2 2 2 2
left_child=4 2 3 -2 -1
right_child=1 -3 -4 -5 -6
leaf_value=-0.011417469383017707 0.033087031784270325 -0.08724790030981501 0.061669465375066332 -0.10639138282616092 0.077829820827096163
leaf_weight=19 13.999999999999998 12.999999999999998 18 13.000000000000002 14.999999999999998
leaf_count=19 14 13 18 13 15
internal_value=0 -0.0156592 0.00422624 -0.0327429 0.0269031
internal_weight=92 58 45 27 34
internal_count=92 58 45 27 34
is_linear=0
shrinkage=0.0562705


Tree=227
num_leaves=6
num_cat=0
split_feature=0 0 0 4 2
split_gain=12.7842 37.59 27.9685 18.8887 6.81964
threshold=-136.85337066678679 -106.8942349568121 -183.04202694614983 52.500000000000007 26839.000000000004
decision_type=2 2 2 2 2
left_child=2 -2 4 -3 -1
right_child=1 3 -4 -5 -6
leaf_value=-0.013978117789629966 0.084875286240064143 0.025786915714562507 -0.083944805006827258 -0.068929543712909908 0.036665754156066536
leaf_weight=18 18 13.000000000000002 14.999999999999998 12.999999999999998 14.999999999999998
leaf_count=18 18 13 15 13 15
internal_value=0 0.021975 -0.0200165 -0.020194 0.00795665
internal_weight=92 44 48 26 33
internal_count=92 44 48 26 33
is_linear=0
shrinkage=0.0562705


Tree=228
num_leaves=6
num_cat=0
split_feature=0 6 7 0 5
split_gain=11.3859 33.9082 55.4541 24.8999 25.7747
threshold=-136.85337066678679 -12.698958333333332 4356.1848395851348 -183.04202694614983 17010.000000000004
decision_type=2 2 2 2 2
left_child=3 2 -2 4 -1
right_child=1 -3 -4 -5 -6
leaf_value=-0.034005222528517974 0.13765647083534052 -0.046646204755831068 -0.016225552574230234 -0.079221195310923517 0.066263521941687706
leaf_weight=19 14.000000000000002 14.999999999999998 14.999999999999998 14.999999999999998 13.999999999999998
leaf_count=19 14 15 15 15 14
internal_value=0 0.0207385 0.0568275 -0.0188902 0.00744787
internal_weight=92 44 29 48 33
internal_count=92 44 29 48 33
is_linear=0
shrinkage=0.0562705


Tree=229
num_leaves=5
num_cat=0
split_feature=6 1 4 5
split_gain=11.6889 34.7113 81.1954 48.5099
threshold=-27.239583333333325 17.500000000000004 48.500000000000007 14580.000000000002
decision_type=2 2 2 2
left_child=-1 -2 -3 -4
right_child=1 2 3 -5
leaf_value=0.045458942486894527 -0.067021026670116765 -0.073824534295591965 -0.0046111813193672755 0.12855152731843059
leaf_weight=14.999999999999998 23 20 14.999999999999998 19
leaf_count=15 23 20 15 19
internal_value=0 -0.00883732 0.0152815 0.06875
internal_weight=92 77 54 34
internal_count=92 77 54 34
is_linear=0
shrinkage=0.0562705


Tree=230
num_leaves=5
num_cat=0
split_feature=2 0 7 7
split_gain=13.4729 23.7238 22.5898 10.2093
threshold=26430.000000000004 -159.01823468387715 2783.8325846938556 4068.6405277686913
decision_type=2 2 2 2
left_child=3 -2 -3 -1
right_child=1 2 -4 -5
leaf_value=-0.002189978985398956 0.028050997073628351 -0.10677030133736672 -0.008182892087253632 0.053069784743522294
leaf_weight=20 20 12.999999999999998 19 20
leaf_count=20 20 13 19 20
internal_value=0 -0.0188936 -0.0493531 0.0245446
internal_weight=92 52 32 40
internal_count=92 52 32 40
is_linear=0
shrinkage=0.0562705


Tree=231
num_leaves=5
num_cat=0
split_feature=7 6 2 6
split_gain=12.2873 53.2846 25.3486 67.7169
threshold=3149.8357656548701 -12.401041666666663 24810.000000000004 -17.447916666666661
decision_type=2 2 2 2
left_child=1 -1 -2 -4
right_child=2 -3 3 -5
leaf_value=0.10295335840987474 -0.067692402559370562 -0.032611296858047555 -0.047918794085271783 0.11375344309022087
leaf_weight=15.999999999999998 20 21 22 12.999999999999998
leaf_count=16 20 21 22 13
internal_value=0 0.0250434 -0.0168958 0.0111077
internal_weight=92 37 55 35
internal_count=92 37 55 35
is_linear=0
shrinkage=0.0562705


Tree=232
num_leaves=6
num_cat=0
split_feature=2 4 7 0 3
split_gain=13.3457 25.0598 32.333 34.5537 18.9079
threshold=25530.000000000004 61.500000000000007 2251.7170621192763 -141.66560654353876 16.500000000000004
decision_type=2 2 2 2 2
left_child=4 2 -2 -4 -1
right_child=1 -3 3 -5 -6
leaf_value=-0.0076484853795526974 0.078203780417041374 -0.085368913112251116 0.033647746768637854 -0.082467890516606066 0.075411998307094275
leaf_weight=19 12.999999999999998 12.999999999999998 14.999999999999995 17.000000000000004 14.999999999999998
leaf_count=19 13 13 15 17 15
internal_value=0 -0.0164582 0.00265359 -0.0269196 0.0279426
internal_weight=92 58 45 32 34
internal_count=92 58 45 32 34
is_linear=0
shrinkage=0.0562705


Tree=233
num_leaves=5
num_cat=0
split_feature=0 0 2 4
split_gain=12.6505 32.1573 22.135 15.9434
threshold=-136.85337066678679 -106.8942349568121 26430.000000000004 52.500000000000007
decision_type=2 2 2 2
left_child=2 -2 -1 -3
right_child=1 3 -4 -5
leaf_value=0.018651199966665928 0.079924557467040303 0.024973820069129411 -0.05703786411272288 -0.062031889228924983
leaf_weight=23 18 13.000000000000002 25 12.999999999999998
leaf_count=23 18 13 25 13
internal_value=0 0.0217474 -0.0200241 -0.0171517
internal_weight=92 44 48 26
internal_count=92 44 48 26
is_linear=0
shrinkage=0.0562705


Tree=234
num_leaves=6
num_cat=0
split_feature=6 3 3 7 0
split_gain=11.7471 50.4291 48.1082 37.3815 12.8927
threshold=-10.881323529411761 5.5000000000000009 9.5000000000000018 5241.4328057374614 -127.64720333357278
decision_type=2 2 2 2 2
left_child=1 -1 -2 4 -3
right_child=2 3 -4 -5 -6
leaf_value=-0.10465120471994765 0.10696110000606342 0.014792317901952122 -0.026872136797846398 -0.054925011973397102 0.096261098056919861
leaf_weight=14.999999999999998 13.999999999999998 13.999999999999998 21 14.999999999999998 13.000000000000002
leaf_count=15 14 14 21 15 13
internal_value=0 -0.015778 0.025638 0.0151098 0.0553444
internal_weight=92 57 35 42 27
internal_count=92 57 35 42 27
is_linear=0
shrinkage=0.0562705


Tree=235
num_leaves=6
num_cat=0
split_feature=5 5 0 5 0
split_gain=11.1437 34.4781 11.6125 46.5058 39.1118
threshold=12210.000000000002 14460.000000000002 -159.01823468387715 17010.000000000004 -226.83995672508794
decision_type=2 2 2 2 2
left_child=-1 -2 4 -4 -3
right_child=1 2 3 -5 -6
leaf_value=0.042661691777435722 -0.08567570948940996 -0.032219796275556739 0.047086694570201433 -0.09091136579902237 0.095250568001893798
leaf_weight=15.999999999999998 14.999999999999998 14.000000000000002 17.000000000000007 13.999999999999998 15.999999999999995
leaf_count=16 15 14 17 14 16
internal_value=0 -0.00900644 0.00925961 -0.0140798 0.0345707
internal_weight=92 76 61 31 30
internal_count=92 76 61 31 30
is_linear=0
shrinkage=0.0562705


Tree=236
num_leaves=6
num_cat=0
split_feature=6 0 0 3 7
split_gain=12.9884 23.2635 86.6242 15.2166 9.67038
threshold=-27.239583333333325 -154.88727264845215 -111.18516672972943 10.500000000000002 3896.611863004086
decision_type=2 2 2 2 2
left_child=-1 3 -3 -2 -5
right_child=1 2 -4 4 -6
leaf_value=0.047883705621456156 0.069945959507860159 -0.15253848662054298 0.024008645523287742 -0.036667176910660772 0.030439293578177193
leaf_weight=14.999999999999998 12.999999999999998 13.999999999999998 23 14.000000000000002 12.999999999999998
leaf_count=15 13 14 23 14 13
internal_value=0 -0.00935131 -0.0418251 0.0197917 -0.00303033
internal_weight=92 77 37 40 27
internal_count=92 77 37 40 27
is_linear=0
shrinkage=0.0562705


Tree=237
num_leaves=5
num_cat=0
split_feature=6 1 4 5
split_gain=11.5454 33.1533 73.6681 43.9279
threshold=-27.239583333333325 17.500000000000004 48.500000000000007 14580.000000000002
decision_type=2 2 2 2
left_child=-1 -2 -3 -4
right_child=1 2 3 -5
leaf_value=0.045189266278276727 -0.065639668716852617 -0.070046083466307515 -0.0039538825874038874 0.12264472284695463
leaf_weight=14.999999999999998 23 20 14.999999999999998 19
leaf_count=15 23 20 15 19
internal_value=0 -0.00877277 0.0147852 0.0657392
internal_weight=92 77 54 34
internal_count=92 77 54 34
is_linear=0
shrinkage=0.0562705


Tree=238
num_leaves=5
num_cat=0
split_feature=3 0 7 4
split_gain=11.3481 29.3455 21.5673 4.03641
threshold=18.500000000000004 -106.8942349568121 3149.8357656548701 48.500000000000007
decision_type=2 2 2 2
left_child=1 2 -1 -2
right_child=3 -3 -4 -5
leaf_value=0.05963608684708769 0.0061033140978763185 -0.063997164794723019 -0.019986754873479579 0.054120490999576006
leaf_weight=19 13.000000000000002 23 24 12.999999999999998
leaf_count=19 13 23 24 13
internal_value=0 -0.012402 0.0143626 0.0314892
internal_weight=92 66 43 26
internal_count=92 66 43 26
is_linear=0
shrinkage=0.0562705


Tree=239
num_leaves=5
num_cat=0
split_feature=0 0 2 4
split_gain=12.0435 32.2174 20.4879 14.1929
threshold=-136.85337066678679 -106.8942349568121 26430.000000000004 52.500000000000007
decision_type=2 2 2 2
left_child=2 -2 -1 -3
right_child=1 3 -4 -5
leaf_value=0.017691020473963637 0.079529379247785748 0.021930352889510719 -0.055088095559276969 -0.059994729118482366
leaf_weight=23 18 13.000000000000002 25 12.999999999999998
leaf_count=23 18 13 25 13
internal_value=0 0.0212885 -0.0194687 -0.0176549
internal_weight=92 44 48 26
internal_count=92 44 48 26
is_linear=0
shrinkage=0.0562705


Tree=240
num_leaves=5
num_cat=0
split_feature=7 6 2 6
split_gain=11.0217 47.9691 25.1793 55.2274
threshold=3149.8357656548701 -12.401041666666663 24810.000000000004 -17.447916666666661
decision_type=2 2 2 2
left_child=1 -1 -2 -4
right_child=2 -3 3 -5
leaf_value=0.09773933082791228 -0.066578433298924322 -0.030846384714862472 -0.041184609185343411 0.10472851144482234
leaf_weight=15.999999999999998 20 21 22 12.999999999999998
leaf_count=16 20 21 22 13
internal_value=0 0.0237904 -0.0159302 0.0119885
internal_weight=92 37 55 35
internal_count=92 37 55 35
is_linear=0
shrinkage=0.0562705


Tree=241
num_leaves=5
num_cat=0
split_feature=2 6 7 3
split_gain=11.5226 22.2117 31.5934 17.7163
threshold=25530.000000000004 -12.401041666666663 4068.6405277686913 16.500000000000004
decision_type=2 2 2 2
left_child=3 2 -2 -1
right_child=1 -3 -4 -5
leaf_value=-0.0083906297289383265 0.064366496024914996 -0.061699435727026589 -0.039267421678729923 0.072016340114469293
leaf_weight=19 18 21 19 14.999999999999998
leaf_count=19 18 21 19 15
internal_value=0 -0.0152271 0.0101812 0.0260298
internal_weight=92 58 37 34
internal_count=92 58 37 34
is_linear=0
shrinkage=0.0562705


Tree=242
num_leaves=5
num_cat=0
split_feature=0 0 2 4
split_gain=11.0977 27.7406 17.2159 12.4448
threshold=-136.85337066678679 -106.8942349568121 26430.000000000004 52.500000000000007
decision_type=2 2 2 2
left_child=2 -2 -1 -3
right_child=1 3 -4 -5
leaf_value=0.015230350157322435 0.074464273548390553 0.021335404733560416 -0.051376216613051175 -0.055361434883873205
leaf_weight=23 18 13.000000000000002 25 12.999999999999998
leaf_count=23 18 13 25 13
internal_value=0 0.0204095 -0.0187145 -0.0156357
internal_weight=92 44 48 26
internal_count=92 44 48 26
is_linear=0
shrinkage=0.0562705


Tree=243
num_leaves=6
num_cat=0
split_feature=6 1 6 6 0
split_gain=12.3773 44.2028 39.3282 26.949 16.838
threshold=-10.881323529411761 17.500000000000004 -5.567708333333333 -19.406249999999996 -118.66250670152141
decision_type=2 2 2 2 2
left_child=1 -1 -2 4 -3
right_child=2 3 -4 -5 -6
leaf_value=-0.089414142775759056 0.095723144074214034 0.028243211069372141 -0.023874851231373524 0.083329642145200028 -0.061353092739229509
leaf_weight=18 14.999999999999998 12.999999999999998 20 12.999999999999998 13.000000000000002
leaf_count=18 15 13 20 13 13
internal_value=0 -0.0161542 0.0263583 0.0167399 -0.0151776
internal_weight=92 57 35 39 26
internal_count=92 57 35 39 26
is_linear=0
shrinkage=0.0562705


Tree=244
num_leaves=5
num_cat=0
split_feature=6 1 4 5
split_gain=11.5294 27.9104 70.5221 39.8064
threshold=-27.239583333333325 17.500000000000004 48.500000000000007 14580.000000000002
decision_type=2 2 2 2
left_child=-1 -2 -3 -4
right_child=1 2 3 -5
leaf_value=0.045150442785061057 -0.06095933008987614 -0.070214144911295115 -0.003561161147905416 0.11684067193575962
leaf_weight=14.999999999999998 23 20 14.999999999999998 19
leaf_count=15 23 20 15 19
internal_value=0 -0.00877406 0.0127898 0.062669
internal_weight=92 77 54 34
internal_count=92 77 54 34
is_linear=0
shrinkage=0.0562705


Tree=245
num_leaves=5
num_cat=0
split_feature=6 4 2 3
split_gain=11.3787 46.3189 62.8825 45.2004
threshold=-10.881323529411761 45.500000000000007 26970.000000000004 9.5000000000000018
decision_type=2 2 2 2
left_child=1 -1 -3 -2
right_child=3 2 -4 -5
leaf_value=0.052586088387279746 0.10408441788370652 -0.12123243897804185 0.024536623765582691 -0.025602029106590599
leaf_weight=20 13.999999999999998 20 17 21
leaf_count=20 14 20 17 21
internal_value=0 -0.015512 -0.0532896 0.0252494
internal_weight=92 57 37 35
internal_count=92 57 37 35
is_linear=0
shrinkage=0.0562705


Tree=246
num_leaves=6
num_cat=0
split_feature=6 5 6 2 6
split_gain=11.5463 23.3078 63.9059 118.885 44.2949
threshold=-27.239583333333325 12750.000000000002 -10.881323529411761 27074.500000000004 -2.4583333333333317
decision_type=2 2 2 2 2
left_child=-1 -2 3 -3 -4
right_child=1 2 4 -5 -6
leaf_value=0.045182886344373001 0.053419068576873854 -0.21040397341965225 0.10904976365053323 0.0045235976748675653 -0.031107472545767997
leaf_weight=14.999999999999998 14.999999999999998 12.999999999999998 14.000000000000002 21 13.999999999999998
leaf_count=15 15 13 14 21 14
internal_value=0 -0.00878126 -0.0244073 -0.0766014 0.0376922
internal_weight=92 77 62 34 28
internal_count=92 77 62 34 28
is_linear=0
shrinkage=0.0562705


Tree=247
num_leaves=6
num_cat=0
split_feature=0 6 7 6 5
split_gain=10.5212 28.2982 46.4753 15.6119 10.2741
threshold=-136.85337066678679 -12.698958333333332 4356.1848395851348 -13.807291666666666 16560.000000000004
decision_type=2 2 2 2 2
left_child=3 2 -2 -1 -5
right_child=1 -3 -4 4 -6
leaf_value=-0.056362665808815215 0.12694178662538746 -0.041484714961955937 -0.013742612475248831 0.040563770250450132 -0.027140731886961766
leaf_weight=20 14.000000000000002 14.999999999999998 14.999999999999998 15.000000000000002 12.999999999999998
leaf_count=20 14 15 15 15 13
internal_value=0 0.0199353 0.0529392 -0.0181589 0.00785058
internal_weight=92 44 29 48 28
internal_count=92 44 29 48 28
is_linear=0
shrinkage=0.0562705


Tree=248
num_leaves=5
num_cat=0
split_feature=6 1 4 5
split_gain=10.638 23.8999 67.7592 36.7779
threshold=-27.239583333333325 17.500000000000004 48.500000000000007 14580.000000000002
decision_type=2 2 2 2
left_child=-1 -2 -3 -4
right_child=1 2 3 -5
leaf_value=0.043365619103959481 -0.056736079390820156 -0.069881428512606147 -0.0031777439006726023 0.11245984909140941
leaf_weight=14.999999999999998 23 20 14.999999999999998 19
leaf_count=15 23 20 15 19
internal_value=0 -0.00843244 0.0114782 0.06039
internal_weight=92 77 54 34
internal_count=92 77 54 34
is_linear=0
shrinkage=0.0562705


Tree=249
num_leaves=6
num_cat=0
split_feature=7 0 7 7 3
split_gain=10.6763 15.4628 28.1 29.2292 24.473
threshold=2175.9135911229901 -136.85337066678679 4356.1848395851348 3149.8357656548701 10.500000000000002
decision_type=2 2 2 2 2
left_child=-1 2 3 -2 -3
right_child=1 4 -4 -5 -6
leaf_value=0.04176796644130093 -0.0075031345594184073 0.067112962933987691 0.028126943077360824 -0.12763361240696267 -0.02751332158763135
leaf_weight=15.999999999999998 14.000000000000002 17 14.999999999999998 12.999999999999998 17
leaf_count=16 14 17 15 13 17
internal_value=0 -0.00880504 -0.0319614 -0.0666701 0.0187466
internal_weight=92 76 42 27 34
internal_count=92 76 42 27 34
is_linear=0
shrinkage=0.0562705


Tree=250
num_leaves=5
num_cat=0
split_feature=2 1 0 5
split_gain=11.7697 17.9608 67.3916 34.9789
threshold=29340.000000000004 17.500000000000004 -187.7463443130394 14580.000000000002
decision_type=2 2 2 2
left_child=1 -1 -3 -4
right_child=-2 2 3 -5
leaf_value=-0.033865607639359384 -0.047515593344603091 -0.066638950917550191 0.010265416615862374 0.1191523270441347
leaf_weight=22 13.999999999999998 17 19 20
leaf_count=22 14 17 19 20
internal_value=0 0.00851761 0.0258076 0.0670231
internal_weight=92 78 56 39
internal_count=92 78 56 39
is_linear=0
shrinkage=0.0562705


Tree=251
num_leaves=6
num_cat=0
split_feature=2 4 1 4 2
split_gain=12.6352 24.7984 29.9902 71.25 13.3778
threshold=25530.000000000004 61.500000000000007 17.500000000000004 48.500000000000007 24151.000000000004
decision_type=2 2 2 2 2
left_child=4 2 -2 -4 -1
right_child=1 -3 3 -5 -6
leaf_value=0 0.072078776579315842 -0.084559488913694553 -0.10035593572323896 0.071765501839940529 0.072070858608916016
leaf_weight=21 13.999999999999998 12.999999999999998 18.000000000000004 12.999999999999998 12.999999999999998
leaf_count=21 14 13 18 13 13
internal_value=0 -0.0159968 0.0030144 -0.0270208 0.027206
internal_weight=92 58 45 31 34
internal_count=92 58 45 31 34
is_linear=0
shrinkage=0.0562705


Tree=252
num_leaves=5
num_cat=0
split_feature=7 6 2 3
split_gain=11.5382 29.387 35.4701 21.429
threshold=6361.1621698388572 -12.698958333333332 28045.000000000004 10.500000000000002
decision_type=2 2 2 2
left_child=1 2 -1 -3
right_child=-2 3 -4 -5
leaf_value=0.088128185336319623 -0.049138622418412638 0.011029852846813622 -0.017590332087278806 -0.071457580278441124
leaf_weight=23 12.999999999999998 21 17 18
leaf_count=23 13 21 17 18
internal_value=0 0.00806952 0.0423026 -0.0261231
internal_weight=92 79 40 39
internal_count=92 79 40 39
is_linear=0
shrinkage=0.0562705


Tree=253
num_leaves=5
num_cat=0
split_feature=2 0 7 7
split_gain=11.5547 24.3844 22.7812 10.0545
threshold=26430.000000000004 -159.01823468387715 2783.8325846938556 4068.6405277686913
decision_type=2 2 2 2
left_child=3 -2 -3 -1
right_child=1 2 -4 -5
leaf_value=-0.0038703429505759792 0.030121289097569646 -0.10605110022714219 -0.0071097478666531707 0.051064511015644527
leaf_weight=20 20 12.999999999999998 19 20
leaf_count=20 20 13 19 20
internal_value=0 -0.0175255 -0.0484238 0.0227018
internal_weight=92 52 32 40
internal_count=92 52 32 40
is_linear=0
shrinkage=0.0562705


Tree=254
num_leaves=6
num_cat=0
split_feature=6 3 3 7 5
split_gain=11.505 45.8043 36.5648 33.5347 8.32358
threshold=-10.881323529411761 5.5000000000000009 9.5000000000000018 5241.4328057374614 14580.000000000002
decision_type=2 2 2 2 2
left_child=1 -1 -2 4 -3
right_child=2 3 -4 -5 -6
leaf_value=-0.10034944027783609 0.096237221219458852 0.015967478888708107 -0.020221539858056456 -0.052533253903323522 0.082707907828305352
leaf_weight=14.999999999999998 13.999999999999998 13.000000000000002 21 14.999999999999998 13.999999999999998
leaf_count=15 14 13 21 15 14
internal_value=0 -0.0156481 0.0253388 0.0137497 0.0519
internal_weight=92 57 35 42 27
internal_count=92 57 35 42 27
is_linear=0
shrinkage=0.0562705


Tree=255
num_leaves=6
num_cat=0
split_feature=3 0 1 7 2
split_gain=11.1057 27.0633 19.8959 54.9973 5.25138
threshold=18.500000000000004 -106.8942349568121 18.500000000000004 3318.6267961802305 27838.500000000004
decision_type=2 2 2 2 2
left_child=1 2 3 -1 -2
right_child=4 -3 -4 -5 -6
leaf_value=0.12722184790405586 0.05661361202048084 -0.061874032812338713 -0.037703235025835349 -0.029515794697378722 0.0028253286050474529
leaf_weight=13.000000000000002 13.000000000000002 23 14.999999999999998 14.999999999999998 12.999999999999998
leaf_count=13 13 23 15 15 13
internal_value=0 -0.012323 0.0133483 0.0419763 0.0310968
internal_weight=92 66 43 28 26
internal_count=92 66 43 28 26
is_linear=0
shrinkage=0.0562705


Tree=256
num_leaves=5
num_cat=0
split_feature=2 0 7 7
split_gain=10.0451 20.0485 21.7437 10.1916
threshold=26430.000000000004 -159.01823468387715 2783.8325846938556 4068.6405277686913
decision_type=2 2 2 2
left_child=3 -2 -3 -1
right_child=1 2 -4 -5
leaf_value=-0.0056683993188000794 0.026731824293490275 -0.10062801315368144 -0.0040541399499614949 0.049760389223128462
leaf_weight=20 20 12.999999999999998 19 20
leaf_count=20 20 13 19 20
internal_value=0 -0.0163569 -0.0444064 0.0211507
internal_weight=92 52 32 40
internal_count=92 52 32 40
is_linear=0
shrinkage=0.0562705


Tree=257
num_leaves=6
num_cat=0
split_feature=7 2 6 2 5
split_gain=10.7961 16.0223 51.3703 15.478 9.01403
threshold=2175.9135911229901 27838.500000000004 -22.234374999999996 24810.000000000004 12210.000000000002
decision_type=2 2 2 2 2
left_child=-1 3 -3 4 -2
right_child=1 2 -4 -5 -6
leaf_value=0.041942847406298313 0.010854612757912219 0.03193765337152029 -0.12465397131761455 0.042202127944465158 -0.053664877355021214
leaf_weight=15.999999999999998 13.000000000000002 13.000000000000002 12.999999999999998 24 12.999999999999998
leaf_count=16 13 13 13 24 13
internal_value=0 -0.00891281 -0.0449808 0.00912635 -0.0200278
internal_weight=92 76 26 50 26
internal_count=92 76 26 50 26
is_linear=0
shrinkage=0.0562705


Tree=258
num_leaves=6
num_cat=0
split_feature=3 6 6 3 2
split_gain=10.4498 25.6247 38.815 22.8411 3.82621
threshold=18.500000000000004 -24.265624999999996 -12.698958333333332 9.5000000000000018 27838.500000000004
decision_type=2 2 2 2 2
left_child=1 -1 -3 -4 -2
right_child=4 2 3 -5 -6
leaf_value=-0.067314074778002678 0.052210486712915456 0.081437749822377933 0.013184644408649566 -0.083394779829020285 0.0054238680850010297
leaf_weight=19 13.000000000000002 15.999999999999998 18.000000000000004 12.999999999999998 12.999999999999998
leaf_count=19 13 16 18 13 13
internal_value=0 -0.0119237 0.00970629 -0.0261612 0.0301945
internal_weight=92 66 47 31 26
internal_count=92 66 47 31 26
is_linear=0
shrinkage=0.0562705


Tree=259
num_leaves=6
num_cat=0
split_feature=6 6 5 6 5
split_gain=10.6274 39.3495 50.1376 35.5156 6.59168
threshold=-10.881323529411761 -18.213541666666664 14460.000000000002 -5.567708333333333 17820.000000000004
decision_type=2 2 2 2 2
left_child=1 2 -1 -2 -4
right_child=3 -3 4 -5 -6
leaf_value=-0.072941747841095431 0.090384250032352717 -0.08410663368806702 0.09168639694623916 -0.023243968667840415 0.029352908121101449
leaf_weight=12.999999999999998 14.999999999999998 18 13.000000000000002 20 12.999999999999998
leaf_count=13 15 18 13 20 13
internal_value=0 -0.0149621 0.0160325 0.0244307 0.061897
internal_weight=92 57 39 35 26
internal_count=92 57 39 35 26
is_linear=0
shrinkage=0.0562705


Tree=260
num_leaves=6
num_cat=0
split_feature=2 4 3 6 3
split_gain=9.65883 19.4417 24.2421 26.7957 17.3049
threshold=25530.000000000004 61.500000000000007 9.5000000000000018 -22.234374999999996 16.500000000000004
decision_type=2 2 2 2 2
left_child=4 2 -2 -4 -1
right_child=1 -3 3 -5 -6
leaf_value=-0.010207125251960577 0.059126189750181225 -0.074663038261911494 0.031042855189599379 -0.076443574121799363 0.069345582553775681
leaf_weight=19 15.999999999999998 12.999999999999998 12.999999999999998 16.000000000000004 14.999999999999998
leaf_count=19 16 13 13 16 15
internal_value=0 -0.0139367 0.00281065 -0.0270252 0.0238364
internal_weight=92 58 45 29 34
internal_count=92 58 45 29 34
is_linear=0
shrinkage=0.0562705


Tree=261
num_leaves=5
num_cat=0
split_feature=7 6 1 2
split_gain=10.1534 37.9816 22.5382 16.3442
threshold=3149.8357656548701 -12.401041666666663 18.500000000000004 26430.000000000004
decision_type=2 2 2 2
left_child=1 -1 3 -2
right_child=2 -3 -4 -5
leaf_value=0.088641770256228311 -0.0048261212542583922 -0.025636752787822986 0.037468814091691567 -0.081042237791433561
leaf_weight=15.999999999999998 21 21 17 17
leaf_count=16 21 21 17 17
internal_value=0 0.0228131 -0.0153109 -0.0398652
internal_weight=92 37 55 38
internal_count=92 37 55 38
is_linear=0
shrinkage=0.0562705


Tree=262
num_leaves=6
num_cat=0
split_feature=6 3 6 7 0
split_gain=10.7413 40.1909 31.8849 28.6028 9.92031
threshold=-10.881323529411761 5.5000000000000009 -5.567708333333333 5241.4328057374614 -127.64720333357278
decision_type=2 2 2 2 2
left_child=1 -1 -2 4 -3
right_child=2 3 -4 -5 -6
leaf_value=-0.094418556619709049 0.087021707809156787 0.011795153513252849 -0.020538850553910016 -0.048712504226938812 0.083626702797799199
leaf_weight=14.999999999999998 14.999999999999998 13.999999999999998 20 14.999999999999998 13.000000000000002
leaf_count=15 15 14 20 15 13
internal_value=0 -0.015068 0.0245354 0.0124189 0.0477071
internal_weight=92 57 35 42 27
internal_count=92 57 35 42 27
is_linear=0
shrinkage=0.0562705


Tree=263
num_leaves=6
num_cat=0
split_feature=6 6 0 0 3
split_gain=9.91164 20.5739 58.1023 40.1323 31.7906
threshold=-27.239583333333325 -10.881323529411761 -154.88727264845215 -111.18516672972943 9.5000000000000018
decision_type=2 2 2 2 2
left_child=-1 2 -2 -4 -3
right_child=1 4 3 -5 -6
leaf_value=0.041845085894127068 0.047882978158608612 0.089247584760130588 -0.15768188533339414 -0.014483188290774078 -0.019297820861246023
leaf_weight=14.999999999999998 15.999999999999995 13.999999999999998 12.999999999999998 13.000000000000005 21
leaf_count=15 16 14 13 13 21
internal_value=0 -0.00815333 -0.0350481 -0.0874599 0.0230972
internal_weight=92 77 42 26 35
internal_count=92 77 42 26 35
is_linear=0
shrinkage=0.0562705


Tree=264
num_leaves=5
num_cat=0
split_feature=2 1 0 3
split_gain=9.27105 22.0684 62.823 32.7741
threshold=29340.000000000004 17.500000000000004 -187.7463443130394 6.5000000000000009
decision_type=2 2 2 2
left_child=1 -1 -3 -4
right_child=-2 2 3 -5
leaf_value=-0.039536387627718675 -0.042164604605967319 -0.062481687617563071 0.13607464405672132 0.026117456964560533
leaf_weight=22 13.999999999999998 17 13.999999999999998 25
leaf_count=22 14 17 14 25
internal_value=0 0.00756643 0.0267106 0.0665075
internal_weight=92 78 56 39
internal_count=92 78 56 39
is_linear=0
shrinkage=0.0562705


Tree=265
num_leaves=6
num_cat=0
split_feature=3 6 6 7 4
split_gain=10.1286 22.2578 36.627 19.3935 4.34491
threshold=18.500000000000004 -24.265624999999996 -12.698958333333332 2502.4012687944655 48.500000000000007
decision_type=2 2 2 2 2
left_child=1 -1 -3 -4 -2
right_child=4 2 3 -5 -6
leaf_value=-0.06336474310808865 0.0036663396661423117 0.078083881418799919 -0.079157362988425697 0.0096037260807036919 0.053027054372426836
leaf_weight=19 13.000000000000002 15.999999999999998 13.000000000000002 18 12.999999999999998
leaf_count=19 13 16 13 18 13
internal_value=0 -0.0117418 0.00836518 -0.0264635 0.029724
internal_weight=92 66 47 31 26
internal_count=92 66 47 31 26
is_linear=0
shrinkage=0.0562705


Tree=266
num_leaves=5
num_cat=0
split_feature=3 0 2 4
split_gain=9.04245 24.0568 16.0317 3.83393
threshold=18.500000000000004 -106.8942349568121 26839.000000000004 48.500000000000007
decision_type=2 2 2 2
left_child=1 2 -1 -2
right_child=3 -3 -4 -5
leaf_value=-0.017778991997487181 0.0034600353372947843 -0.057796465181822652 0.050445083427584955 0.050043198120603503
leaf_weight=23 13.000000000000002 23 20 12.999999999999998
leaf_count=23 13 23 20 13
internal_value=0 -0.0110505 0.0131203 0.028129
internal_weight=92 66 43 26
internal_count=92 66 43 26
is_linear=0
shrinkage=0.0562705


Tree=267
num_leaves=6
num_cat=0
split_feature=0 0 0 5 4
split_gain=8.9788 23.804 15.635 17.5276 11.1244
threshold=-136.85337066678679 -106.8942349568121 -183.04202694614983 17010.000000000004 52.500000000000007
decision_type=2 2 2 2 2
left_child=2 -2 3 -1 -3
right_child=1 4 -4 -5 -6
leaf_value=-0.030169862733278888 0.068513286788561292 0.0199304984512709 -0.064573382742388316 0.052571720620171347 -0.052506992974222511
leaf_weight=19 18 13.000000000000002 14.999999999999998 13.999999999999998 12.999999999999998
leaf_count=19 18 13 15 14 13
internal_value=0 0.0184033 -0.016788 0.00384746 -0.0149109
internal_weight=92 44 48 33 26
internal_count=92 44 48 33 26
is_linear=0
shrinkage=0.0562705


Tree=268
num_leaves=5
num_cat=0
split_feature=2 1 0 5
split_gain=9.05101 19.2688 58.2691 31.5563
threshold=29340.000000000004 17.500000000000004 -187.7463443130394 14580.000000000002
decision_type=2 2 2 2
left_child=1 -1 -3 -4
right_child=-2 2 3 -5
leaf_value=-0.036441275814819124 -0.041619585411091037 -0.060437053490095829 0.0097577745067106043 0.11329626178061893
leaf_weight=22 13.999999999999998 17 19 20
leaf_count=22 14 17 19 20
internal_value=0 0.00751762 0.0254267 0.0637727
internal_weight=92 78 56 39
internal_count=92 78 56 39
is_linear=0
shrinkage=0.0562705


Tree=269
num_leaves=5
num_cat=0
split_feature=6 4 5 6
split_gain=10.7389 37.4861 50.3942 30.1012
threshold=-10.881323529411761 45.500000000000007 15600.000000000002 -5.567708333333333
decision_type=2 2 2 2
left_child=1 -1 -3 -2
right_child=3 2 -4 -5
leaf_value=0.046102158471910501 0.085260232860319959 -0.12047189330079494 0.0098290395623346228 -0.019191963413416707
leaf_weight=20 14.999999999999998 17 20 20
leaf_count=20 15 17 20 20
internal_value=0 -0.0150487 -0.0490711 0.0245501
internal_weight=92 57 37 35
internal_count=92 57 37 35
is_linear=0
shrinkage=0.0562705


Tree=270
num_leaves=5
num_cat=0
split_feature=6 1 4 5
split_gain=9.95836 23.4842 55.6224 31.4718
threshold=-27.239583333333325 17.500000000000004 48.500000000000007 14580.000000000002
decision_type=2 2 2 2
left_child=-1 -2 -3 -4
right_child=1 2 3 -5
leaf_value=0.041981965594055058 -0.056023244309284112 -0.06201760635980353 -0.0026696331929026884 0.10412742419716418
leaf_weight=14.999999999999998 23 20 14.999999999999998 19
leaf_count=15 23 20 15 19
internal_value=0 -0.00813404 0.0116001 0.0559578
internal_weight=92 77 54 34
internal_count=92 77 54 34
is_linear=0
shrinkage=0.0562705


Tree=271
num_leaves=5
num_cat=0
split_feature=2 0 4 2
split_gain=10.1222 18.0432 21.3792 8.42404
threshold=26430.000000000004 -159.01823468387715 49.500000000000007 24151.000000000004
decision_type=2 2 2 2
left_child=3 -2 -3 -1
right_child=1 2 -4 -5
leaf_value=-0.0016455123093358167 0.02444019626073252 -0.083711276962523562 0.0068435009160516484 0.048533519995627737
leaf_weight=21 20 18 13.999999999999998 19
leaf_count=21 20 18 14 19
internal_value=0 -0.0163571 -0.0429745 0.0212943
internal_weight=92 52 32 40
internal_count=92 52 32 40
is_linear=0
shrinkage=0.0562705


Tree=272
num_leaves=5
num_cat=0
split_feature=6 1 4 6
split_gain=9.34952 20.6747 50.6676 17.7662
threshold=-27.239583333333325 17.500000000000004 60.500000000000007 -10.881323529411761
decision_type=2 2 2 2
left_child=-1 -2 3 -3
right_child=1 2 -4 -5
leaf_value=0.040676701390221219 -0.052826788701142949 0 0.07205087672472088 -0.086894087691825661
leaf_weight=14.999999999999998 23 17 24 13.000000000000002
leaf_count=15 23 17 24 13
internal_value=0 -0.00788314 0.0105964 -0.0373735
internal_weight=92 77 54 30
internal_count=92 77 54 30
is_linear=0
shrinkage=0.0562705


Tree=273
num_leaves=6
num_cat=0
split_feature=4 1 3 2 2
split_gain=10.1783 44.7985 32.6241 24.4305 45.6137
threshold=45.500000000000007 17.500000000000004 13.500000000000002 27838.500000000004 24810.000000000004
decision_type=2 2 2 2 2
left_child=2 -2 -1 4 -3
right_child=1 3 -4 -5 -6
leaf_value=0.094845601583444947 -0.091285206481167835 -0.027061974443039833 -0.019782634025093577 -0.040431098289714036 0.11520431650433124
leaf_weight=12.999999999999998 17 13.000000000000002 19 14.999999999999998 14.999999999999998
leaf_count=13 17 13 19 15 15
internal_value=0 -0.0136311 0.025666 0.0162365 0.0478732
internal_weight=92 60 32 43 28
internal_count=92 60 32 43 28
is_linear=0
shrinkage=0.0562705


Tree=274
num_leaves=6
num_cat=0
split_feature=4 7 6 0 0
split_gain=10.5096 35.1483 32.1949 39.6161 15.2619
threshold=62.500000000000007 2175.9135911229901 -27.239583333333325 -141.66560654353876 -196.35031044176694
decision_type=2 2 2 2 2
left_child=1 -1 -3 4 -4
right_child=-2 2 3 -5 -6
leaf_value=0.093187244078406534 -0.041458705292687165 0.069942971184429756 -0.023157416544731881 -0.093316084174829672 0.056285127109871352
leaf_weight=12.999999999999998 15.999999999999998 12.999999999999998 17.999999999999996 19.000000000000007 12.999999999999998
leaf_count=13 16 13 18 19 13
internal_value=0 0.00871791 -0.00814386 -0.0291627 0.00900202
internal_weight=92 76 63 50 31
internal_count=92 76 63 50 31
is_linear=0
shrinkage=0.0562705


Tree=275
num_leaves=5
num_cat=0
split_feature=2 0 7 7
split_gain=10.2682 15.7876 20.4082 9.19453
threshold=26430.000000000004 -159.01823468387715 2783.8325846938556 4068.6405277686913
decision_type=2 2 2 2
left_child=3 -2 -3 -1
right_child=1 2 -4 -5
leaf_value=-0.0039210254796434359 0.021558555636097449 -0.095822257020296397 -0.0022769306122865898 0.048563845307947766
leaf_weight=20 20 12.999999999999998 19 20
leaf_count=20 20 13 19 20
internal_value=0 -0.0164958 -0.0413988 0.0214261
internal_weight=92 52 32 40
internal_count=92 52 32 40
is_linear=0
shrinkage=0.0562705


Tree=276
num_leaves=5
num_cat=0
split_feature=6 3 3 5
split_gain=9.91866 36.084 29.2918 17.8099
threshold=-10.881323529411761 5.5000000000000009 9.5000000000000018 14460.000000000002
decision_type=2 2 2 2
left_child=1 -1 -2 -3
right_child=2 3 -4 -5
leaf_value=-0.089703727811330375 0.087030810528893068 -0.031749677439605238 -0.017066869081770485 0.042335035236126813
leaf_weight=14.999999999999998 13.999999999999998 17 21 25
leaf_count=15 14 17 21 25
internal_value=0 -0.0145075 0.023549 0.0114957
internal_weight=92 57 35 42
internal_count=92 57 35 42
is_linear=0
shrinkage=0.0562705


Tree=277
num_leaves=6
num_cat=0
split_feature=7 6 0 0 3
split_gain=9.66184 23.7988 54.2103 28.0853 14.6722
threshold=6361.1621698388572 -12.698958333333332 -111.18516672972943 -154.88727264845215 10.500000000000002
decision_type=2 2 2 2 2
left_child=1 2 3 -1 -3
right_child=-2 4 -4 -5 -6
leaf_value=0.052065590271035148 -0.045002475321084978 0.0070787655420786891 0.13272488198777044 -0.062484918498192821 -0.060871129537744186
leaf_weight=12.999999999999998 12.999999999999998 21 13.000000000000002 13.999999999999998 18
leaf_count=13 13 21 13 14 18
internal_value=0 0.00734761 0.0381872 -0.00600465 -0.0233645
internal_weight=92 79 40 27 39
internal_count=92 79 40 27 39
is_linear=0
shrinkage=0.0562705


Tree=278
num_leaves=5
num_cat=0
split_feature=2 5 6 7
split_gain=10.3363 13.5009 18.5897 9.14088
threshold=26430.000000000004 15600.000000000002 -19.406249999999996 4068.6405277686913
decision_type=2 2 2 2
left_child=3 -2 -3 -1
right_child=1 2 -4 -5
leaf_value=-0.0038069194984567604 -0.056120984582867434 0.045850784450870478 -0.037171996898288644 0.048513682588215694
leaf_weight=20 18 17 17 20
leaf_count=20 18 17 17 20
internal_value=0 -0.0165892 0.00328614 0.0214581
internal_weight=92 52 34 40
internal_count=92 52 34 40
is_linear=0
shrinkage=0.0562705


Tree=279
num_leaves=5
num_cat=0
split_feature=6 4 2 6
split_gain=10.6359 35.0563 43.2957 29.995
threshold=-10.881323529411761 45.500000000000007 26970.000000000004 -5.567708333333333
decision_type=2 2 2 2
left_child=1 -1 -3 -2
right_child=3 2 -4 -5
leaf_value=0.044037045245453876 0.084957134911089957 -0.10434204819017108 0.016243922399296808 -0.019315032278694664
leaf_weight=20 14.999999999999998 20 17 20
leaf_count=20 15 20 17 20
internal_value=0 -0.0150585 -0.0479698 0.0243499
internal_weight=92 57 37 35
internal_count=92 57 37 35
is_linear=0
shrinkage=0.0562705


Tree=280
num_leaves=6
num_cat=0
split_feature=3 0 1 7 4
split_gain=9.41256 22.7721 15.1859 41.8985 2.93702
threshold=18.500000000000004 -106.8942349568121 18.500000000000004 3318.6267961802305 48.500000000000007
decision_type=2 2 2 2 2
left_child=1 2 3 -1 -2
right_child=4 -3 -4 -5 -6
leaf_value=0.11169037632388706 0.0064099070019030787 -0.056812507715806398 -0.0322713389736803 -0.024911203611581334 0.048107162822801114
leaf_weight=13.000000000000002 13.000000000000002 23 14.999999999999998 14.999999999999998 12.999999999999998
leaf_count=13 13 23 15 15 13
internal_value=0 -0.0113373 0.0121539 0.037232 0.0286359
internal_weight=92 66 43 28 26
internal_count=92 66 43 28 26
is_linear=0
shrinkage=0.0562705


Tree=281
num_leaves=6
num_cat=0
split_feature=2 0 0 0 5
split_gain=9.97862 16.0243 8.78662 6.84031 10.747
threshold=26430.000000000004 -136.85337066678679 -90.688894747255517 -196.35031044176694 12750.000000000002
decision_type=2 2 2 2 2
left_child=3 -2 -3 -1 -5
right_child=1 2 -4 4 -6
leaf_value=-0.0085742218844429927 -0.049059453819910795 0.044443585911707294 -0.018684561910058559 0.07465425157660846 0
leaf_weight=13.999999999999998 25 14.000000000000002 12.999999999999998 13.000000000000002 12.999999999999998
leaf_count=14 25 14 13 13 13
internal_value=0 -0.0162918 0.0127222 0.0210914 0.0384426
internal_weight=92 52 27 40 26
internal_count=92 52 27 40 26
is_linear=0
shrinkage=0.0562705


Tree=282
num_leaves=6
num_cat=0
split_feature=6 6 5 6 5
split_gain=9.82075 31.8424 35.6348 26.2571 8.79315
threshold=-10.881323529411761 -18.213541666666664 14460.000000000002 -5.567708333333333 17820.000000000004
decision_type=2 2 2 2 2
left_child=1 2 -1 -2 -4
right_child=3 -3 4 -5 -6
leaf_value=-0.061467871539093298 0.080139607624232764 -0.076656820503857248 0.085577238858917923 -0.017326487660671634 0.015933279130789652
leaf_weight=12.999999999999998 14.999999999999998 18 13.000000000000002 20 12.999999999999998
leaf_count=13 15 18 13 20 13
internal_value=0 -0.0144466 0.0133476 0.0234215 0.0521326
internal_weight=92 57 39 35 26
internal_count=92 57 39 35 26
is_linear=0
shrinkage=0.0562705


Tree=283
num_leaves=5
num_cat=0
split_feature=2 5 6 2
split_gain=9.78399 13.5686 35.8801 68.3103
threshold=29340.000000000004 12750.000000000002 -10.881323529411761 26970.000000000004
decision_type=2 2 2 2
left_child=1 -1 3 -3
right_child=-2 2 -4 -5
leaf_value=0.050758843044534659 -0.043351860470044745 -0.1145445840475985 0.046237140855057444 0.042148714972110868
leaf_weight=18 13.999999999999998 19 25 15.999999999999998
leaf_count=18 14 19 25 16
internal_value=0 0.00773629 -0.00457363 -0.0418902
internal_weight=92 78 60 35
internal_count=92 78 60 35
is_linear=0
shrinkage=0.0562705


Tree=284
num_leaves=6
num_cat=0
split_feature=2 6 5 4 5
split_gain=9.42889 19.9634 39.6008 21.1293 12.8605
threshold=27838.500000000004 -10.881323529411761 13050.000000000002 52.500000000000007 17010.000000000004
decision_type=2 2 2 2 2
left_child=1 2 -1 -3 -2
right_child=4 3 -4 -5 -6
leaf_value=0.060276366284387879 0.017429802338012196 0 -0.065325532375553524 0.10137948612844157 -0.052886764775963387
leaf_weight=12.999999999999998 12.999999999999998 13.000000000000002 20 12.999999999999998 20
leaf_count=13 13 13 20 13 20
internal_value=0 0.0134585 -0.0147608 0.0506527 -0.0241011
internal_weight=92 59 33 26 33
internal_count=92 59 33 26 33
is_linear=0
shrinkage=0.0562705


Tree=285
num_leaves=5
num_cat=0
split_feature=6 1 4 5
split_gain=9.14267 16.3511 47.0776 28.4777
threshold=-27.239583333333325 17.500000000000004 48.500000000000007 14580.000000000002
decision_type=2 2 2 2
left_child=-1 -2 -3 -4
right_child=1 2 3 -5
leaf_value=0.040198595248417943 -0.04779642179373382 -0.059152367580373115 -0.006329338721191527 0.095309803487314645
leaf_weight=14.999999999999998 23 20 14.999999999999998 19
leaf_count=15 23 20 15 19
internal_value=0 -0.00782116 0.00854218 0.0494158
internal_weight=92 77 54 34
internal_count=92 77 54 34
is_linear=0
shrinkage=0.0562705


Tree=286
num_leaves=6
num_cat=0
split_feature=4 7 6 0 6
split_gain=9.35713 31.8936 29.5904 31.3597 13.7662
threshold=62.500000000000007 2175.9135911229901 -27.239583333333325 -141.66560654353876 -9.5376659554291123
decision_type=2 2 2 2 2
left_child=1 -1 -3 4 -4
right_child=-2 2 3 -5 -6
leaf_value=0.088696181290736462 -0.039125723474193699 0.067009778635566133 0.040828445736198038 -0.085043464370889429 -0.034123682749128567
leaf_weight=12.999999999999998 15.999999999999998 12.999999999999998 16.999999999999996 19.000000000000007 13.999999999999998
leaf_count=13 16 13 17 19 14
internal_value=0 0.00821979 -0.00781803 -0.0279895 0.00582391
internal_weight=92 76 63 50 31
internal_count=92 76 63 50 31
is_linear=0
shrinkage=0.0562705


Tree=287
num_leaves=6
num_cat=0
split_feature=7 6 0 2 3
split_gain=9.22879 25.2288 48.6576 28.6046 12.6088
threshold=6361.1621698388572 -12.698958333333332 -111.18516672972943 27074.500000000004 10.500000000000002
decision_type=2 2 2 2 2
left_child=1 2 3 -1 -3
right_child=-2 4 -4 -5 -6
leaf_value=0.051599708065809845 -0.043947405320245471 0.0036077473161722187 0.1284767683381329 -0.064157346469305085 -0.059123837964533812
leaf_weight=13.999999999999998 12.999999999999998 21 13.000000000000002 12.999999999999998 18
leaf_count=14 13 21 13 13 18
internal_value=0 0.00721623 0.0389637 -0.00280885 -0.0244271
internal_weight=92 79 40 27 39
internal_count=92 79 40 27 39
is_linear=0
shrinkage=0.0562705


Tree=288
num_leaves=6
num_cat=0
split_feature=3 0 1 7 2
split_gain=9.54171 22.2146 14.024 37.3648 4.0589
threshold=18.500000000000004 -106.8942349568121 18.500000000000004 3318.6267961802305 27838.500000000004
decision_type=2 2 2 2 2
left_child=1 2 3 -1 -2
right_child=4 -3 -4 -5 -6
leaf_value=0.10625100258256681 0.051397149322939074 -0.056300922887552521 -0.030833094854346432 -0.022637086504299912 0.003567905196790574
leaf_weight=13.000000000000002 13.000000000000002 23 14.999999999999998 14.999999999999998 12.999999999999998
leaf_count=13 13 23 15 15 13
internal_value=0 -0.0113867 0.0118044 0.0359249 0.0288599
internal_weight=92 66 43 28 26
internal_count=92 66 43 28 26
is_linear=0
shrinkage=0.0562705


Tree=289
num_leaves=5
num_cat=0
split_feature=2 0 4 7
split_gain=8.72292 13.4761 18.1957 10.5649
threshold=26430.000000000004 -159.01823468387715 49.500000000000007 4068.6405277686913
decision_type=2 2 2 2
left_child=3 -2 -3 -1
right_child=1 2 -4 -5
leaf_value=-0.007648184178177587 0.019861080097232951 -0.075872592579407275 0.0075728800332455744 0.048925932031990811
leaf_weight=20 20 18 13.999999999999998 20
leaf_count=20 20 18 14 20
internal_value=0 -0.0152085 -0.0382461 0.0197436
internal_weight=92 52 32 40
internal_count=92 52 32 40
is_linear=0
shrinkage=0.0562705


Tree=290
num_leaves=6
num_cat=0
split_feature=3 6 6 3 6
split_gain=8.60809 20.0935 30.1317 12.8063 3.02632
threshold=18.500000000000004 -24.265624999999996 -12.698958333333332 9.5000000000000018 -17.447916666666661
decision_type=2 2 2 2 2
left_child=1 -1 -3 -4 -2
right_child=4 2 3 -5 -6
leaf_value=-0.059862642357447884 0.047086201570928458 0.071553861173641167 0.005709083625462328 -0.066027617060393673 0.0050276604650700465
leaf_weight=19 13.000000000000002 15.999999999999998 18.000000000000004 12.999999999999998 12.999999999999998
leaf_count=19 13 16 18 13 13
internal_value=0 -0.0107926 0.00828226 -0.0232189 0.0274343
internal_weight=92 66 47 31 26
internal_count=92 66 47 31 26
is_linear=0
shrinkage=0.0562705


Tree=291
num_leaves=6
num_cat=0
split_feature=4 7 6 6 3
split_gain=8.49433 27.0786 27.6314 28.6746 57.426
threshold=62.500000000000007 2175.9135911229901 -27.239583333333325 -17.447916666666661 12.500000000000002
decision_type=2 2 2 2 2
left_child=1 -1 -3 -4 -5
right_child=-2 2 3 4 -6
leaf_value=0.082059540221932015 -0.037210705888415851 0.06546715658862684 -0.078704301650996483 0.091649688064157186 -0.064158304050033435
leaf_weight=12.999999999999998 15.999999999999998 12.999999999999998 19.999999999999993 14.000000000000009 15.999999999999998
leaf_count=13 16 13 20 14 16
internal_value=0 0.00789901 -0.00683554 -0.0263505 0.00735841
internal_weight=92 76 63 50 30
internal_count=92 76 63 50 30
is_linear=0
shrinkage=0.0562705


Tree=292
num_leaves=6
num_cat=0
split_feature=3 0 1 7 2
split_gain=8.87743 19.9955 11.5492 31.6646 3.24942
threshold=18.500000000000004 -106.8942349568121 18.500000000000004 3318.6267961802305 27838.500000000004
decision_type=2 2 2 2 2
left_child=1 2 3 -1 -2
right_child=4 -3 -4 -5 -6
leaf_value=0.097762227568385651 0.048217979605039263 -0.053542920927996132 -0.027515527267916864 -0.020773727898493001 0.004827474053357061
leaf_weight=13.000000000000002 13.000000000000002 23 14.999999999999998 14.999999999999998 12.999999999999998
leaf_count=13 13 23 15 15 13
internal_value=0 -0.0109201 0.0110453 0.0329819 0.0279001
internal_weight=92 66 43 28 26
internal_count=92 66 43 28 26
is_linear=0
shrinkage=0.0562705


Tree=293
num_leaves=6
num_cat=0
split_feature=3 0 6 7 6
split_gain=7.95316 17.7689 10.4009 18.3839 2.74772
threshold=18.500000000000004 -106.8942349568121 -9.5376659554291123 4068.6405277686913 -17.447916666666661
decision_type=2 2 2 2 2
left_child=1 2 3 -1 -2
right_child=4 -3 -4 -5 -6
leaf_value=0.080468345904180394 0.04516667469064934 -0.050530035246118529 -0.026203380780826693 -0.009148226055491598 0.0048938887871539192
leaf_weight=13.000000000000002 13.000000000000002 23 14.999999999999998 14.999999999999998 12.999999999999998
leaf_count=13 13 23 15 15 13
internal_value=0 -0.0103362 0.0103301 0.0311805 0.0264076
internal_weight=92 66 43 28 26
internal_count=92 66 43 28 26
is_linear=0
shrinkage=0.0562705


Tree=294
num_leaves=5
num_cat=0
split_feature=2 1 6 6
split_gain=9.75265 33.1455 37.43 12.9262
threshold=27838.500000000004 17.500000000000004 -7.130208333333333 -19.406249999999996
decision_type=2 2 2 2
left_child=1 -1 -3 -2
right_child=3 2 -4 -5
leaf_value=-0.044258717427931193 0.0099615845412848406 0.095670249744042077 -0.013400206707200213 -0.0589475709194772
leaf_weight=20 15.999999999999998 21 18 17
leaf_count=20 16 21 18 17
internal_value=0 0.013747 0.0444118 -0.0244519
internal_weight=92 59 39 33
internal_count=92 59 39 33
is_linear=0
shrinkage=0.0562705


Tree=295
num_leaves=6
num_cat=0
split_feature=6 3 7 6 0
split_gain=8.84315 30.6288 26.4619 22.5338 10.3683
threshold=-10.881323529411761 5.5000000000000009 5241.4328057374614 -5.567708333333333 -127.64720333357278
decision_type=2 2 2 2 2
left_child=1 -1 4 -2 -3
right_child=3 2 -4 -5 -6
leaf_value=-0.082943168841786194 0.074842923589264865 0.0077481257845915539 -0.048552403106239587 -0.015344164634604363 0.080777907660817383
leaf_weight=14.999999999999998 14.999999999999998 13.999999999999998 14.999999999999998 20 13.000000000000002
leaf_count=15 15 14 15 20 13
internal_value=0 -0.0136498 0.0102453 0.0222843 0.044237
internal_weight=92 57 42 35 27
internal_count=92 57 42 35 27
is_linear=0
shrinkage=0.0562705


Tree=296
num_leaves=5
num_cat=0
split_feature=2 1 6 6
split_gain=9.35631 30.3776 34.1791 11.8777
threshold=27838.500000000004 17.500000000000004 -7.130208333333333 -19.406249999999996
decision_type=2 2 2 2
left_child=1 -1 -3 -2
right_child=3 2 -4 -5
leaf_value=-0.042046714779536025 0.0089160503943124768 0.091798300760608728 -0.012346624112476947 -0.057037105029617605
leaf_weight=20 15.999999999999998 21 18 17
leaf_count=20 16 21 18 17
internal_value=0 0.0134402 0.0428132 -0.0239746
internal_weight=92 59 39 33
internal_count=92 59 39 33
is_linear=0
shrinkage=0.0562705


Tree=297
num_leaves=5
num_cat=0
split_feature=6 3 7 3
split_gain=8.84765 28.4396 24.2972 21.302
threshold=-10.881323529411761 5.5000000000000009 4356.1848395851348 9.5000000000000018
decision_type=2 2 2 2
left_child=1 -1 -3 -2
right_child=3 2 -4 -5
leaf_value=-0.080444045069253664 0.076400100393846634 0.050789621743560394 -0.034516203099223493 -0.012118486888502833
leaf_weight=14.999999999999998 13.999999999999998 22 20 21
leaf_count=15 14 22 20 21
internal_value=0 -0.0136774 0.00931517 0.0222658
internal_weight=92 57 42 35
internal_count=92 57 42 35
is_linear=0
shrinkage=0.0562705


Tree=298
num_leaves=5
num_cat=0
split_feature=2 1 6 6
split_gain=8.35577 27.3181 32.1267 10.9033
threshold=27838.500000000004 17.500000000000004 -7.130208333333333 -19.406249999999996
decision_type=2 2 2 2
left_child=1 -1 -3 -2
right_child=3 2 -4 -5
leaf_value=-0.039916132377220928 0.008741068741126734 0.08805080562921308 -0.012907008551203957 -0.054398391274461506
leaf_weight=20 15.999999999999998 21 18 17
leaf_count=20 16 21 18 17
internal_value=0 0.0126576 0.0405367 -0.0227002
internal_weight=92 59 39 33
internal_count=92 59 39 33
is_linear=0
shrinkage=0.0562705


Tree=299
num_leaves=6
num_cat=0
split_feature=6 6 5 6 5
split_gain=8.84317 27.4505 36.0247 20.7521 5.69803
threshold=-10.881323529411761 -18.213541666666664 14460.000000000002 -5.567708333333333 17820.000000000004
decision_type=2 2 2 2 2
left_child=1 2 -1 -2 -4
right_child=3 -3 4 -5 -6
leaf_value=-0.063233103674624563 0.072649311730231356 -0.071490827074749616 0.078518188287476545 -0.013815182931704729 0.020807617120412868
leaf_weight=12.999999999999998 14.999999999999998 18 13.000000000000002 20 12.999999999999998
leaf_count=13 15 18 13 20 13
internal_value=0 -0.0137161 0.0120309 0.0222179 0.0510403
internal_weight=92 57 39 35 26
internal_count=92 57 39 35 26
is_linear=0
shrinkage=0.0562705


end of trees

feature_importances:
Column_0=283
Column_6=244
Column_2=175
Column_7=175
Column_5=147
Column_3=140
Column_4=122
Column_1=70

parameters:
[boosting: gbdt]
[objective: regression]
[metric: l1]
[tree_learner: serial]
[device_type: cpu]
[data_sample_strategy: bagging]
[data: ]
[valid: ]
[num_iterations: 300]
[learning_rate: 0.0562705]
[num_leaves: 138]
[num_threads: -1]
[seed: 0]
[deterministic: 0]
[force_col_wise: 0]
[force_row_wise: 0]
[histogram_pool_size: -1]
[max_depth: 7]
[min_data_in_leaf: 13]
[min_sum_hessian_in_leaf: 0.001]
[bagging_fraction: 0.713175]
[pos_bagging_fraction: 1]
[neg_bagging_fraction: 1]
[bagging_freq: 0]
[bagging_seed: 3]
[bagging_by_query: 0]
[feature_fraction: 0.872858]
[feature_fraction_bynode: 1]
[feature_fraction_seed: 2]
[extra_trees: 0]
[extra_seed: 6]
[early_stopping_round: 0]
[early_stopping_min_delta: 0]
[first_metric_only: 0]
[max_delta_step: 0]
[lambda_l1: 0.636404]
[lambda_l2: 8.18451e-06]
[linear_lambda: 0]
[min_gain_to_split: 0]
[drop_rate: 0.1]
[max_drop: 50]
[skip_drop: 0.5]
[xgboost_dart_mode: 0]
[uniform_drop: 0]
[drop_seed: 4]
[top_rate: 0.2]
[other_rate: 0.1]
[min_data_per_group: 100]
[max_cat_threshold: 32]
[cat_l2: 10]
[cat_smooth: 10]
[max_cat_to_onehot: 4]
[top_k: 20]
[monotone_constraints: ]
[monotone_constraints_method: basic]
[monotone_penalty: 0]
[feature_contri: ]
[forcedsplits_filename: ]
[refit_decay_rate: 0.9]
[cegb_tradeoff: 1]
[cegb_penalty_split: 0]
[cegb_penalty_feature_lazy: ]
[cegb_penalty_feature_coupled: ]
[path_smooth: 0]
[interaction_constraints: ]
[verbosity: -1]
[saved_feature_importance_type: 0]
[use_quantized_grad: 0]
[num_grad_quant_bins: 4]
[quant_train_renew_leaf: 0]
[stochastic_rounding: 1]
[linear_tree: 0]
[max_bin: 255]
[max_bin_by_feature: ]
[min_data_in_bin: 3]
[bin_construct_sample_cnt: 200000]
[data_random_seed: 1]
[is_enable_sparse: 1]
[enable_bundle: 1]
[use_missing: 1]
[zero_as_missing: 0]
[feature_pre_filter: 1]
[pre_partition: 0]
[two_round: 0]
[header: 0]
[label_column: ]
[weight_column: ]
[group_column: ]
[ignore_column: ]
[categorical_feature: ]
[forcedbins_filename: ]
[precise_float_parser: 0]
[parser_config_file: ]
[objective_seed: 5]
[num_class: 1]
[is_unbalance: 0]
[scale_pos_weight: 1]
[sigmoid: 1]
[boost_from_average: 1]
[reg_sqrt: 0]
[alpha: 0.9]
[fair_c: 1]
[poisson_max_delta_step: 0.7]
[tweedie_variance_power: 1.5]
[lambdarank_truncation_level: 30]
[lambdarank_norm: 1]
[label_gain: ]
[lambdarank_position_bias_regularization: 0]
[eval_at: ]
[multi_error_top_k: 1]
[auc_mu_weights: ]
[num_machines: 1]
[local_listen_port: 12400]
[time_out: 120]
[machine_list_filename: ]
[machines: ]
[gpu_platform_id: -1]
[gpu_device_id: -1]
[gpu_use_dp: 0]
[num_gpu: 1]

end of parameters

pandas_categorical:null
